ISO-10303-21;
HEADER;
/* Generated by software containing ST-Developer
 * from STEP Tools, Inc. (www.steptools.com) 
 */

FILE_DESCRIPTION(
/* description */ (''),
/* implementation_level */ '2;1');

FILE_NAME(
/* name */ 'C:/Users/UK/Downloads/Neopixel Ring 24 v13.step',
/* time_stamp */ '2021-08-21T23:51:02+03:00',
/* author */ (''),
/* organization */ (''),
/* preprocessor_version */ 'ST-DEVELOPER v18.1',
/* originating_system */ 'Autodesk Translation Framework v10.9.0.1377',

/* authorisation */ '');

FILE_SCHEMA (('AUTOMOTIVE_DESIGN { 1 0 10303 214 3 1 1 }'));
ENDSEC;

DATA;
#10=MECHANICAL_DESIGN_GEOMETRIC_PRESENTATION_REPRESENTATION('',(#13,#14,
#15,#16,#17,#18,#19,#20,#21,#22,#23,#24,#25,#26,#27,#28,#29,#30,#31,#32,
#33,#34,#35,#36,#37,#38,#39,#40,#41,#42,#43,#44,#45,#46,#47,#48,#49,#50,
#51,#52,#53,#54,#55,#56,#57,#58,#59,#60,#61,#62),#7602);
#11=SHAPE_REPRESENTATION_RELATIONSHIP('SRR','None',#7609,#12);
#12=ADVANCED_BREP_SHAPE_REPRESENTATION('',(#63,#64,#65,#66,#67,#68,#69,
#70,#71,#72,#73,#74,#75,#76,#77,#78,#79,#80,#81,#82,#83,#84,#85,#86,#87,
#88,#89,#90,#91,#92,#93,#94,#95,#96,#97,#98,#99,#100,#101,#102,#103,#104,
#105,#106,#107,#108,#109,#110,#111,#112),#7601);
#13=STYLED_ITEM('',(#7618),#63);
#14=STYLED_ITEM('',(#7619),#64);
#15=STYLED_ITEM('',(#7619),#65);
#16=STYLED_ITEM('',(#7619),#66);
#17=STYLED_ITEM('',(#7619),#67);
#18=STYLED_ITEM('',(#7619),#68);
#19=STYLED_ITEM('',(#7619),#69);
#20=STYLED_ITEM('',(#7619),#70);
#21=STYLED_ITEM('',(#7619),#71);
#22=STYLED_ITEM('',(#7619),#72);
#23=STYLED_ITEM('',(#7619),#73);
#24=STYLED_ITEM('',(#7619),#74);
#25=STYLED_ITEM('',(#7619),#75);
#26=STYLED_ITEM('',(#7619),#76);
#27=STYLED_ITEM('',(#7619),#77);
#28=STYLED_ITEM('',(#7619),#78);
#29=STYLED_ITEM('',(#7619),#79);
#30=STYLED_ITEM('',(#7619),#80);
#31=STYLED_ITEM('',(#7619),#81);
#32=STYLED_ITEM('',(#7619),#82);
#33=STYLED_ITEM('',(#7619),#83);
#34=STYLED_ITEM('',(#7619),#84);
#35=STYLED_ITEM('',(#7619),#85);
#36=STYLED_ITEM('',(#7619),#86);
#37=STYLED_ITEM('',(#7619),#87);
#38=STYLED_ITEM('',(#7618),#88);
#39=STYLED_ITEM('',(#7618),#89);
#40=STYLED_ITEM('',(#7618),#90);
#41=STYLED_ITEM('',(#7618),#91);
#42=STYLED_ITEM('',(#7618),#92);
#43=STYLED_ITEM('',(#7618),#93);
#44=STYLED_ITEM('',(#7618),#94);
#45=STYLED_ITEM('',(#7618),#95);
#46=STYLED_ITEM('',(#7618),#96);
#47=STYLED_ITEM('',(#7618),#97);
#48=STYLED_ITEM('',(#7618),#98);
#49=STYLED_ITEM('',(#7618),#99);
#50=STYLED_ITEM('',(#7618),#100);
#51=STYLED_ITEM('',(#7618),#101);
#52=STYLED_ITEM('',(#7618),#102);
#53=STYLED_ITEM('',(#7618),#103);
#54=STYLED_ITEM('',(#7618),#104);
#55=STYLED_ITEM('',(#7618),#105);
#56=STYLED_ITEM('',(#7618),#106);
#57=STYLED_ITEM('',(#7618),#107);
#58=STYLED_ITEM('',(#7618),#108);
#59=STYLED_ITEM('',(#7618),#109);
#60=STYLED_ITEM('',(#7618),#110);
#61=STYLED_ITEM('',(#7618),#111);
#62=STYLED_ITEM('',(#7618),#112);
#63=MANIFOLD_SOLID_BREP('PCB',#4717);
#64=MANIFOLD_SOLID_BREP('LED',#4718);
#65=MANIFOLD_SOLID_BREP('LED (1)',#4719);
#66=MANIFOLD_SOLID_BREP('LED (2)',#4720);
#67=MANIFOLD_SOLID_BREP('LED (3)',#4721);
#68=MANIFOLD_SOLID_BREP('LED (4)',#4722);
#69=MANIFOLD_SOLID_BREP('LED (5)',#4723);
#70=MANIFOLD_SOLID_BREP('LED (6)',#4724);
#71=MANIFOLD_SOLID_BREP('LED (7)',#4725);
#72=MANIFOLD_SOLID_BREP('LED (8)',#4726);
#73=MANIFOLD_SOLID_BREP('LED (9)',#4727);
#74=MANIFOLD_SOLID_BREP('LED (10)',#4728);
#75=MANIFOLD_SOLID_BREP('LED (11)',#4729);
#76=MANIFOLD_SOLID_BREP('LED (12)',#4730);
#77=MANIFOLD_SOLID_BREP('LED (13)',#4731);
#78=MANIFOLD_SOLID_BREP('LED (14)',#4732);
#79=MANIFOLD_SOLID_BREP('LED (15)',#4733);
#80=MANIFOLD_SOLID_BREP('LED (16)',#4734);
#81=MANIFOLD_SOLID_BREP('LED (17)',#4735);
#82=MANIFOLD_SOLID_BREP('LED (18)',#4736);
#83=MANIFOLD_SOLID_BREP('LED (19)',#4737);
#84=MANIFOLD_SOLID_BREP('LED (20)',#4738);
#85=MANIFOLD_SOLID_BREP('LED (21)',#4739);
#86=MANIFOLD_SOLID_BREP('LED (22)',#4740);
#87=MANIFOLD_SOLID_BREP('LED (23)',#4741);
#88=MANIFOLD_SOLID_BREP('Resistor',#4742);
#89=MANIFOLD_SOLID_BREP('Resistor (1)',#4743);
#90=MANIFOLD_SOLID_BREP('Resistor (2)',#4744);
#91=MANIFOLD_SOLID_BREP('Resistor (3)',#4745);
#92=MANIFOLD_SOLID_BREP('Resistor (4)',#4746);
#93=MANIFOLD_SOLID_BREP('Resistor (5)',#4747);
#94=MANIFOLD_SOLID_BREP('Resistor (7)',#4748);
#95=MANIFOLD_SOLID_BREP('Resistor (8)',#4749);
#96=MANIFOLD_SOLID_BREP('Resistor (9)',#4750);
#97=MANIFOLD_SOLID_BREP('Resistor (10)',#4751);
#98=MANIFOLD_SOLID_BREP('Resistor (11)',#4752);
#99=MANIFOLD_SOLID_BREP('Resistor (12)',#4753);
#100=MANIFOLD_SOLID_BREP('Resistor (13)',#4754);
#101=MANIFOLD_SOLID_BREP('Resistor (14)',#4755);
#102=MANIFOLD_SOLID_BREP('Resistor (15)',#4756);
#103=MANIFOLD_SOLID_BREP('Resistor (16)',#4757);
#104=MANIFOLD_SOLID_BREP('Resistor (17)',#4758);
#105=MANIFOLD_SOLID_BREP('Resistor (19)',#4759);
#106=MANIFOLD_SOLID_BREP('Resistor (20)',#4760);
#107=MANIFOLD_SOLID_BREP('Resistor (21)',#4761);
#108=MANIFOLD_SOLID_BREP('Resistor (22)',#4762);
#109=MANIFOLD_SOLID_BREP('Resistor (23)',#4763);
#110=MANIFOLD_SOLID_BREP('Pin1',#4764);
#111=MANIFOLD_SOLID_BREP('Pin2',#4765);
#112=MANIFOLD_SOLID_BREP('Pin3',#4766);
#113=FACE_BOUND('',#720,.T.);
#114=FACE_BOUND('',#721,.T.);
#115=FACE_BOUND('',#722,.T.);
#116=FACE_BOUND('',#724,.T.);
#117=FACE_BOUND('',#725,.T.);
#118=FACE_BOUND('',#726,.T.);
#119=PLANE('',#4792);
#120=PLANE('',#4793);
#121=PLANE('',#4794);
#122=PLANE('',#4795);
#123=PLANE('',#4796);
#124=PLANE('',#4797);
#125=PLANE('',#4798);
#126=PLANE('',#4799);
#127=PLANE('',#4800);
#128=PLANE('',#4801);
#129=PLANE('',#4802);
#130=PLANE('',#4803);
#131=PLANE('',#4804);
#132=PLANE('',#4805);
#133=PLANE('',#4806);
#134=PLANE('',#4807);
#135=PLANE('',#4808);
#136=PLANE('',#4809);
#137=PLANE('',#4810);
#138=PLANE('',#4811);
#139=PLANE('',#4812);
#140=PLANE('',#4813);
#141=PLANE('',#4814);
#142=PLANE('',#4815);
#143=PLANE('',#4816);
#144=PLANE('',#4817);
#145=PLANE('',#4818);
#146=PLANE('',#4819);
#147=PLANE('',#4820);
#148=PLANE('',#4821);
#149=PLANE('',#4822);
#150=PLANE('',#4823);
#151=PLANE('',#4824);
#152=PLANE('',#4825);
#153=PLANE('',#4826);
#154=PLANE('',#4827);
#155=PLANE('',#4828);
#156=PLANE('',#4829);
#157=PLANE('',#4830);
#158=PLANE('',#4831);
#159=PLANE('',#4832);
#160=PLANE('',#4833);
#161=PLANE('',#4834);
#162=PLANE('',#4835);
#163=PLANE('',#4836);
#164=PLANE('',#4837);
#165=PLANE('',#4838);
#166=PLANE('',#4839);
#167=PLANE('',#4840);
#168=PLANE('',#4841);
#169=PLANE('',#4842);
#170=PLANE('',#4843);
#171=PLANE('',#4844);
#172=PLANE('',#4845);
#173=PLANE('',#4846);
#174=PLANE('',#4847);
#175=PLANE('',#4848);
#176=PLANE('',#4849);
#177=PLANE('',#4850);
#178=PLANE('',#4851);
#179=PLANE('',#4852);
#180=PLANE('',#4853);
#181=PLANE('',#4854);
#182=PLANE('',#4855);
#183=PLANE('',#4856);
#184=PLANE('',#4857);
#185=PLANE('',#4858);
#186=PLANE('',#4859);
#187=PLANE('',#4860);
#188=PLANE('',#4861);
#189=PLANE('',#4862);
#190=PLANE('',#4863);
#191=PLANE('',#4864);
#192=PLANE('',#4865);
#193=PLANE('',#4866);
#194=PLANE('',#4867);
#195=PLANE('',#4868);
#196=PLANE('',#4869);
#197=PLANE('',#4870);
#198=PLANE('',#4871);
#199=PLANE('',#4872);
#200=PLANE('',#4873);
#201=PLANE('',#4874);
#202=PLANE('',#4875);
#203=PLANE('',#4876);
#204=PLANE('',#4877);
#205=PLANE('',#4878);
#206=PLANE('',#4879);
#207=PLANE('',#4880);
#208=PLANE('',#4881);
#209=PLANE('',#4882);
#210=PLANE('',#4883);
#211=PLANE('',#4884);
#212=PLANE('',#4885);
#213=PLANE('',#4886);
#214=PLANE('',#4887);
#215=PLANE('',#4888);
#216=PLANE('',#4889);
#217=PLANE('',#4890);
#218=PLANE('',#4891);
#219=PLANE('',#4892);
#220=PLANE('',#4893);
#221=PLANE('',#4894);
#222=PLANE('',#4895);
#223=PLANE('',#4896);
#224=PLANE('',#4897);
#225=PLANE('',#4898);
#226=PLANE('',#4899);
#227=PLANE('',#4900);
#228=PLANE('',#4901);
#229=PLANE('',#4902);
#230=PLANE('',#4903);
#231=PLANE('',#4904);
#232=PLANE('',#4905);
#233=PLANE('',#4906);
#234=PLANE('',#4907);
#235=PLANE('',#4908);
#236=PLANE('',#4909);
#237=PLANE('',#4910);
#238=PLANE('',#4911);
#239=PLANE('',#4912);
#240=PLANE('',#4913);
#241=PLANE('',#4914);
#242=PLANE('',#4915);
#243=PLANE('',#4916);
#244=PLANE('',#4917);
#245=PLANE('',#4918);
#246=PLANE('',#4919);
#247=PLANE('',#4920);
#248=PLANE('',#4921);
#249=PLANE('',#4922);
#250=PLANE('',#4923);
#251=PLANE('',#4924);
#252=PLANE('',#4925);
#253=PLANE('',#4926);
#254=PLANE('',#4927);
#255=PLANE('',#4928);
#256=PLANE('',#4929);
#257=PLANE('',#4930);
#258=PLANE('',#4931);
#259=PLANE('',#4932);
#260=PLANE('',#4933);
#261=PLANE('',#4934);
#262=PLANE('',#4935);
#263=PLANE('',#4936);
#264=PLANE('',#4937);
#265=PLANE('',#4938);
#266=PLANE('',#4939);
#267=PLANE('',#4940);
#268=PLANE('',#4941);
#269=PLANE('',#4942);
#270=PLANE('',#4943);
#271=PLANE('',#4944);
#272=PLANE('',#4945);
#273=PLANE('',#4946);
#274=PLANE('',#4947);
#275=PLANE('',#4948);
#276=PLANE('',#4949);
#277=PLANE('',#4950);
#278=PLANE('',#4951);
#279=PLANE('',#4952);
#280=PLANE('',#4953);
#281=PLANE('',#4954);
#282=PLANE('',#4955);
#283=PLANE('',#4956);
#284=PLANE('',#4957);
#285=PLANE('',#4958);
#286=PLANE('',#4959);
#287=PLANE('',#4960);
#288=PLANE('',#4961);
#289=PLANE('',#4962);
#290=PLANE('',#4963);
#291=PLANE('',#4964);
#292=PLANE('',#4965);
#293=PLANE('',#4966);
#294=PLANE('',#4967);
#295=PLANE('',#4968);
#296=PLANE('',#4969);
#297=PLANE('',#4970);
#298=PLANE('',#4971);
#299=PLANE('',#4972);
#300=PLANE('',#4973);
#301=PLANE('',#4974);
#302=PLANE('',#4975);
#303=PLANE('',#4976);
#304=PLANE('',#4977);
#305=PLANE('',#4978);
#306=PLANE('',#4979);
#307=PLANE('',#4980);
#308=PLANE('',#4981);
#309=PLANE('',#4982);
#310=PLANE('',#4983);
#311=PLANE('',#4984);
#312=PLANE('',#4985);
#313=PLANE('',#4986);
#314=PLANE('',#4987);
#315=PLANE('',#4988);
#316=PLANE('',#4989);
#317=PLANE('',#4990);
#318=PLANE('',#4991);
#319=PLANE('',#4992);
#320=PLANE('',#4993);
#321=PLANE('',#4994);
#322=PLANE('',#4995);
#323=PLANE('',#4996);
#324=PLANE('',#4997);
#325=PLANE('',#4998);
#326=PLANE('',#4999);
#327=PLANE('',#5000);
#328=PLANE('',#5001);
#329=PLANE('',#5002);
#330=PLANE('',#5003);
#331=PLANE('',#5004);
#332=PLANE('',#5005);
#333=PLANE('',#5006);
#334=PLANE('',#5007);
#335=PLANE('',#5008);
#336=PLANE('',#5009);
#337=PLANE('',#5010);
#338=PLANE('',#5011);
#339=PLANE('',#5012);
#340=PLANE('',#5013);
#341=PLANE('',#5014);
#342=PLANE('',#5015);
#343=PLANE('',#5016);
#344=PLANE('',#5017);
#345=PLANE('',#5018);
#346=PLANE('',#5019);
#347=PLANE('',#5020);
#348=PLANE('',#5021);
#349=PLANE('',#5022);
#350=PLANE('',#5023);
#351=PLANE('',#5024);
#352=PLANE('',#5025);
#353=PLANE('',#5026);
#354=PLANE('',#5027);
#355=PLANE('',#5028);
#356=PLANE('',#5029);
#357=PLANE('',#5030);
#358=PLANE('',#5031);
#359=PLANE('',#5032);
#360=PLANE('',#5033);
#361=PLANE('',#5034);
#362=PLANE('',#5035);
#363=PLANE('',#5036);
#364=PLANE('',#5037);
#365=PLANE('',#5038);
#366=PLANE('',#5039);
#367=PLANE('',#5040);
#368=PLANE('',#5041);
#369=PLANE('',#5042);
#370=PLANE('',#5043);
#371=PLANE('',#5044);
#372=PLANE('',#5045);
#373=PLANE('',#5046);
#374=PLANE('',#5047);
#375=PLANE('',#5048);
#376=PLANE('',#5049);
#377=PLANE('',#5050);
#378=PLANE('',#5051);
#379=PLANE('',#5052);
#380=PLANE('',#5053);
#381=PLANE('',#5054);
#382=PLANE('',#5055);
#383=PLANE('',#5056);
#384=PLANE('',#5057);
#385=PLANE('',#5058);
#386=PLANE('',#5059);
#387=PLANE('',#5060);
#388=PLANE('',#5061);
#389=PLANE('',#5062);
#390=PLANE('',#5063);
#391=PLANE('',#5064);
#392=PLANE('',#5065);
#393=PLANE('',#5066);
#394=PLANE('',#5067);
#395=PLANE('',#5068);
#396=PLANE('',#5069);
#397=PLANE('',#5070);
#398=PLANE('',#5071);
#399=PLANE('',#5072);
#400=PLANE('',#5073);
#401=PLANE('',#5074);
#402=PLANE('',#5075);
#403=PLANE('',#5076);
#404=PLANE('',#5077);
#405=PLANE('',#5078);
#406=PLANE('',#5079);
#407=PLANE('',#5080);
#408=PLANE('',#5081);
#409=PLANE('',#5082);
#410=PLANE('',#5083);
#411=PLANE('',#5084);
#412=PLANE('',#5085);
#413=PLANE('',#5086);
#414=PLANE('',#5087);
#415=FACE_OUTER_BOUND('',#715,.T.);
#416=FACE_OUTER_BOUND('',#716,.T.);
#417=FACE_OUTER_BOUND('',#717,.T.);
#418=FACE_OUTER_BOUND('',#718,.T.);
#419=FACE_OUTER_BOUND('',#719,.T.);
#420=FACE_OUTER_BOUND('',#723,.T.);
#421=FACE_OUTER_BOUND('',#727,.T.);
#422=FACE_OUTER_BOUND('',#728,.T.);
#423=FACE_OUTER_BOUND('',#729,.T.);
#424=FACE_OUTER_BOUND('',#730,.T.);
#425=FACE_OUTER_BOUND('',#731,.T.);
#426=FACE_OUTER_BOUND('',#732,.T.);
#427=FACE_OUTER_BOUND('',#733,.T.);
#428=FACE_OUTER_BOUND('',#734,.T.);
#429=FACE_OUTER_BOUND('',#735,.T.);
#430=FACE_OUTER_BOUND('',#736,.T.);
#431=FACE_OUTER_BOUND('',#737,.T.);
#432=FACE_OUTER_BOUND('',#738,.T.);
#433=FACE_OUTER_BOUND('',#739,.T.);
#434=FACE_OUTER_BOUND('',#740,.T.);
#435=FACE_OUTER_BOUND('',#741,.T.);
#436=FACE_OUTER_BOUND('',#742,.T.);
#437=FACE_OUTER_BOUND('',#743,.T.);
#438=FACE_OUTER_BOUND('',#744,.T.);
#439=FACE_OUTER_BOUND('',#745,.T.);
#440=FACE_OUTER_BOUND('',#746,.T.);
#441=FACE_OUTER_BOUND('',#747,.T.);
#442=FACE_OUTER_BOUND('',#748,.T.);
#443=FACE_OUTER_BOUND('',#749,.T.);
#444=FACE_OUTER_BOUND('',#750,.T.);
#445=FACE_OUTER_BOUND('',#751,.T.);
#446=FACE_OUTER_BOUND('',#752,.T.);
#447=FACE_OUTER_BOUND('',#753,.T.);
#448=FACE_OUTER_BOUND('',#754,.T.);
#449=FACE_OUTER_BOUND('',#755,.T.);
#450=FACE_OUTER_BOUND('',#756,.T.);
#451=FACE_OUTER_BOUND('',#757,.T.);
#452=FACE_OUTER_BOUND('',#758,.T.);
#453=FACE_OUTER_BOUND('',#759,.T.);
#454=FACE_OUTER_BOUND('',#760,.T.);
#455=FACE_OUTER_BOUND('',#761,.T.);
#456=FACE_OUTER_BOUND('',#762,.T.);
#457=FACE_OUTER_BOUND('',#763,.T.);
#458=FACE_OUTER_BOUND('',#764,.T.);
#459=FACE_OUTER_BOUND('',#765,.T.);
#460=FACE_OUTER_BOUND('',#766,.T.);
#461=FACE_OUTER_BOUND('',#767,.T.);
#462=FACE_OUTER_BOUND('',#768,.T.);
#463=FACE_OUTER_BOUND('',#769,.T.);
#464=FACE_OUTER_BOUND('',#770,.T.);
#465=FACE_OUTER_BOUND('',#771,.T.);
#466=FACE_OUTER_BOUND('',#772,.T.);
#467=FACE_OUTER_BOUND('',#773,.T.);
#468=FACE_OUTER_BOUND('',#774,.T.);
#469=FACE_OUTER_BOUND('',#775,.T.);
#470=FACE_OUTER_BOUND('',#776,.T.);
#471=FACE_OUTER_BOUND('',#777,.T.);
#472=FACE_OUTER_BOUND('',#778,.T.);
#473=FACE_OUTER_BOUND('',#779,.T.);
#474=FACE_OUTER_BOUND('',#780,.T.);
#475=FACE_OUTER_BOUND('',#781,.T.);
#476=FACE_OUTER_BOUND('',#782,.T.);
#477=FACE_OUTER_BOUND('',#783,.T.);
#478=FACE_OUTER_BOUND('',#784,.T.);
#479=FACE_OUTER_BOUND('',#785,.T.);
#480=FACE_OUTER_BOUND('',#786,.T.);
#481=FACE_OUTER_BOUND('',#787,.T.);
#482=FACE_OUTER_BOUND('',#788,.T.);
#483=FACE_OUTER_BOUND('',#789,.T.);
#484=FACE_OUTER_BOUND('',#790,.T.);
#485=FACE_OUTER_BOUND('',#791,.T.);
#486=FACE_OUTER_BOUND('',#792,.T.);
#487=FACE_OUTER_BOUND('',#793,.T.);
#488=FACE_OUTER_BOUND('',#794,.T.);
#489=FACE_OUTER_BOUND('',#795,.T.);
#490=FACE_OUTER_BOUND('',#796,.T.);
#491=FACE_OUTER_BOUND('',#797,.T.);
#492=FACE_OUTER_BOUND('',#798,.T.);
#493=FACE_OUTER_BOUND('',#799,.T.);
#494=FACE_OUTER_BOUND('',#800,.T.);
#495=FACE_OUTER_BOUND('',#801,.T.);
#496=FACE_OUTER_BOUND('',#802,.T.);
#497=FACE_OUTER_BOUND('',#803,.T.);
#498=FACE_OUTER_BOUND('',#804,.T.);
#499=FACE_OUTER_BOUND('',#805,.T.);
#500=FACE_OUTER_BOUND('',#806,.T.);
#501=FACE_OUTER_BOUND('',#807,.T.);
#502=FACE_OUTER_BOUND('',#808,.T.);
#503=FACE_OUTER_BOUND('',#809,.T.);
#504=FACE_OUTER_BOUND('',#810,.T.);
#505=FACE_OUTER_BOUND('',#811,.T.);
#506=FACE_OUTER_BOUND('',#812,.T.);
#507=FACE_OUTER_BOUND('',#813,.T.);
#508=FACE_OUTER_BOUND('',#814,.T.);
#509=FACE_OUTER_BOUND('',#815,.T.);
#510=FACE_OUTER_BOUND('',#816,.T.);
#511=FACE_OUTER_BOUND('',#817,.T.);
#512=FACE_OUTER_BOUND('',#818,.T.);
#513=FACE_OUTER_BOUND('',#819,.T.);
#514=FACE_OUTER_BOUND('',#820,.T.);
#515=FACE_OUTER_BOUND('',#821,.T.);
#516=FACE_OUTER_BOUND('',#822,.T.);
#517=FACE_OUTER_BOUND('',#823,.T.);
#518=FACE_OUTER_BOUND('',#824,.T.);
#519=FACE_OUTER_BOUND('',#825,.T.);
#520=FACE_OUTER_BOUND('',#826,.T.);
#521=FACE_OUTER_BOUND('',#827,.T.);
#522=FACE_OUTER_BOUND('',#828,.T.);
#523=FACE_OUTER_BOUND('',#829,.T.);
#524=FACE_OUTER_BOUND('',#830,.T.);
#525=FACE_OUTER_BOUND('',#831,.T.);
#526=FACE_OUTER_BOUND('',#832,.T.);
#527=FACE_OUTER_BOUND('',#833,.T.);
#528=FACE_OUTER_BOUND('',#834,.T.);
#529=FACE_OUTER_BOUND('',#835,.T.);
#530=FACE_OUTER_BOUND('',#836,.T.);
#531=FACE_OUTER_BOUND('',#837,.T.);
#532=FACE_OUTER_BOUND('',#838,.T.);
#533=FACE_OUTER_BOUND('',#839,.T.);
#534=FACE_OUTER_BOUND('',#840,.T.);
#535=FACE_OUTER_BOUND('',#841,.T.);
#536=FACE_OUTER_BOUND('',#842,.T.);
#537=FACE_OUTER_BOUND('',#843,.T.);
#538=FACE_OUTER_BOUND('',#844,.T.);
#539=FACE_OUTER_BOUND('',#845,.T.);
#540=FACE_OUTER_BOUND('',#846,.T.);
#541=FACE_OUTER_BOUND('',#847,.T.);
#542=FACE_OUTER_BOUND('',#848,.T.);
#543=FACE_OUTER_BOUND('',#849,.T.);
#544=FACE_OUTER_BOUND('',#850,.T.);
#545=FACE_OUTER_BOUND('',#851,.T.);
#546=FACE_OUTER_BOUND('',#852,.T.);
#547=FACE_OUTER_BOUND('',#853,.T.);
#548=FACE_OUTER_BOUND('',#854,.T.);
#549=FACE_OUTER_BOUND('',#855,.T.);
#550=FACE_OUTER_BOUND('',#856,.T.);
#551=FACE_OUTER_BOUND('',#857,.T.);
#552=FACE_OUTER_BOUND('',#858,.T.);
#553=FACE_OUTER_BOUND('',#859,.T.);
#554=FACE_OUTER_BOUND('',#860,.T.);
#555=FACE_OUTER_BOUND('',#861,.T.);
#556=FACE_OUTER_BOUND('',#862,.T.);
#557=FACE_OUTER_BOUND('',#863,.T.);
#558=FACE_OUTER_BOUND('',#864,.T.);
#559=FACE_OUTER_BOUND('',#865,.T.);
#560=FACE_OUTER_BOUND('',#866,.T.);
#561=FACE_OUTER_BOUND('',#867,.T.);
#562=FACE_OUTER_BOUND('',#868,.T.);
#563=FACE_OUTER_BOUND('',#869,.T.);
#564=FACE_OUTER_BOUND('',#870,.T.);
#565=FACE_OUTER_BOUND('',#871,.T.);
#566=FACE_OUTER_BOUND('',#872,.T.);
#567=FACE_OUTER_BOUND('',#873,.T.);
#568=FACE_OUTER_BOUND('',#874,.T.);
#569=FACE_OUTER_BOUND('',#875,.T.);
#570=FACE_OUTER_BOUND('',#876,.T.);
#571=FACE_OUTER_BOUND('',#877,.T.);
#572=FACE_OUTER_BOUND('',#878,.T.);
#573=FACE_OUTER_BOUND('',#879,.T.);
#574=FACE_OUTER_BOUND('',#880,.T.);
#575=FACE_OUTER_BOUND('',#881,.T.);
#576=FACE_OUTER_BOUND('',#882,.T.);
#577=FACE_OUTER_BOUND('',#883,.T.);
#578=FACE_OUTER_BOUND('',#884,.T.);
#579=FACE_OUTER_BOUND('',#885,.T.);
#580=FACE_OUTER_BOUND('',#886,.T.);
#581=FACE_OUTER_BOUND('',#887,.T.);
#582=FACE_OUTER_BOUND('',#888,.T.);
#583=FACE_OUTER_BOUND('',#889,.T.);
#584=FACE_OUTER_BOUND('',#890,.T.);
#585=FACE_OUTER_BOUND('',#891,.T.);
#586=FACE_OUTER_BOUND('',#892,.T.);
#587=FACE_OUTER_BOUND('',#893,.T.);
#588=FACE_OUTER_BOUND('',#894,.T.);
#589=FACE_OUTER_BOUND('',#895,.T.);
#590=FACE_OUTER_BOUND('',#896,.T.);
#591=FACE_OUTER_BOUND('',#897,.T.);
#592=FACE_OUTER_BOUND('',#898,.T.);
#593=FACE_OUTER_BOUND('',#899,.T.);
#594=FACE_OUTER_BOUND('',#900,.T.);
#595=FACE_OUTER_BOUND('',#901,.T.);
#596=FACE_OUTER_BOUND('',#902,.T.);
#597=FACE_OUTER_BOUND('',#903,.T.);
#598=FACE_OUTER_BOUND('',#904,.T.);
#599=FACE_OUTER_BOUND('',#905,.T.);
#600=FACE_OUTER_BOUND('',#906,.T.);
#601=FACE_OUTER_BOUND('',#907,.T.);
#602=FACE_OUTER_BOUND('',#908,.T.);
#603=FACE_OUTER_BOUND('',#909,.T.);
#604=FACE_OUTER_BOUND('',#910,.T.);
#605=FACE_OUTER_BOUND('',#911,.T.);
#606=FACE_OUTER_BOUND('',#912,.T.);
#607=FACE_OUTER_BOUND('',#913,.T.);
#608=FACE_OUTER_BOUND('',#914,.T.);
#609=FACE_OUTER_BOUND('',#915,.T.);
#610=FACE_OUTER_BOUND('',#916,.T.);
#611=FACE_OUTER_BOUND('',#917,.T.);
#612=FACE_OUTER_BOUND('',#918,.T.);
#613=FACE_OUTER_BOUND('',#919,.T.);
#614=FACE_OUTER_BOUND('',#920,.T.);
#615=FACE_OUTER_BOUND('',#921,.T.);
#616=FACE_OUTER_BOUND('',#922,.T.);
#617=FACE_OUTER_BOUND('',#923,.T.);
#618=FACE_OUTER_BOUND('',#924,.T.);
#619=FACE_OUTER_BOUND('',#925,.T.);
#620=FACE_OUTER_BOUND('',#926,.T.);
#621=FACE_OUTER_BOUND('',#927,.T.);
#622=FACE_OUTER_BOUND('',#928,.T.);
#623=FACE_OUTER_BOUND('',#929,.T.);
#624=FACE_OUTER_BOUND('',#930,.T.);
#625=FACE_OUTER_BOUND('',#931,.T.);
#626=FACE_OUTER_BOUND('',#932,.T.);
#627=FACE_OUTER_BOUND('',#933,.T.);
#628=FACE_OUTER_BOUND('',#934,.T.);
#629=FACE_OUTER_BOUND('',#935,.T.);
#630=FACE_OUTER_BOUND('',#936,.T.);
#631=FACE_OUTER_BOUND('',#937,.T.);
#632=FACE_OUTER_BOUND('',#938,.T.);
#633=FACE_OUTER_BOUND('',#939,.T.);
#634=FACE_OUTER_BOUND('',#940,.T.);
#635=FACE_OUTER_BOUND('',#941,.T.);
#636=FACE_OUTER_BOUND('',#942,.T.);
#637=FACE_OUTER_BOUND('',#943,.T.);
#638=FACE_OUTER_BOUND('',#944,.T.);
#639=FACE_OUTER_BOUND('',#945,.T.);
#640=FACE_OUTER_BOUND('',#946,.T.);
#641=FACE_OUTER_BOUND('',#947,.T.);
#642=FACE_OUTER_BOUND('',#948,.T.);
#643=FACE_OUTER_BOUND('',#949,.T.);
#644=FACE_OUTER_BOUND('',#950,.T.);
#645=FACE_OUTER_BOUND('',#951,.T.);
#646=FACE_OUTER_BOUND('',#952,.T.);
#647=FACE_OUTER_BOUND('',#953,.T.);
#648=FACE_OUTER_BOUND('',#954,.T.);
#649=FACE_OUTER_BOUND('',#955,.T.);
#650=FACE_OUTER_BOUND('',#956,.T.);
#651=FACE_OUTER_BOUND('',#957,.T.);
#652=FACE_OUTER_BOUND('',#958,.T.);
#653=FACE_OUTER_BOUND('',#959,.T.);
#654=FACE_OUTER_BOUND('',#960,.T.);
#655=FACE_OUTER_BOUND('',#961,.T.);
#656=FACE_OUTER_BOUND('',#962,.T.);
#657=FACE_OUTER_BOUND('',#963,.T.);
#658=FACE_OUTER_BOUND('',#964,.T.);
#659=FACE_OUTER_BOUND('',#965,.T.);
#660=FACE_OUTER_BOUND('',#966,.T.);
#661=FACE_OUTER_BOUND('',#967,.T.);
#662=FACE_OUTER_BOUND('',#968,.T.);
#663=FACE_OUTER_BOUND('',#969,.T.);
#664=FACE_OUTER_BOUND('',#970,.T.);
#665=FACE_OUTER_BOUND('',#971,.T.);
#666=FACE_OUTER_BOUND('',#972,.T.);
#667=FACE_OUTER_BOUND('',#973,.T.);
#668=FACE_OUTER_BOUND('',#974,.T.);
#669=FACE_OUTER_BOUND('',#975,.T.);
#670=FACE_OUTER_BOUND('',#976,.T.);
#671=FACE_OUTER_BOUND('',#977,.T.);
#672=FACE_OUTER_BOUND('',#978,.T.);
#673=FACE_OUTER_BOUND('',#979,.T.);
#674=FACE_OUTER_BOUND('',#980,.T.);
#675=FACE_OUTER_BOUND('',#981,.T.);
#676=FACE_OUTER_BOUND('',#982,.T.);
#677=FACE_OUTER_BOUND('',#983,.T.);
#678=FACE_OUTER_BOUND('',#984,.T.);
#679=FACE_OUTER_BOUND('',#985,.T.);
#680=FACE_OUTER_BOUND('',#986,.T.);
#681=FACE_OUTER_BOUND('',#987,.T.);
#682=FACE_OUTER_BOUND('',#988,.T.);
#683=FACE_OUTER_BOUND('',#989,.T.);
#684=FACE_OUTER_BOUND('',#990,.T.);
#685=FACE_OUTER_BOUND('',#991,.T.);
#686=FACE_OUTER_BOUND('',#992,.T.);
#687=FACE_OUTER_BOUND('',#993,.T.);
#688=FACE_OUTER_BOUND('',#994,.T.);
#689=FACE_OUTER_BOUND('',#995,.T.);
#690=FACE_OUTER_BOUND('',#996,.T.);
#691=FACE_OUTER_BOUND('',#997,.T.);
#692=FACE_OUTER_BOUND('',#998,.T.);
#693=FACE_OUTER_BOUND('',#999,.T.);
#694=FACE_OUTER_BOUND('',#1000,.T.);
#695=FACE_OUTER_BOUND('',#1001,.T.);
#696=FACE_OUTER_BOUND('',#1002,.T.);
#697=FACE_OUTER_BOUND('',#1003,.T.);
#698=FACE_OUTER_BOUND('',#1004,.T.);
#699=FACE_OUTER_BOUND('',#1005,.T.);
#700=FACE_OUTER_BOUND('',#1006,.T.);
#701=FACE_OUTER_BOUND('',#1007,.T.);
#702=FACE_OUTER_BOUND('',#1008,.T.);
#703=FACE_OUTER_BOUND('',#1009,.T.);
#704=FACE_OUTER_BOUND('',#1010,.T.);
#705=FACE_OUTER_BOUND('',#1011,.T.);
#706=FACE_OUTER_BOUND('',#1012,.T.);
#707=FACE_OUTER_BOUND('',#1013,.T.);
#708=FACE_OUTER_BOUND('',#1014,.T.);
#709=FACE_OUTER_BOUND('',#1015,.T.);
#710=FACE_OUTER_BOUND('',#1016,.T.);
#711=FACE_OUTER_BOUND('',#1017,.T.);
#712=FACE_OUTER_BOUND('',#1018,.T.);
#713=FACE_OUTER_BOUND('',#1019,.T.);
#714=FACE_OUTER_BOUND('',#1020,.T.);
#715=EDGE_LOOP('',(#3213,#3214,#3215,#3216));
#716=EDGE_LOOP('',(#3217,#3218,#3219,#3220));
#717=EDGE_LOOP('',(#3221,#3222,#3223,#3224));
#718=EDGE_LOOP('',(#3225,#3226,#3227,#3228));
#719=EDGE_LOOP('',(#3229));
#720=EDGE_LOOP('',(#3230));
#721=EDGE_LOOP('',(#3231));
#722=EDGE_LOOP('',(#3232));
#723=EDGE_LOOP('',(#3233));
#724=EDGE_LOOP('',(#3234));
#725=EDGE_LOOP('',(#3235));
#726=EDGE_LOOP('',(#3236));
#727=EDGE_LOOP('',(#3237,#3238,#3239,#3240));
#728=EDGE_LOOP('',(#3241,#3242,#3243,#3244));
#729=EDGE_LOOP('',(#3245,#3246,#3247,#3248));
#730=EDGE_LOOP('',(#3249,#3250,#3251,#3252));
#731=EDGE_LOOP('',(#3253,#3254,#3255,#3256));
#732=EDGE_LOOP('',(#3257,#3258,#3259,#3260));
#733=EDGE_LOOP('',(#3261,#3262,#3263,#3264));
#734=EDGE_LOOP('',(#3265,#3266,#3267,#3268));
#735=EDGE_LOOP('',(#3269,#3270,#3271,#3272));
#736=EDGE_LOOP('',(#3273,#3274,#3275,#3276));
#737=EDGE_LOOP('',(#3277,#3278,#3279,#3280));
#738=EDGE_LOOP('',(#3281,#3282,#3283,#3284));
#739=EDGE_LOOP('',(#3285,#3286,#3287,#3288));
#740=EDGE_LOOP('',(#3289,#3290,#3291,#3292));
#741=EDGE_LOOP('',(#3293,#3294,#3295,#3296));
#742=EDGE_LOOP('',(#3297,#3298,#3299,#3300));
#743=EDGE_LOOP('',(#3301,#3302,#3303,#3304));
#744=EDGE_LOOP('',(#3305,#3306,#3307,#3308));
#745=EDGE_LOOP('',(#3309,#3310,#3311,#3312));
#746=EDGE_LOOP('',(#3313,#3314,#3315,#3316));
#747=EDGE_LOOP('',(#3317,#3318,#3319,#3320));
#748=EDGE_LOOP('',(#3321,#3322,#3323,#3324));
#749=EDGE_LOOP('',(#3325,#3326,#3327,#3328));
#750=EDGE_LOOP('',(#3329,#3330,#3331,#3332));
#751=EDGE_LOOP('',(#3333,#3334,#3335,#3336));
#752=EDGE_LOOP('',(#3337,#3338,#3339,#3340));
#753=EDGE_LOOP('',(#3341,#3342,#3343,#3344));
#754=EDGE_LOOP('',(#3345,#3346,#3347,#3348));
#755=EDGE_LOOP('',(#3349,#3350,#3351,#3352));
#756=EDGE_LOOP('',(#3353,#3354,#3355,#3356));
#757=EDGE_LOOP('',(#3357,#3358,#3359,#3360));
#758=EDGE_LOOP('',(#3361,#3362,#3363,#3364));
#759=EDGE_LOOP('',(#3365,#3366,#3367,#3368));
#760=EDGE_LOOP('',(#3369,#3370,#3371,#3372));
#761=EDGE_LOOP('',(#3373,#3374,#3375,#3376));
#762=EDGE_LOOP('',(#3377,#3378,#3379,#3380));
#763=EDGE_LOOP('',(#3381,#3382,#3383,#3384));
#764=EDGE_LOOP('',(#3385,#3386,#3387,#3388));
#765=EDGE_LOOP('',(#3389,#3390,#3391,#3392));
#766=EDGE_LOOP('',(#3393,#3394,#3395,#3396));
#767=EDGE_LOOP('',(#3397,#3398,#3399,#3400));
#768=EDGE_LOOP('',(#3401,#3402,#3403,#3404));
#769=EDGE_LOOP('',(#3405,#3406,#3407,#3408));
#770=EDGE_LOOP('',(#3409,#3410,#3411,#3412));
#771=EDGE_LOOP('',(#3413,#3414,#3415,#3416));
#772=EDGE_LOOP('',(#3417,#3418,#3419,#3420));
#773=EDGE_LOOP('',(#3421,#3422,#3423,#3424));
#774=EDGE_LOOP('',(#3425,#3426,#3427,#3428));
#775=EDGE_LOOP('',(#3429,#3430,#3431,#3432));
#776=EDGE_LOOP('',(#3433,#3434,#3435,#3436));
#777=EDGE_LOOP('',(#3437,#3438,#3439,#3440));
#778=EDGE_LOOP('',(#3441,#3442,#3443,#3444));
#779=EDGE_LOOP('',(#3445,#3446,#3447,#3448));
#780=EDGE_LOOP('',(#3449,#3450,#3451,#3452));
#781=EDGE_LOOP('',(#3453,#3454,#3455,#3456));
#782=EDGE_LOOP('',(#3457,#3458,#3459,#3460));
#783=EDGE_LOOP('',(#3461,#3462,#3463,#3464));
#784=EDGE_LOOP('',(#3465,#3466,#3467,#3468));
#785=EDGE_LOOP('',(#3469,#3470,#3471,#3472));
#786=EDGE_LOOP('',(#3473,#3474,#3475,#3476));
#787=EDGE_LOOP('',(#3477,#3478,#3479,#3480));
#788=EDGE_LOOP('',(#3481,#3482,#3483,#3484));
#789=EDGE_LOOP('',(#3485,#3486,#3487,#3488));
#790=EDGE_LOOP('',(#3489,#3490,#3491,#3492));
#791=EDGE_LOOP('',(#3493,#3494,#3495,#3496));
#792=EDGE_LOOP('',(#3497,#3498,#3499,#3500));
#793=EDGE_LOOP('',(#3501,#3502,#3503,#3504));
#794=EDGE_LOOP('',(#3505,#3506,#3507,#3508));
#795=EDGE_LOOP('',(#3509,#3510,#3511,#3512));
#796=EDGE_LOOP('',(#3513,#3514,#3515,#3516));
#797=EDGE_LOOP('',(#3517,#3518,#3519,#3520));
#798=EDGE_LOOP('',(#3521,#3522,#3523,#3524));
#799=EDGE_LOOP('',(#3525,#3526,#3527,#3528));
#800=EDGE_LOOP('',(#3529,#3530,#3531,#3532));
#801=EDGE_LOOP('',(#3533,#3534,#3535,#3536));
#802=EDGE_LOOP('',(#3537,#3538,#3539,#3540));
#803=EDGE_LOOP('',(#3541,#3542,#3543,#3544));
#804=EDGE_LOOP('',(#3545,#3546,#3547,#3548));
#805=EDGE_LOOP('',(#3549,#3550,#3551,#3552));
#806=EDGE_LOOP('',(#3553,#3554,#3555,#3556));
#807=EDGE_LOOP('',(#3557,#3558,#3559,#3560));
#808=EDGE_LOOP('',(#3561,#3562,#3563,#3564));
#809=EDGE_LOOP('',(#3565,#3566,#3567,#3568));
#810=EDGE_LOOP('',(#3569,#3570,#3571,#3572));
#811=EDGE_LOOP('',(#3573,#3574,#3575,#3576));
#812=EDGE_LOOP('',(#3577,#3578,#3579,#3580));
#813=EDGE_LOOP('',(#3581,#3582,#3583,#3584));
#814=EDGE_LOOP('',(#3585,#3586,#3587,#3588));
#815=EDGE_LOOP('',(#3589,#3590,#3591,#3592));
#816=EDGE_LOOP('',(#3593,#3594,#3595,#3596));
#817=EDGE_LOOP('',(#3597,#3598,#3599,#3600));
#818=EDGE_LOOP('',(#3601,#3602,#3603,#3604));
#819=EDGE_LOOP('',(#3605,#3606,#3607,#3608));
#820=EDGE_LOOP('',(#3609,#3610,#3611,#3612));
#821=EDGE_LOOP('',(#3613,#3614,#3615,#3616));
#822=EDGE_LOOP('',(#3617,#3618,#3619,#3620));
#823=EDGE_LOOP('',(#3621,#3622,#3623,#3624));
#824=EDGE_LOOP('',(#3625,#3626,#3627,#3628));
#825=EDGE_LOOP('',(#3629,#3630,#3631,#3632));
#826=EDGE_LOOP('',(#3633,#3634,#3635,#3636));
#827=EDGE_LOOP('',(#3637,#3638,#3639,#3640));
#828=EDGE_LOOP('',(#3641,#3642,#3643,#3644));
#829=EDGE_LOOP('',(#3645,#3646,#3647,#3648));
#830=EDGE_LOOP('',(#3649,#3650,#3651,#3652));
#831=EDGE_LOOP('',(#3653,#3654,#3655,#3656));
#832=EDGE_LOOP('',(#3657,#3658,#3659,#3660));
#833=EDGE_LOOP('',(#3661,#3662,#3663,#3664));
#834=EDGE_LOOP('',(#3665,#3666,#3667,#3668));
#835=EDGE_LOOP('',(#3669,#3670,#3671,#3672));
#836=EDGE_LOOP('',(#3673,#3674,#3675,#3676));
#837=EDGE_LOOP('',(#3677,#3678,#3679,#3680));
#838=EDGE_LOOP('',(#3681,#3682,#3683,#3684));
#839=EDGE_LOOP('',(#3685,#3686,#3687,#3688));
#840=EDGE_LOOP('',(#3689,#3690,#3691,#3692));
#841=EDGE_LOOP('',(#3693,#3694,#3695,#3696));
#842=EDGE_LOOP('',(#3697,#3698,#3699,#3700));
#843=EDGE_LOOP('',(#3701,#3702,#3703,#3704));
#844=EDGE_LOOP('',(#3705,#3706,#3707,#3708));
#845=EDGE_LOOP('',(#3709,#3710,#3711,#3712));
#846=EDGE_LOOP('',(#3713,#3714,#3715,#3716));
#847=EDGE_LOOP('',(#3717,#3718,#3719,#3720));
#848=EDGE_LOOP('',(#3721,#3722,#3723,#3724));
#849=EDGE_LOOP('',(#3725,#3726,#3727,#3728));
#850=EDGE_LOOP('',(#3729,#3730,#3731,#3732));
#851=EDGE_LOOP('',(#3733,#3734,#3735,#3736));
#852=EDGE_LOOP('',(#3737,#3738,#3739,#3740));
#853=EDGE_LOOP('',(#3741,#3742,#3743,#3744));
#854=EDGE_LOOP('',(#3745,#3746,#3747,#3748));
#855=EDGE_LOOP('',(#3749,#3750,#3751,#3752));
#856=EDGE_LOOP('',(#3753,#3754,#3755,#3756));
#857=EDGE_LOOP('',(#3757,#3758,#3759,#3760));
#858=EDGE_LOOP('',(#3761,#3762,#3763,#3764));
#859=EDGE_LOOP('',(#3765,#3766,#3767,#3768));
#860=EDGE_LOOP('',(#3769,#3770,#3771,#3772));
#861=EDGE_LOOP('',(#3773,#3774,#3775,#3776));
#862=EDGE_LOOP('',(#3777,#3778,#3779,#3780));
#863=EDGE_LOOP('',(#3781,#3782,#3783,#3784));
#864=EDGE_LOOP('',(#3785,#3786,#3787,#3788));
#865=EDGE_LOOP('',(#3789,#3790,#3791,#3792));
#866=EDGE_LOOP('',(#3793,#3794,#3795,#3796));
#867=EDGE_LOOP('',(#3797,#3798,#3799,#3800));
#868=EDGE_LOOP('',(#3801,#3802,#3803,#3804));
#869=EDGE_LOOP('',(#3805,#3806,#3807,#3808));
#870=EDGE_LOOP('',(#3809,#3810,#3811,#3812));
#871=EDGE_LOOP('',(#3813,#3814,#3815,#3816));
#872=EDGE_LOOP('',(#3817,#3818,#3819,#3820));
#873=EDGE_LOOP('',(#3821,#3822,#3823,#3824));
#874=EDGE_LOOP('',(#3825,#3826,#3827,#3828));
#875=EDGE_LOOP('',(#3829,#3830,#3831,#3832));
#876=EDGE_LOOP('',(#3833,#3834,#3835,#3836));
#877=EDGE_LOOP('',(#3837,#3838,#3839,#3840));
#878=EDGE_LOOP('',(#3841,#3842,#3843,#3844));
#879=EDGE_LOOP('',(#3845,#3846,#3847,#3848));
#880=EDGE_LOOP('',(#3849,#3850,#3851,#3852));
#881=EDGE_LOOP('',(#3853,#3854,#3855,#3856));
#882=EDGE_LOOP('',(#3857,#3858,#3859,#3860));
#883=EDGE_LOOP('',(#3861,#3862,#3863,#3864));
#884=EDGE_LOOP('',(#3865,#3866,#3867,#3868));
#885=EDGE_LOOP('',(#3869,#3870,#3871,#3872));
#886=EDGE_LOOP('',(#3873,#3874,#3875,#3876));
#887=EDGE_LOOP('',(#3877,#3878,#3879,#3880));
#888=EDGE_LOOP('',(#3881,#3882,#3883,#3884));
#889=EDGE_LOOP('',(#3885,#3886,#3887,#3888));
#890=EDGE_LOOP('',(#3889,#3890,#3891,#3892));
#891=EDGE_LOOP('',(#3893,#3894,#3895,#3896));
#892=EDGE_LOOP('',(#3897,#3898,#3899,#3900));
#893=EDGE_LOOP('',(#3901,#3902,#3903,#3904));
#894=EDGE_LOOP('',(#3905,#3906,#3907,#3908));
#895=EDGE_LOOP('',(#3909,#3910,#3911,#3912));
#896=EDGE_LOOP('',(#3913,#3914,#3915,#3916));
#897=EDGE_LOOP('',(#3917,#3918,#3919,#3920));
#898=EDGE_LOOP('',(#3921,#3922,#3923,#3924));
#899=EDGE_LOOP('',(#3925,#3926,#3927,#3928));
#900=EDGE_LOOP('',(#3929,#3930,#3931,#3932));
#901=EDGE_LOOP('',(#3933,#3934,#3935,#3936));
#902=EDGE_LOOP('',(#3937,#3938,#3939,#3940));
#903=EDGE_LOOP('',(#3941,#3942,#3943,#3944));
#904=EDGE_LOOP('',(#3945,#3946,#3947,#3948));
#905=EDGE_LOOP('',(#3949,#3950,#3951,#3952));
#906=EDGE_LOOP('',(#3953,#3954,#3955,#3956));
#907=EDGE_LOOP('',(#3957,#3958,#3959,#3960));
#908=EDGE_LOOP('',(#3961,#3962,#3963,#3964));
#909=EDGE_LOOP('',(#3965,#3966,#3967,#3968));
#910=EDGE_LOOP('',(#3969,#3970,#3971,#3972));
#911=EDGE_LOOP('',(#3973,#3974,#3975,#3976));
#912=EDGE_LOOP('',(#3977,#3978,#3979,#3980));
#913=EDGE_LOOP('',(#3981,#3982,#3983,#3984));
#914=EDGE_LOOP('',(#3985,#3986,#3987,#3988));
#915=EDGE_LOOP('',(#3989,#3990,#3991,#3992));
#916=EDGE_LOOP('',(#3993,#3994,#3995,#3996));
#917=EDGE_LOOP('',(#3997,#3998,#3999,#4000));
#918=EDGE_LOOP('',(#4001,#4002,#4003,#4004));
#919=EDGE_LOOP('',(#4005,#4006,#4007,#4008));
#920=EDGE_LOOP('',(#4009,#4010,#4011,#4012));
#921=EDGE_LOOP('',(#4013,#4014,#4015,#4016));
#922=EDGE_LOOP('',(#4017,#4018,#4019,#4020));
#923=EDGE_LOOP('',(#4021,#4022,#4023,#4024));
#924=EDGE_LOOP('',(#4025,#4026,#4027,#4028));
#925=EDGE_LOOP('',(#4029,#4030,#4031,#4032));
#926=EDGE_LOOP('',(#4033,#4034,#4035,#4036));
#927=EDGE_LOOP('',(#4037,#4038,#4039,#4040));
#928=EDGE_LOOP('',(#4041,#4042,#4043,#4044));
#929=EDGE_LOOP('',(#4045,#4046,#4047,#4048));
#930=EDGE_LOOP('',(#4049,#4050,#4051,#4052));
#931=EDGE_LOOP('',(#4053,#4054,#4055,#4056));
#932=EDGE_LOOP('',(#4057,#4058,#4059,#4060));
#933=EDGE_LOOP('',(#4061,#4062,#4063,#4064));
#934=EDGE_LOOP('',(#4065,#4066,#4067,#4068));
#935=EDGE_LOOP('',(#4069,#4070,#4071,#4072));
#936=EDGE_LOOP('',(#4073,#4074,#4075,#4076));
#937=EDGE_LOOP('',(#4077,#4078,#4079,#4080));
#938=EDGE_LOOP('',(#4081,#4082,#4083,#4084));
#939=EDGE_LOOP('',(#4085,#4086,#4087,#4088));
#940=EDGE_LOOP('',(#4089,#4090,#4091,#4092));
#941=EDGE_LOOP('',(#4093,#4094,#4095,#4096));
#942=EDGE_LOOP('',(#4097,#4098,#4099,#4100));
#943=EDGE_LOOP('',(#4101,#4102,#4103,#4104));
#944=EDGE_LOOP('',(#4105,#4106,#4107,#4108));
#945=EDGE_LOOP('',(#4109,#4110,#4111,#4112));
#946=EDGE_LOOP('',(#4113,#4114,#4115,#4116));
#947=EDGE_LOOP('',(#4117,#4118,#4119,#4120));
#948=EDGE_LOOP('',(#4121,#4122,#4123,#4124));
#949=EDGE_LOOP('',(#4125,#4126,#4127,#4128));
#950=EDGE_LOOP('',(#4129,#4130,#4131,#4132));
#951=EDGE_LOOP('',(#4133,#4134,#4135,#4136));
#952=EDGE_LOOP('',(#4137,#4138,#4139,#4140));
#953=EDGE_LOOP('',(#4141,#4142,#4143,#4144));
#954=EDGE_LOOP('',(#4145,#4146,#4147,#4148));
#955=EDGE_LOOP('',(#4149,#4150,#4151,#4152));
#956=EDGE_LOOP('',(#4153,#4154,#4155,#4156));
#957=EDGE_LOOP('',(#4157,#4158,#4159,#4160));
#958=EDGE_LOOP('',(#4161,#4162,#4163,#4164));
#959=EDGE_LOOP('',(#4165,#4166,#4167,#4168));
#960=EDGE_LOOP('',(#4169,#4170,#4171,#4172));
#961=EDGE_LOOP('',(#4173,#4174,#4175,#4176));
#962=EDGE_LOOP('',(#4177,#4178,#4179,#4180));
#963=EDGE_LOOP('',(#4181,#4182,#4183,#4184));
#964=EDGE_LOOP('',(#4185,#4186,#4187,#4188));
#965=EDGE_LOOP('',(#4189,#4190,#4191,#4192));
#966=EDGE_LOOP('',(#4193,#4194,#4195,#4196));
#967=EDGE_LOOP('',(#4197,#4198,#4199,#4200));
#968=EDGE_LOOP('',(#4201,#4202,#4203,#4204));
#969=EDGE_LOOP('',(#4205,#4206,#4207,#4208));
#970=EDGE_LOOP('',(#4209,#4210,#4211,#4212));
#971=EDGE_LOOP('',(#4213,#4214,#4215,#4216));
#972=EDGE_LOOP('',(#4217,#4218,#4219,#4220));
#973=EDGE_LOOP('',(#4221,#4222,#4223,#4224));
#974=EDGE_LOOP('',(#4225,#4226,#4227,#4228));
#975=EDGE_LOOP('',(#4229,#4230,#4231,#4232));
#976=EDGE_LOOP('',(#4233,#4234,#4235,#4236));
#977=EDGE_LOOP('',(#4237,#4238,#4239,#4240));
#978=EDGE_LOOP('',(#4241,#4242,#4243,#4244));
#979=EDGE_LOOP('',(#4245,#4246,#4247,#4248));
#980=EDGE_LOOP('',(#4249,#4250,#4251,#4252));
#981=EDGE_LOOP('',(#4253,#4254,#4255,#4256));
#982=EDGE_LOOP('',(#4257,#4258,#4259,#4260));
#983=EDGE_LOOP('',(#4261,#4262,#4263,#4264));
#984=EDGE_LOOP('',(#4265,#4266,#4267,#4268));
#985=EDGE_LOOP('',(#4269,#4270,#4271,#4272));
#986=EDGE_LOOP('',(#4273,#4274,#4275,#4276));
#987=EDGE_LOOP('',(#4277,#4278,#4279,#4280));
#988=EDGE_LOOP('',(#4281,#4282,#4283,#4284));
#989=EDGE_LOOP('',(#4285,#4286,#4287,#4288));
#990=EDGE_LOOP('',(#4289,#4290,#4291,#4292));
#991=EDGE_LOOP('',(#4293,#4294,#4295,#4296));
#992=EDGE_LOOP('',(#4297,#4298,#4299,#4300));
#993=EDGE_LOOP('',(#4301,#4302,#4303,#4304));
#994=EDGE_LOOP('',(#4305,#4306,#4307,#4308));
#995=EDGE_LOOP('',(#4309,#4310,#4311,#4312));
#996=EDGE_LOOP('',(#4313,#4314,#4315,#4316));
#997=EDGE_LOOP('',(#4317,#4318,#4319,#4320));
#998=EDGE_LOOP('',(#4321,#4322,#4323,#4324));
#999=EDGE_LOOP('',(#4325,#4326,#4327,#4328));
#1000=EDGE_LOOP('',(#4329,#4330,#4331,#4332));
#1001=EDGE_LOOP('',(#4333,#4334,#4335,#4336));
#1002=EDGE_LOOP('',(#4337,#4338,#4339,#4340));
#1003=EDGE_LOOP('',(#4341,#4342,#4343,#4344));
#1004=EDGE_LOOP('',(#4345,#4346,#4347,#4348));
#1005=EDGE_LOOP('',(#4349,#4350,#4351,#4352));
#1006=EDGE_LOOP('',(#4353,#4354,#4355,#4356));
#1007=EDGE_LOOP('',(#4357,#4358,#4359,#4360));
#1008=EDGE_LOOP('',(#4361,#4362,#4363,#4364));
#1009=EDGE_LOOP('',(#4365,#4366,#4367,#4368));
#1010=EDGE_LOOP('',(#4369,#4370,#4371,#4372));
#1011=EDGE_LOOP('',(#4373,#4374,#4375,#4376));
#1012=EDGE_LOOP('',(#4377,#4378,#4379,#4380));
#1013=EDGE_LOOP('',(#4381,#4382,#4383,#4384));
#1014=EDGE_LOOP('',(#4385,#4386,#4387,#4388));
#1015=EDGE_LOOP('',(#4389,#4390,#4391,#4392));
#1016=EDGE_LOOP('',(#4393,#4394,#4395,#4396));
#1017=EDGE_LOOP('',(#4397,#4398,#4399,#4400));
#1018=EDGE_LOOP('',(#4401,#4402,#4403,#4404));
#1019=EDGE_LOOP('',(#4405,#4406,#4407,#4408));
#1020=EDGE_LOOP('',(#4409,#4410,#4411,#4412));
#1021=LINE('',#6303,#1613);
#1022=LINE('',#6309,#1614);
#1023=LINE('',#6315,#1615);
#1024=LINE('',#6321,#1616);
#1025=LINE('',#6328,#1617);
#1026=LINE('',#6330,#1618);
#1027=LINE('',#6332,#1619);
#1028=LINE('',#6333,#1620);
#1029=LINE('',#6336,#1621);
#1030=LINE('',#6338,#1622);
#1031=LINE('',#6339,#1623);
#1032=LINE('',#6342,#1624);
#1033=LINE('',#6344,#1625);
#1034=LINE('',#6345,#1626);
#1035=LINE('',#6347,#1627);
#1036=LINE('',#6348,#1628);
#1037=LINE('',#6354,#1629);
#1038=LINE('',#6356,#1630);
#1039=LINE('',#6358,#1631);
#1040=LINE('',#6359,#1632);
#1041=LINE('',#6362,#1633);
#1042=LINE('',#6364,#1634);
#1043=LINE('',#6365,#1635);
#1044=LINE('',#6368,#1636);
#1045=LINE('',#6370,#1637);
#1046=LINE('',#6371,#1638);
#1047=LINE('',#6373,#1639);
#1048=LINE('',#6374,#1640);
#1049=LINE('',#6380,#1641);
#1050=LINE('',#6382,#1642);
#1051=LINE('',#6384,#1643);
#1052=LINE('',#6385,#1644);
#1053=LINE('',#6388,#1645);
#1054=LINE('',#6390,#1646);
#1055=LINE('',#6391,#1647);
#1056=LINE('',#6394,#1648);
#1057=LINE('',#6396,#1649);
#1058=LINE('',#6397,#1650);
#1059=LINE('',#6399,#1651);
#1060=LINE('',#6400,#1652);
#1061=LINE('',#6406,#1653);
#1062=LINE('',#6408,#1654);
#1063=LINE('',#6410,#1655);
#1064=LINE('',#6411,#1656);
#1065=LINE('',#6414,#1657);
#1066=LINE('',#6416,#1658);
#1067=LINE('',#6417,#1659);
#1068=LINE('',#6420,#1660);
#1069=LINE('',#6422,#1661);
#1070=LINE('',#6423,#1662);
#1071=LINE('',#6425,#1663);
#1072=LINE('',#6426,#1664);
#1073=LINE('',#6432,#1665);
#1074=LINE('',#6434,#1666);
#1075=LINE('',#6436,#1667);
#1076=LINE('',#6437,#1668);
#1077=LINE('',#6440,#1669);
#1078=LINE('',#6442,#1670);
#1079=LINE('',#6443,#1671);
#1080=LINE('',#6446,#1672);
#1081=LINE('',#6448,#1673);
#1082=LINE('',#6449,#1674);
#1083=LINE('',#6451,#1675);
#1084=LINE('',#6452,#1676);
#1085=LINE('',#6458,#1677);
#1086=LINE('',#6460,#1678);
#1087=LINE('',#6462,#1679);
#1088=LINE('',#6463,#1680);
#1089=LINE('',#6466,#1681);
#1090=LINE('',#6468,#1682);
#1091=LINE('',#6469,#1683);
#1092=LINE('',#6472,#1684);
#1093=LINE('',#6474,#1685);
#1094=LINE('',#6475,#1686);
#1095=LINE('',#6477,#1687);
#1096=LINE('',#6478,#1688);
#1097=LINE('',#6484,#1689);
#1098=LINE('',#6486,#1690);
#1099=LINE('',#6488,#1691);
#1100=LINE('',#6489,#1692);
#1101=LINE('',#6492,#1693);
#1102=LINE('',#6494,#1694);
#1103=LINE('',#6495,#1695);
#1104=LINE('',#6498,#1696);
#1105=LINE('',#6500,#1697);
#1106=LINE('',#6501,#1698);
#1107=LINE('',#6503,#1699);
#1108=LINE('',#6504,#1700);
#1109=LINE('',#6510,#1701);
#1110=LINE('',#6512,#1702);
#1111=LINE('',#6514,#1703);
#1112=LINE('',#6515,#1704);
#1113=LINE('',#6518,#1705);
#1114=LINE('',#6520,#1706);
#1115=LINE('',#6521,#1707);
#1116=LINE('',#6524,#1708);
#1117=LINE('',#6526,#1709);
#1118=LINE('',#6527,#1710);
#1119=LINE('',#6529,#1711);
#1120=LINE('',#6530,#1712);
#1121=LINE('',#6536,#1713);
#1122=LINE('',#6538,#1714);
#1123=LINE('',#6540,#1715);
#1124=LINE('',#6541,#1716);
#1125=LINE('',#6544,#1717);
#1126=LINE('',#6546,#1718);
#1127=LINE('',#6547,#1719);
#1128=LINE('',#6550,#1720);
#1129=LINE('',#6552,#1721);
#1130=LINE('',#6553,#1722);
#1131=LINE('',#6555,#1723);
#1132=LINE('',#6556,#1724);
#1133=LINE('',#6562,#1725);
#1134=LINE('',#6564,#1726);
#1135=LINE('',#6566,#1727);
#1136=LINE('',#6567,#1728);
#1137=LINE('',#6570,#1729);
#1138=LINE('',#6572,#1730);
#1139=LINE('',#6573,#1731);
#1140=LINE('',#6576,#1732);
#1141=LINE('',#6578,#1733);
#1142=LINE('',#6579,#1734);
#1143=LINE('',#6581,#1735);
#1144=LINE('',#6582,#1736);
#1145=LINE('',#6588,#1737);
#1146=LINE('',#6590,#1738);
#1147=LINE('',#6592,#1739);
#1148=LINE('',#6593,#1740);
#1149=LINE('',#6596,#1741);
#1150=LINE('',#6598,#1742);
#1151=LINE('',#6599,#1743);
#1152=LINE('',#6602,#1744);
#1153=LINE('',#6604,#1745);
#1154=LINE('',#6605,#1746);
#1155=LINE('',#6607,#1747);
#1156=LINE('',#6608,#1748);
#1157=LINE('',#6614,#1749);
#1158=LINE('',#6616,#1750);
#1159=LINE('',#6618,#1751);
#1160=LINE('',#6619,#1752);
#1161=LINE('',#6622,#1753);
#1162=LINE('',#6624,#1754);
#1163=LINE('',#6625,#1755);
#1164=LINE('',#6628,#1756);
#1165=LINE('',#6630,#1757);
#1166=LINE('',#6631,#1758);
#1167=LINE('',#6633,#1759);
#1168=LINE('',#6634,#1760);
#1169=LINE('',#6640,#1761);
#1170=LINE('',#6642,#1762);
#1171=LINE('',#6644,#1763);
#1172=LINE('',#6645,#1764);
#1173=LINE('',#6648,#1765);
#1174=LINE('',#6650,#1766);
#1175=LINE('',#6651,#1767);
#1176=LINE('',#6654,#1768);
#1177=LINE('',#6656,#1769);
#1178=LINE('',#6657,#1770);
#1179=LINE('',#6659,#1771);
#1180=LINE('',#6660,#1772);
#1181=LINE('',#6666,#1773);
#1182=LINE('',#6668,#1774);
#1183=LINE('',#6670,#1775);
#1184=LINE('',#6671,#1776);
#1185=LINE('',#6674,#1777);
#1186=LINE('',#6676,#1778);
#1187=LINE('',#6677,#1779);
#1188=LINE('',#6680,#1780);
#1189=LINE('',#6682,#1781);
#1190=LINE('',#6683,#1782);
#1191=LINE('',#6685,#1783);
#1192=LINE('',#6686,#1784);
#1193=LINE('',#6692,#1785);
#1194=LINE('',#6694,#1786);
#1195=LINE('',#6696,#1787);
#1196=LINE('',#6697,#1788);
#1197=LINE('',#6700,#1789);
#1198=LINE('',#6702,#1790);
#1199=LINE('',#6703,#1791);
#1200=LINE('',#6706,#1792);
#1201=LINE('',#6708,#1793);
#1202=LINE('',#6709,#1794);
#1203=LINE('',#6711,#1795);
#1204=LINE('',#6712,#1796);
#1205=LINE('',#6718,#1797);
#1206=LINE('',#6720,#1798);
#1207=LINE('',#6722,#1799);
#1208=LINE('',#6723,#1800);
#1209=LINE('',#6726,#1801);
#1210=LINE('',#6728,#1802);
#1211=LINE('',#6729,#1803);
#1212=LINE('',#6732,#1804);
#1213=LINE('',#6734,#1805);
#1214=LINE('',#6735,#1806);
#1215=LINE('',#6737,#1807);
#1216=LINE('',#6738,#1808);
#1217=LINE('',#6744,#1809);
#1218=LINE('',#6746,#1810);
#1219=LINE('',#6748,#1811);
#1220=LINE('',#6749,#1812);
#1221=LINE('',#6752,#1813);
#1222=LINE('',#6754,#1814);
#1223=LINE('',#6755,#1815);
#1224=LINE('',#6758,#1816);
#1225=LINE('',#6760,#1817);
#1226=LINE('',#6761,#1818);
#1227=LINE('',#6763,#1819);
#1228=LINE('',#6764,#1820);
#1229=LINE('',#6770,#1821);
#1230=LINE('',#6772,#1822);
#1231=LINE('',#6774,#1823);
#1232=LINE('',#6775,#1824);
#1233=LINE('',#6778,#1825);
#1234=LINE('',#6780,#1826);
#1235=LINE('',#6781,#1827);
#1236=LINE('',#6784,#1828);
#1237=LINE('',#6786,#1829);
#1238=LINE('',#6787,#1830);
#1239=LINE('',#6789,#1831);
#1240=LINE('',#6790,#1832);
#1241=LINE('',#6796,#1833);
#1242=LINE('',#6798,#1834);
#1243=LINE('',#6800,#1835);
#1244=LINE('',#6801,#1836);
#1245=LINE('',#6804,#1837);
#1246=LINE('',#6806,#1838);
#1247=LINE('',#6807,#1839);
#1248=LINE('',#6810,#1840);
#1249=LINE('',#6812,#1841);
#1250=LINE('',#6813,#1842);
#1251=LINE('',#6815,#1843);
#1252=LINE('',#6816,#1844);
#1253=LINE('',#6822,#1845);
#1254=LINE('',#6824,#1846);
#1255=LINE('',#6826,#1847);
#1256=LINE('',#6827,#1848);
#1257=LINE('',#6830,#1849);
#1258=LINE('',#6832,#1850);
#1259=LINE('',#6833,#1851);
#1260=LINE('',#6836,#1852);
#1261=LINE('',#6838,#1853);
#1262=LINE('',#6839,#1854);
#1263=LINE('',#6841,#1855);
#1264=LINE('',#6842,#1856);
#1265=LINE('',#6848,#1857);
#1266=LINE('',#6850,#1858);
#1267=LINE('',#6852,#1859);
#1268=LINE('',#6853,#1860);
#1269=LINE('',#6856,#1861);
#1270=LINE('',#6858,#1862);
#1271=LINE('',#6859,#1863);
#1272=LINE('',#6862,#1864);
#1273=LINE('',#6864,#1865);
#1274=LINE('',#6865,#1866);
#1275=LINE('',#6867,#1867);
#1276=LINE('',#6868,#1868);
#1277=LINE('',#6874,#1869);
#1278=LINE('',#6876,#1870);
#1279=LINE('',#6878,#1871);
#1280=LINE('',#6879,#1872);
#1281=LINE('',#6882,#1873);
#1282=LINE('',#6884,#1874);
#1283=LINE('',#6885,#1875);
#1284=LINE('',#6888,#1876);
#1285=LINE('',#6890,#1877);
#1286=LINE('',#6891,#1878);
#1287=LINE('',#6893,#1879);
#1288=LINE('',#6894,#1880);
#1289=LINE('',#6900,#1881);
#1290=LINE('',#6902,#1882);
#1291=LINE('',#6904,#1883);
#1292=LINE('',#6905,#1884);
#1293=LINE('',#6908,#1885);
#1294=LINE('',#6910,#1886);
#1295=LINE('',#6911,#1887);
#1296=LINE('',#6914,#1888);
#1297=LINE('',#6916,#1889);
#1298=LINE('',#6917,#1890);
#1299=LINE('',#6919,#1891);
#1300=LINE('',#6920,#1892);
#1301=LINE('',#6926,#1893);
#1302=LINE('',#6928,#1894);
#1303=LINE('',#6930,#1895);
#1304=LINE('',#6931,#1896);
#1305=LINE('',#6934,#1897);
#1306=LINE('',#6936,#1898);
#1307=LINE('',#6937,#1899);
#1308=LINE('',#6940,#1900);
#1309=LINE('',#6942,#1901);
#1310=LINE('',#6943,#1902);
#1311=LINE('',#6945,#1903);
#1312=LINE('',#6946,#1904);
#1313=LINE('',#6952,#1905);
#1314=LINE('',#6954,#1906);
#1315=LINE('',#6956,#1907);
#1316=LINE('',#6957,#1908);
#1317=LINE('',#6960,#1909);
#1318=LINE('',#6962,#1910);
#1319=LINE('',#6963,#1911);
#1320=LINE('',#6966,#1912);
#1321=LINE('',#6968,#1913);
#1322=LINE('',#6969,#1914);
#1323=LINE('',#6971,#1915);
#1324=LINE('',#6972,#1916);
#1325=LINE('',#6978,#1917);
#1326=LINE('',#6980,#1918);
#1327=LINE('',#6982,#1919);
#1328=LINE('',#6983,#1920);
#1329=LINE('',#6986,#1921);
#1330=LINE('',#6988,#1922);
#1331=LINE('',#6989,#1923);
#1332=LINE('',#6992,#1924);
#1333=LINE('',#6994,#1925);
#1334=LINE('',#6995,#1926);
#1335=LINE('',#6997,#1927);
#1336=LINE('',#6998,#1928);
#1337=LINE('',#7004,#1929);
#1338=LINE('',#7006,#1930);
#1339=LINE('',#7008,#1931);
#1340=LINE('',#7009,#1932);
#1341=LINE('',#7012,#1933);
#1342=LINE('',#7014,#1934);
#1343=LINE('',#7015,#1935);
#1344=LINE('',#7018,#1936);
#1345=LINE('',#7020,#1937);
#1346=LINE('',#7021,#1938);
#1347=LINE('',#7023,#1939);
#1348=LINE('',#7024,#1940);
#1349=LINE('',#7030,#1941);
#1350=LINE('',#7032,#1942);
#1351=LINE('',#7034,#1943);
#1352=LINE('',#7035,#1944);
#1353=LINE('',#7038,#1945);
#1354=LINE('',#7040,#1946);
#1355=LINE('',#7041,#1947);
#1356=LINE('',#7044,#1948);
#1357=LINE('',#7046,#1949);
#1358=LINE('',#7047,#1950);
#1359=LINE('',#7049,#1951);
#1360=LINE('',#7050,#1952);
#1361=LINE('',#7056,#1953);
#1362=LINE('',#7058,#1954);
#1363=LINE('',#7060,#1955);
#1364=LINE('',#7061,#1956);
#1365=LINE('',#7064,#1957);
#1366=LINE('',#7066,#1958);
#1367=LINE('',#7067,#1959);
#1368=LINE('',#7070,#1960);
#1369=LINE('',#7072,#1961);
#1370=LINE('',#7073,#1962);
#1371=LINE('',#7075,#1963);
#1372=LINE('',#7076,#1964);
#1373=LINE('',#7082,#1965);
#1374=LINE('',#7084,#1966);
#1375=LINE('',#7086,#1967);
#1376=LINE('',#7087,#1968);
#1377=LINE('',#7090,#1969);
#1378=LINE('',#7092,#1970);
#1379=LINE('',#7093,#1971);
#1380=LINE('',#7096,#1972);
#1381=LINE('',#7098,#1973);
#1382=LINE('',#7099,#1974);
#1383=LINE('',#7101,#1975);
#1384=LINE('',#7102,#1976);
#1385=LINE('',#7108,#1977);
#1386=LINE('',#7110,#1978);
#1387=LINE('',#7112,#1979);
#1388=LINE('',#7113,#1980);
#1389=LINE('',#7116,#1981);
#1390=LINE('',#7118,#1982);
#1391=LINE('',#7119,#1983);
#1392=LINE('',#7122,#1984);
#1393=LINE('',#7124,#1985);
#1394=LINE('',#7125,#1986);
#1395=LINE('',#7127,#1987);
#1396=LINE('',#7128,#1988);
#1397=LINE('',#7134,#1989);
#1398=LINE('',#7136,#1990);
#1399=LINE('',#7138,#1991);
#1400=LINE('',#7139,#1992);
#1401=LINE('',#7142,#1993);
#1402=LINE('',#7144,#1994);
#1403=LINE('',#7145,#1995);
#1404=LINE('',#7148,#1996);
#1405=LINE('',#7150,#1997);
#1406=LINE('',#7151,#1998);
#1407=LINE('',#7153,#1999);
#1408=LINE('',#7154,#2000);
#1409=LINE('',#7160,#2001);
#1410=LINE('',#7162,#2002);
#1411=LINE('',#7164,#2003);
#1412=LINE('',#7165,#2004);
#1413=LINE('',#7168,#2005);
#1414=LINE('',#7170,#2006);
#1415=LINE('',#7171,#2007);
#1416=LINE('',#7174,#2008);
#1417=LINE('',#7176,#2009);
#1418=LINE('',#7177,#2010);
#1419=LINE('',#7179,#2011);
#1420=LINE('',#7180,#2012);
#1421=LINE('',#7186,#2013);
#1422=LINE('',#7188,#2014);
#1423=LINE('',#7190,#2015);
#1424=LINE('',#7191,#2016);
#1425=LINE('',#7194,#2017);
#1426=LINE('',#7196,#2018);
#1427=LINE('',#7197,#2019);
#1428=LINE('',#7200,#2020);
#1429=LINE('',#7202,#2021);
#1430=LINE('',#7203,#2022);
#1431=LINE('',#7205,#2023);
#1432=LINE('',#7206,#2024);
#1433=LINE('',#7212,#2025);
#1434=LINE('',#7214,#2026);
#1435=LINE('',#7216,#2027);
#1436=LINE('',#7217,#2028);
#1437=LINE('',#7220,#2029);
#1438=LINE('',#7222,#2030);
#1439=LINE('',#7223,#2031);
#1440=LINE('',#7226,#2032);
#1441=LINE('',#7228,#2033);
#1442=LINE('',#7229,#2034);
#1443=LINE('',#7231,#2035);
#1444=LINE('',#7232,#2036);
#1445=LINE('',#7238,#2037);
#1446=LINE('',#7240,#2038);
#1447=LINE('',#7242,#2039);
#1448=LINE('',#7243,#2040);
#1449=LINE('',#7246,#2041);
#1450=LINE('',#7248,#2042);
#1451=LINE('',#7249,#2043);
#1452=LINE('',#7252,#2044);
#1453=LINE('',#7254,#2045);
#1454=LINE('',#7255,#2046);
#1455=LINE('',#7257,#2047);
#1456=LINE('',#7258,#2048);
#1457=LINE('',#7264,#2049);
#1458=LINE('',#7266,#2050);
#1459=LINE('',#7268,#2051);
#1460=LINE('',#7269,#2052);
#1461=LINE('',#7272,#2053);
#1462=LINE('',#7274,#2054);
#1463=LINE('',#7275,#2055);
#1464=LINE('',#7278,#2056);
#1465=LINE('',#7280,#2057);
#1466=LINE('',#7281,#2058);
#1467=LINE('',#7283,#2059);
#1468=LINE('',#7284,#2060);
#1469=LINE('',#7290,#2061);
#1470=LINE('',#7292,#2062);
#1471=LINE('',#7294,#2063);
#1472=LINE('',#7295,#2064);
#1473=LINE('',#7298,#2065);
#1474=LINE('',#7300,#2066);
#1475=LINE('',#7301,#2067);
#1476=LINE('',#7304,#2068);
#1477=LINE('',#7306,#2069);
#1478=LINE('',#7307,#2070);
#1479=LINE('',#7309,#2071);
#1480=LINE('',#7310,#2072);
#1481=LINE('',#7316,#2073);
#1482=LINE('',#7318,#2074);
#1483=LINE('',#7320,#2075);
#1484=LINE('',#7321,#2076);
#1485=LINE('',#7324,#2077);
#1486=LINE('',#7326,#2078);
#1487=LINE('',#7327,#2079);
#1488=LINE('',#7330,#2080);
#1489=LINE('',#7332,#2081);
#1490=LINE('',#7333,#2082);
#1491=LINE('',#7335,#2083);
#1492=LINE('',#7336,#2084);
#1493=LINE('',#7342,#2085);
#1494=LINE('',#7344,#2086);
#1495=LINE('',#7346,#2087);
#1496=LINE('',#7347,#2088);
#1497=LINE('',#7350,#2089);
#1498=LINE('',#7352,#2090);
#1499=LINE('',#7353,#2091);
#1500=LINE('',#7356,#2092);
#1501=LINE('',#7358,#2093);
#1502=LINE('',#7359,#2094);
#1503=LINE('',#7361,#2095);
#1504=LINE('',#7362,#2096);
#1505=LINE('',#7368,#2097);
#1506=LINE('',#7370,#2098);
#1507=LINE('',#7372,#2099);
#1508=LINE('',#7373,#2100);
#1509=LINE('',#7376,#2101);
#1510=LINE('',#7378,#2102);
#1511=LINE('',#7379,#2103);
#1512=LINE('',#7382,#2104);
#1513=LINE('',#7384,#2105);
#1514=LINE('',#7385,#2106);
#1515=LINE('',#7387,#2107);
#1516=LINE('',#7388,#2108);
#1517=LINE('',#7394,#2109);
#1518=LINE('',#7396,#2110);
#1519=LINE('',#7398,#2111);
#1520=LINE('',#7399,#2112);
#1521=LINE('',#7402,#2113);
#1522=LINE('',#7404,#2114);
#1523=LINE('',#7405,#2115);
#1524=LINE('',#7408,#2116);
#1525=LINE('',#7410,#2117);
#1526=LINE('',#7411,#2118);
#1527=LINE('',#7413,#2119);
#1528=LINE('',#7414,#2120);
#1529=LINE('',#7420,#2121);
#1530=LINE('',#7422,#2122);
#1531=LINE('',#7424,#2123);
#1532=LINE('',#7425,#2124);
#1533=LINE('',#7428,#2125);
#1534=LINE('',#7430,#2126);
#1535=LINE('',#7431,#2127);
#1536=LINE('',#7434,#2128);
#1537=LINE('',#7436,#2129);
#1538=LINE('',#7437,#2130);
#1539=LINE('',#7439,#2131);
#1540=LINE('',#7440,#2132);
#1541=LINE('',#7446,#2133);
#1542=LINE('',#7448,#2134);
#1543=LINE('',#7450,#2135);
#1544=LINE('',#7451,#2136);
#1545=LINE('',#7454,#2137);
#1546=LINE('',#7456,#2138);
#1547=LINE('',#7457,#2139);
#1548=LINE('',#7460,#2140);
#1549=LINE('',#7462,#2141);
#1550=LINE('',#7463,#2142);
#1551=LINE('',#7465,#2143);
#1552=LINE('',#7466,#2144);
#1553=LINE('',#7472,#2145);
#1554=LINE('',#7474,#2146);
#1555=LINE('',#7476,#2147);
#1556=LINE('',#7477,#2148);
#1557=LINE('',#7480,#2149);
#1558=LINE('',#7482,#2150);
#1559=LINE('',#7483,#2151);
#1560=LINE('',#7486,#2152);
#1561=LINE('',#7488,#2153);
#1562=LINE('',#7489,#2154);
#1563=LINE('',#7491,#2155);
#1564=LINE('',#7492,#2156);
#1565=LINE('',#7498,#2157);
#1566=LINE('',#7500,#2158);
#1567=LINE('',#7502,#2159);
#1568=LINE('',#7503,#2160);
#1569=LINE('',#7506,#2161);
#1570=LINE('',#7508,#2162);
#1571=LINE('',#7509,#2163);
#1572=LINE('',#7512,#2164);
#1573=LINE('',#7514,#2165);
#1574=LINE('',#7515,#2166);
#1575=LINE('',#7517,#2167);
#1576=LINE('',#7518,#2168);
#1577=LINE('',#7524,#2169);
#1578=LINE('',#7526,#2170);
#1579=LINE('',#7528,#2171);
#1580=LINE('',#7529,#2172);
#1581=LINE('',#7532,#2173);
#1582=LINE('',#7534,#2174);
#1583=LINE('',#7535,#2175);
#1584=LINE('',#7538,#2176);
#1585=LINE('',#7540,#2177);
#1586=LINE('',#7541,#2178);
#1587=LINE('',#7543,#2179);
#1588=LINE('',#7544,#2180);
#1589=LINE('',#7550,#2181);
#1590=LINE('',#7552,#2182);
#1591=LINE('',#7554,#2183);
#1592=LINE('',#7555,#2184);
#1593=LINE('',#7558,#2185);
#1594=LINE('',#7560,#2186);
#1595=LINE('',#7561,#2187);
#1596=LINE('',#7564,#2188);
#1597=LINE('',#7566,#2189);
#1598=LINE('',#7567,#2190);
#1599=LINE('',#7569,#2191);
#1600=LINE('',#7570,#2192);
#1601=LINE('',#7576,#2193);
#1602=LINE('',#7578,#2194);
#1603=LINE('',#7580,#2195);
#1604=LINE('',#7581,#2196);
#1605=LINE('',#7584,#2197);
#1606=LINE('',#7586,#2198);
#1607=LINE('',#7587,#2199);
#1608=LINE('',#7590,#2200);
#1609=LINE('',#7592,#2201);
#1610=LINE('',#7593,#2202);
#1611=LINE('',#7595,#2203);
#1612=LINE('',#7596,#2204);
#1613=VECTOR('',#5094,0.500000000000003);
#1614=VECTOR('',#5101,0.500000000000003);
#1615=VECTOR('',#5108,27.);
#1616=VECTOR('',#5115,33.);
#1617=VECTOR('',#5124,10.);
#1618=VECTOR('',#5125,10.);
#1619=VECTOR('',#5126,10.);
#1620=VECTOR('',#5127,10.);
#1621=VECTOR('',#5130,10.);
#1622=VECTOR('',#5131,10.);
#1623=VECTOR('',#5132,10.);
#1624=VECTOR('',#5135,10.);
#1625=VECTOR('',#5136,10.);
#1626=VECTOR('',#5137,10.);
#1627=VECTOR('',#5140,10.);
#1628=VECTOR('',#5141,10.);
#1629=VECTOR('',#5148,10.);
#1630=VECTOR('',#5149,10.);
#1631=VECTOR('',#5150,10.);
#1632=VECTOR('',#5151,10.);
#1633=VECTOR('',#5154,10.);
#1634=VECTOR('',#5155,10.);
#1635=VECTOR('',#5156,10.);
#1636=VECTOR('',#5159,10.);
#1637=VECTOR('',#5160,10.);
#1638=VECTOR('',#5161,10.);
#1639=VECTOR('',#5164,10.);
#1640=VECTOR('',#5165,10.);
#1641=VECTOR('',#5172,10.);
#1642=VECTOR('',#5173,10.);
#1643=VECTOR('',#5174,10.);
#1644=VECTOR('',#5175,10.);
#1645=VECTOR('',#5178,10.);
#1646=VECTOR('',#5179,10.);
#1647=VECTOR('',#5180,10.);
#1648=VECTOR('',#5183,10.);
#1649=VECTOR('',#5184,10.);
#1650=VECTOR('',#5185,10.);
#1651=VECTOR('',#5188,10.);
#1652=VECTOR('',#5189,10.);
#1653=VECTOR('',#5196,10.);
#1654=VECTOR('',#5197,10.);
#1655=VECTOR('',#5198,10.);
#1656=VECTOR('',#5199,10.);
#1657=VECTOR('',#5202,10.);
#1658=VECTOR('',#5203,10.);
#1659=VECTOR('',#5204,10.);
#1660=VECTOR('',#5207,10.);
#1661=VECTOR('',#5208,10.);
#1662=VECTOR('',#5209,10.);
#1663=VECTOR('',#5212,10.);
#1664=VECTOR('',#5213,10.);
#1665=VECTOR('',#5220,10.);
#1666=VECTOR('',#5221,10.);
#1667=VECTOR('',#5222,10.);
#1668=VECTOR('',#5223,10.);
#1669=VECTOR('',#5226,10.);
#1670=VECTOR('',#5227,10.);
#1671=VECTOR('',#5228,10.);
#1672=VECTOR('',#5231,10.);
#1673=VECTOR('',#5232,10.);
#1674=VECTOR('',#5233,10.);
#1675=VECTOR('',#5236,10.);
#1676=VECTOR('',#5237,10.);
#1677=VECTOR('',#5244,10.);
#1678=VECTOR('',#5245,10.);
#1679=VECTOR('',#5246,10.);
#1680=VECTOR('',#5247,10.);
#1681=VECTOR('',#5250,10.);
#1682=VECTOR('',#5251,10.);
#1683=VECTOR('',#5252,10.);
#1684=VECTOR('',#5255,10.);
#1685=VECTOR('',#5256,10.);
#1686=VECTOR('',#5257,10.);
#1687=VECTOR('',#5260,10.);
#1688=VECTOR('',#5261,10.);
#1689=VECTOR('',#5268,10.);
#1690=VECTOR('',#5269,10.);
#1691=VECTOR('',#5270,10.);
#1692=VECTOR('',#5271,10.);
#1693=VECTOR('',#5274,10.);
#1694=VECTOR('',#5275,10.);
#1695=VECTOR('',#5276,10.);
#1696=VECTOR('',#5279,10.);
#1697=VECTOR('',#5280,10.);
#1698=VECTOR('',#5281,10.);
#1699=VECTOR('',#5284,10.);
#1700=VECTOR('',#5285,10.);
#1701=VECTOR('',#5292,10.);
#1702=VECTOR('',#5293,10.);
#1703=VECTOR('',#5294,10.);
#1704=VECTOR('',#5295,10.);
#1705=VECTOR('',#5298,10.);
#1706=VECTOR('',#5299,10.);
#1707=VECTOR('',#5300,10.);
#1708=VECTOR('',#5303,10.);
#1709=VECTOR('',#5304,10.);
#1710=VECTOR('',#5305,10.);
#1711=VECTOR('',#5308,10.);
#1712=VECTOR('',#5309,10.);
#1713=VECTOR('',#5316,10.);
#1714=VECTOR('',#5317,10.);
#1715=VECTOR('',#5318,10.);
#1716=VECTOR('',#5319,10.);
#1717=VECTOR('',#5322,10.);
#1718=VECTOR('',#5323,10.);
#1719=VECTOR('',#5324,10.);
#1720=VECTOR('',#5327,10.);
#1721=VECTOR('',#5328,10.);
#1722=VECTOR('',#5329,10.);
#1723=VECTOR('',#5332,10.);
#1724=VECTOR('',#5333,10.);
#1725=VECTOR('',#5340,10.);
#1726=VECTOR('',#5341,10.);
#1727=VECTOR('',#5342,10.);
#1728=VECTOR('',#5343,10.);
#1729=VECTOR('',#5346,10.);
#1730=VECTOR('',#5347,10.);
#1731=VECTOR('',#5348,10.);
#1732=VECTOR('',#5351,10.);
#1733=VECTOR('',#5352,10.);
#1734=VECTOR('',#5353,10.);
#1735=VECTOR('',#5356,10.);
#1736=VECTOR('',#5357,10.);
#1737=VECTOR('',#5364,10.);
#1738=VECTOR('',#5365,10.);
#1739=VECTOR('',#5366,10.);
#1740=VECTOR('',#5367,10.);
#1741=VECTOR('',#5370,10.);
#1742=VECTOR('',#5371,10.);
#1743=VECTOR('',#5372,10.);
#1744=VECTOR('',#5375,10.);
#1745=VECTOR('',#5376,10.);
#1746=VECTOR('',#5377,10.);
#1747=VECTOR('',#5380,10.);
#1748=VECTOR('',#5381,10.);
#1749=VECTOR('',#5388,10.);
#1750=VECTOR('',#5389,10.);
#1751=VECTOR('',#5390,10.);
#1752=VECTOR('',#5391,10.);
#1753=VECTOR('',#5394,10.);
#1754=VECTOR('',#5395,10.);
#1755=VECTOR('',#5396,10.);
#1756=VECTOR('',#5399,10.);
#1757=VECTOR('',#5400,10.);
#1758=VECTOR('',#5401,10.);
#1759=VECTOR('',#5404,10.);
#1760=VECTOR('',#5405,10.);
#1761=VECTOR('',#5412,10.);
#1762=VECTOR('',#5413,10.);
#1763=VECTOR('',#5414,10.);
#1764=VECTOR('',#5415,10.);
#1765=VECTOR('',#5418,10.);
#1766=VECTOR('',#5419,10.);
#1767=VECTOR('',#5420,10.);
#1768=VECTOR('',#5423,10.);
#1769=VECTOR('',#5424,10.);
#1770=VECTOR('',#5425,10.);
#1771=VECTOR('',#5428,10.);
#1772=VECTOR('',#5429,10.);
#1773=VECTOR('',#5436,10.);
#1774=VECTOR('',#5437,10.);
#1775=VECTOR('',#5438,10.);
#1776=VECTOR('',#5439,10.);
#1777=VECTOR('',#5442,10.);
#1778=VECTOR('',#5443,10.);
#1779=VECTOR('',#5444,10.);
#1780=VECTOR('',#5447,10.);
#1781=VECTOR('',#5448,10.);
#1782=VECTOR('',#5449,10.);
#1783=VECTOR('',#5452,10.);
#1784=VECTOR('',#5453,10.);
#1785=VECTOR('',#5460,10.);
#1786=VECTOR('',#5461,10.);
#1787=VECTOR('',#5462,10.);
#1788=VECTOR('',#5463,10.);
#1789=VECTOR('',#5466,10.);
#1790=VECTOR('',#5467,10.);
#1791=VECTOR('',#5468,10.);
#1792=VECTOR('',#5471,10.);
#1793=VECTOR('',#5472,10.);
#1794=VECTOR('',#5473,10.);
#1795=VECTOR('',#5476,10.);
#1796=VECTOR('',#5477,10.);
#1797=VECTOR('',#5484,10.);
#1798=VECTOR('',#5485,10.);
#1799=VECTOR('',#5486,10.);
#1800=VECTOR('',#5487,10.);
#1801=VECTOR('',#5490,10.);
#1802=VECTOR('',#5491,10.);
#1803=VECTOR('',#5492,10.);
#1804=VECTOR('',#5495,10.);
#1805=VECTOR('',#5496,10.);
#1806=VECTOR('',#5497,10.);
#1807=VECTOR('',#5500,10.);
#1808=VECTOR('',#5501,10.);
#1809=VECTOR('',#5508,10.);
#1810=VECTOR('',#5509,10.);
#1811=VECTOR('',#5510,10.);
#1812=VECTOR('',#5511,10.);
#1813=VECTOR('',#5514,10.);
#1814=VECTOR('',#5515,10.);
#1815=VECTOR('',#5516,10.);
#1816=VECTOR('',#5519,10.);
#1817=VECTOR('',#5520,10.);
#1818=VECTOR('',#5521,10.);
#1819=VECTOR('',#5524,10.);
#1820=VECTOR('',#5525,10.);
#1821=VECTOR('',#5532,10.);
#1822=VECTOR('',#5533,10.);
#1823=VECTOR('',#5534,10.);
#1824=VECTOR('',#5535,10.);
#1825=VECTOR('',#5538,10.);
#1826=VECTOR('',#5539,10.);
#1827=VECTOR('',#5540,10.);
#1828=VECTOR('',#5543,10.);
#1829=VECTOR('',#5544,10.);
#1830=VECTOR('',#5545,10.);
#1831=VECTOR('',#5548,10.);
#1832=VECTOR('',#5549,10.);
#1833=VECTOR('',#5556,10.);
#1834=VECTOR('',#5557,10.);
#1835=VECTOR('',#5558,10.);
#1836=VECTOR('',#5559,10.);
#1837=VECTOR('',#5562,10.);
#1838=VECTOR('',#5563,10.);
#1839=VECTOR('',#5564,10.);
#1840=VECTOR('',#5567,10.);
#1841=VECTOR('',#5568,10.);
#1842=VECTOR('',#5569,10.);
#1843=VECTOR('',#5572,10.);
#1844=VECTOR('',#5573,10.);
#1845=VECTOR('',#5580,10.);
#1846=VECTOR('',#5581,10.);
#1847=VECTOR('',#5582,10.);
#1848=VECTOR('',#5583,10.);
#1849=VECTOR('',#5586,10.);
#1850=VECTOR('',#5587,10.);
#1851=VECTOR('',#5588,10.);
#1852=VECTOR('',#5591,10.);
#1853=VECTOR('',#5592,10.);
#1854=VECTOR('',#5593,10.);
#1855=VECTOR('',#5596,10.);
#1856=VECTOR('',#5597,10.);
#1857=VECTOR('',#5604,10.);
#1858=VECTOR('',#5605,10.);
#1859=VECTOR('',#5606,10.);
#1860=VECTOR('',#5607,10.);
#1861=VECTOR('',#5610,10.);
#1862=VECTOR('',#5611,10.);
#1863=VECTOR('',#5612,10.);
#1864=VECTOR('',#5615,10.);
#1865=VECTOR('',#5616,10.);
#1866=VECTOR('',#5617,10.);
#1867=VECTOR('',#5620,10.);
#1868=VECTOR('',#5621,10.);
#1869=VECTOR('',#5628,10.);
#1870=VECTOR('',#5629,10.);
#1871=VECTOR('',#5630,10.);
#1872=VECTOR('',#5631,10.);
#1873=VECTOR('',#5634,10.);
#1874=VECTOR('',#5635,10.);
#1875=VECTOR('',#5636,10.);
#1876=VECTOR('',#5639,10.);
#1877=VECTOR('',#5640,10.);
#1878=VECTOR('',#5641,10.);
#1879=VECTOR('',#5644,10.);
#1880=VECTOR('',#5645,10.);
#1881=VECTOR('',#5652,10.);
#1882=VECTOR('',#5653,10.);
#1883=VECTOR('',#5654,10.);
#1884=VECTOR('',#5655,10.);
#1885=VECTOR('',#5658,10.);
#1886=VECTOR('',#5659,10.);
#1887=VECTOR('',#5660,10.);
#1888=VECTOR('',#5663,10.);
#1889=VECTOR('',#5664,10.);
#1890=VECTOR('',#5665,10.);
#1891=VECTOR('',#5668,10.);
#1892=VECTOR('',#5669,10.);
#1893=VECTOR('',#5676,10.);
#1894=VECTOR('',#5677,10.);
#1895=VECTOR('',#5678,10.);
#1896=VECTOR('',#5679,10.);
#1897=VECTOR('',#5682,10.);
#1898=VECTOR('',#5683,10.);
#1899=VECTOR('',#5684,10.);
#1900=VECTOR('',#5687,10.);
#1901=VECTOR('',#5688,10.);
#1902=VECTOR('',#5689,10.);
#1903=VECTOR('',#5692,10.);
#1904=VECTOR('',#5693,10.);
#1905=VECTOR('',#5700,10.);
#1906=VECTOR('',#5701,10.);
#1907=VECTOR('',#5702,10.);
#1908=VECTOR('',#5703,10.);
#1909=VECTOR('',#5706,10.);
#1910=VECTOR('',#5707,10.);
#1911=VECTOR('',#5708,10.);
#1912=VECTOR('',#5711,10.);
#1913=VECTOR('',#5712,10.);
#1914=VECTOR('',#5713,10.);
#1915=VECTOR('',#5716,10.);
#1916=VECTOR('',#5717,10.);
#1917=VECTOR('',#5724,10.);
#1918=VECTOR('',#5725,10.);
#1919=VECTOR('',#5726,10.);
#1920=VECTOR('',#5727,10.);
#1921=VECTOR('',#5730,10.);
#1922=VECTOR('',#5731,10.);
#1923=VECTOR('',#5732,10.);
#1924=VECTOR('',#5735,10.);
#1925=VECTOR('',#5736,10.);
#1926=VECTOR('',#5737,10.);
#1927=VECTOR('',#5740,10.);
#1928=VECTOR('',#5741,10.);
#1929=VECTOR('',#5748,10.);
#1930=VECTOR('',#5749,10.);
#1931=VECTOR('',#5750,10.);
#1932=VECTOR('',#5751,10.);
#1933=VECTOR('',#5754,10.);
#1934=VECTOR('',#5755,10.);
#1935=VECTOR('',#5756,10.);
#1936=VECTOR('',#5759,10.);
#1937=VECTOR('',#5760,10.);
#1938=VECTOR('',#5761,10.);
#1939=VECTOR('',#5764,10.);
#1940=VECTOR('',#5765,10.);
#1941=VECTOR('',#5772,10.);
#1942=VECTOR('',#5773,10.);
#1943=VECTOR('',#5774,10.);
#1944=VECTOR('',#5775,10.);
#1945=VECTOR('',#5778,10.);
#1946=VECTOR('',#5779,10.);
#1947=VECTOR('',#5780,10.);
#1948=VECTOR('',#5783,10.);
#1949=VECTOR('',#5784,10.);
#1950=VECTOR('',#5785,10.);
#1951=VECTOR('',#5788,10.);
#1952=VECTOR('',#5789,10.);
#1953=VECTOR('',#5796,10.);
#1954=VECTOR('',#5797,10.);
#1955=VECTOR('',#5798,10.);
#1956=VECTOR('',#5799,10.);
#1957=VECTOR('',#5802,10.);
#1958=VECTOR('',#5803,10.);
#1959=VECTOR('',#5804,10.);
#1960=VECTOR('',#5807,10.);
#1961=VECTOR('',#5808,10.);
#1962=VECTOR('',#5809,10.);
#1963=VECTOR('',#5812,10.);
#1964=VECTOR('',#5813,10.);
#1965=VECTOR('',#5820,10.);
#1966=VECTOR('',#5821,10.);
#1967=VECTOR('',#5822,10.);
#1968=VECTOR('',#5823,10.);
#1969=VECTOR('',#5826,10.);
#1970=VECTOR('',#5827,10.);
#1971=VECTOR('',#5828,10.);
#1972=VECTOR('',#5831,10.);
#1973=VECTOR('',#5832,10.);
#1974=VECTOR('',#5833,10.);
#1975=VECTOR('',#5836,10.);
#1976=VECTOR('',#5837,10.);
#1977=VECTOR('',#5844,10.);
#1978=VECTOR('',#5845,10.);
#1979=VECTOR('',#5846,10.);
#1980=VECTOR('',#5847,10.);
#1981=VECTOR('',#5850,10.);
#1982=VECTOR('',#5851,10.);
#1983=VECTOR('',#5852,10.);
#1984=VECTOR('',#5855,10.);
#1985=VECTOR('',#5856,10.);
#1986=VECTOR('',#5857,10.);
#1987=VECTOR('',#5860,10.);
#1988=VECTOR('',#5861,10.);
#1989=VECTOR('',#5868,10.);
#1990=VECTOR('',#5869,10.);
#1991=VECTOR('',#5870,10.);
#1992=VECTOR('',#5871,10.);
#1993=VECTOR('',#5874,10.);
#1994=VECTOR('',#5875,10.);
#1995=VECTOR('',#5876,10.);
#1996=VECTOR('',#5879,10.);
#1997=VECTOR('',#5880,10.);
#1998=VECTOR('',#5881,10.);
#1999=VECTOR('',#5884,10.);
#2000=VECTOR('',#5885,10.);
#2001=VECTOR('',#5892,10.);
#2002=VECTOR('',#5893,10.);
#2003=VECTOR('',#5894,10.);
#2004=VECTOR('',#5895,10.);
#2005=VECTOR('',#5898,10.);
#2006=VECTOR('',#5899,10.);
#2007=VECTOR('',#5900,10.);
#2008=VECTOR('',#5903,10.);
#2009=VECTOR('',#5904,10.);
#2010=VECTOR('',#5905,10.);
#2011=VECTOR('',#5908,10.);
#2012=VECTOR('',#5909,10.);
#2013=VECTOR('',#5916,10.);
#2014=VECTOR('',#5917,10.);
#2015=VECTOR('',#5918,10.);
#2016=VECTOR('',#5919,10.);
#2017=VECTOR('',#5922,10.);
#2018=VECTOR('',#5923,10.);
#2019=VECTOR('',#5924,10.);
#2020=VECTOR('',#5927,10.);
#2021=VECTOR('',#5928,10.);
#2022=VECTOR('',#5929,10.);
#2023=VECTOR('',#5932,10.);
#2024=VECTOR('',#5933,10.);
#2025=VECTOR('',#5940,10.);
#2026=VECTOR('',#5941,10.);
#2027=VECTOR('',#5942,10.);
#2028=VECTOR('',#5943,10.);
#2029=VECTOR('',#5946,10.);
#2030=VECTOR('',#5947,10.);
#2031=VECTOR('',#5948,10.);
#2032=VECTOR('',#5951,10.);
#2033=VECTOR('',#5952,10.);
#2034=VECTOR('',#5953,10.);
#2035=VECTOR('',#5956,10.);
#2036=VECTOR('',#5957,10.);
#2037=VECTOR('',#5964,10.);
#2038=VECTOR('',#5965,10.);
#2039=VECTOR('',#5966,10.);
#2040=VECTOR('',#5967,10.);
#2041=VECTOR('',#5970,10.);
#2042=VECTOR('',#5971,10.);
#2043=VECTOR('',#5972,10.);
#2044=VECTOR('',#5975,10.);
#2045=VECTOR('',#5976,10.);
#2046=VECTOR('',#5977,10.);
#2047=VECTOR('',#5980,10.);
#2048=VECTOR('',#5981,10.);
#2049=VECTOR('',#5988,10.);
#2050=VECTOR('',#5989,10.);
#2051=VECTOR('',#5990,10.);
#2052=VECTOR('',#5991,10.);
#2053=VECTOR('',#5994,10.);
#2054=VECTOR('',#5995,10.);
#2055=VECTOR('',#5996,10.);
#2056=VECTOR('',#5999,10.);
#2057=VECTOR('',#6000,10.);
#2058=VECTOR('',#6001,10.);
#2059=VECTOR('',#6004,10.);
#2060=VECTOR('',#6005,10.);
#2061=VECTOR('',#6012,10.);
#2062=VECTOR('',#6013,10.);
#2063=VECTOR('',#6014,10.);
#2064=VECTOR('',#6015,10.);
#2065=VECTOR('',#6018,10.);
#2066=VECTOR('',#6019,10.);
#2067=VECTOR('',#6020,10.);
#2068=VECTOR('',#6023,10.);
#2069=VECTOR('',#6024,10.);
#2070=VECTOR('',#6025,10.);
#2071=VECTOR('',#6028,10.);
#2072=VECTOR('',#6029,10.);
#2073=VECTOR('',#6036,10.);
#2074=VECTOR('',#6037,10.);
#2075=VECTOR('',#6038,10.);
#2076=VECTOR('',#6039,10.);
#2077=VECTOR('',#6042,10.);
#2078=VECTOR('',#6043,10.);
#2079=VECTOR('',#6044,10.);
#2080=VECTOR('',#6047,10.);
#2081=VECTOR('',#6048,10.);
#2082=VECTOR('',#6049,10.);
#2083=VECTOR('',#6052,10.);
#2084=VECTOR('',#6053,10.);
#2085=VECTOR('',#6060,10.);
#2086=VECTOR('',#6061,10.);
#2087=VECTOR('',#6062,10.);
#2088=VECTOR('',#6063,10.);
#2089=VECTOR('',#6066,10.);
#2090=VECTOR('',#6067,10.);
#2091=VECTOR('',#6068,10.);
#2092=VECTOR('',#6071,10.);
#2093=VECTOR('',#6072,10.);
#2094=VECTOR('',#6073,10.);
#2095=VECTOR('',#6076,10.);
#2096=VECTOR('',#6077,10.);
#2097=VECTOR('',#6084,10.);
#2098=VECTOR('',#6085,10.);
#2099=VECTOR('',#6086,10.);
#2100=VECTOR('',#6087,10.);
#2101=VECTOR('',#6090,10.);
#2102=VECTOR('',#6091,10.);
#2103=VECTOR('',#6092,10.);
#2104=VECTOR('',#6095,10.);
#2105=VECTOR('',#6096,10.);
#2106=VECTOR('',#6097,10.);
#2107=VECTOR('',#6100,10.);
#2108=VECTOR('',#6101,10.);
#2109=VECTOR('',#6108,10.);
#2110=VECTOR('',#6109,10.);
#2111=VECTOR('',#6110,10.);
#2112=VECTOR('',#6111,10.);
#2113=VECTOR('',#6114,10.);
#2114=VECTOR('',#6115,10.);
#2115=VECTOR('',#6116,10.);
#2116=VECTOR('',#6119,10.);
#2117=VECTOR('',#6120,10.);
#2118=VECTOR('',#6121,10.);
#2119=VECTOR('',#6124,10.);
#2120=VECTOR('',#6125,10.);
#2121=VECTOR('',#6132,10.);
#2122=VECTOR('',#6133,10.);
#2123=VECTOR('',#6134,10.);
#2124=VECTOR('',#6135,10.);
#2125=VECTOR('',#6138,10.);
#2126=VECTOR('',#6139,10.);
#2127=VECTOR('',#6140,10.);
#2128=VECTOR('',#6143,10.);
#2129=VECTOR('',#6144,10.);
#2130=VECTOR('',#6145,10.);
#2131=VECTOR('',#6148,10.);
#2132=VECTOR('',#6149,10.);
#2133=VECTOR('',#6156,10.);
#2134=VECTOR('',#6157,10.);
#2135=VECTOR('',#6158,10.);
#2136=VECTOR('',#6159,10.);
#2137=VECTOR('',#6162,10.);
#2138=VECTOR('',#6163,10.);
#2139=VECTOR('',#6164,10.);
#2140=VECTOR('',#6167,10.);
#2141=VECTOR('',#6168,10.);
#2142=VECTOR('',#6169,10.);
#2143=VECTOR('',#6172,10.);
#2144=VECTOR('',#6173,10.);
#2145=VECTOR('',#6180,10.);
#2146=VECTOR('',#6181,10.);
#2147=VECTOR('',#6182,10.);
#2148=VECTOR('',#6183,10.);
#2149=VECTOR('',#6186,10.);
#2150=VECTOR('',#6187,10.);
#2151=VECTOR('',#6188,10.);
#2152=VECTOR('',#6191,10.);
#2153=VECTOR('',#6192,10.);
#2154=VECTOR('',#6193,10.);
#2155=VECTOR('',#6196,10.);
#2156=VECTOR('',#6197,10.);
#2157=VECTOR('',#6204,10.);
#2158=VECTOR('',#6205,10.);
#2159=VECTOR('',#6206,10.);
#2160=VECTOR('',#6207,10.);
#2161=VECTOR('',#6210,10.);
#2162=VECTOR('',#6211,10.);
#2163=VECTOR('',#6212,10.);
#2164=VECTOR('',#6215,10.);
#2165=VECTOR('',#6216,10.);
#2166=VECTOR('',#6217,10.);
#2167=VECTOR('',#6220,10.);
#2168=VECTOR('',#6221,10.);
#2169=VECTOR('',#6228,10.);
#2170=VECTOR('',#6229,10.);
#2171=VECTOR('',#6230,10.);
#2172=VECTOR('',#6231,10.);
#2173=VECTOR('',#6234,10.);
#2174=VECTOR('',#6235,10.);
#2175=VECTOR('',#6236,10.);
#2176=VECTOR('',#6239,10.);
#2177=VECTOR('',#6240,10.);
#2178=VECTOR('',#6241,10.);
#2179=VECTOR('',#6244,10.);
#2180=VECTOR('',#6245,10.);
#2181=VECTOR('',#6252,10.);
#2182=VECTOR('',#6253,10.);
#2183=VECTOR('',#6254,10.);
#2184=VECTOR('',#6255,10.);
#2185=VECTOR('',#6258,10.);
#2186=VECTOR('',#6259,10.);
#2187=VECTOR('',#6260,10.);
#2188=VECTOR('',#6263,10.);
#2189=VECTOR('',#6264,10.);
#2190=VECTOR('',#6265,10.);
#2191=VECTOR('',#6268,10.);
#2192=VECTOR('',#6269,10.);
#2193=VECTOR('',#6276,10.);
#2194=VECTOR('',#6277,10.);
#2195=VECTOR('',#6278,10.);
#2196=VECTOR('',#6279,10.);
#2197=VECTOR('',#6282,10.);
#2198=VECTOR('',#6283,10.);
#2199=VECTOR('',#6284,10.);
#2200=VECTOR('',#6287,10.);
#2201=VECTOR('',#6288,10.);
#2202=VECTOR('',#6289,10.);
#2203=VECTOR('',#6292,10.);
#2204=VECTOR('',#6293,10.);
#2205=CIRCLE('',#4781,0.500000000000003);
#2206=CIRCLE('',#4782,0.500000000000003);
#2207=CIRCLE('',#4784,0.500000000000003);
#2208=CIRCLE('',#4785,0.500000000000003);
#2209=CIRCLE('',#4787,27.);
#2210=CIRCLE('',#4788,27.);
#2211=CIRCLE('',#4790,33.);
#2212=CIRCLE('',#4791,33.);
#2213=VERTEX_POINT('',#6300);
#2214=VERTEX_POINT('',#6302);
#2215=VERTEX_POINT('',#6306);
#2216=VERTEX_POINT('',#6308);
#2217=VERTEX_POINT('',#6312);
#2218=VERTEX_POINT('',#6314);
#2219=VERTEX_POINT('',#6318);
#2220=VERTEX_POINT('',#6320);
#2221=VERTEX_POINT('',#6326);
#2222=VERTEX_POINT('',#6327);
#2223=VERTEX_POINT('',#6329);
#2224=VERTEX_POINT('',#6331);
#2225=VERTEX_POINT('',#6335);
#2226=VERTEX_POINT('',#6337);
#2227=VERTEX_POINT('',#6341);
#2228=VERTEX_POINT('',#6343);
#2229=VERTEX_POINT('',#6352);
#2230=VERTEX_POINT('',#6353);
#2231=VERTEX_POINT('',#6355);
#2232=VERTEX_POINT('',#6357);
#2233=VERTEX_POINT('',#6361);
#2234=VERTEX_POINT('',#6363);
#2235=VERTEX_POINT('',#6367);
#2236=VERTEX_POINT('',#6369);
#2237=VERTEX_POINT('',#6378);
#2238=VERTEX_POINT('',#6379);
#2239=VERTEX_POINT('',#6381);
#2240=VERTEX_POINT('',#6383);
#2241=VERTEX_POINT('',#6387);
#2242=VERTEX_POINT('',#6389);
#2243=VERTEX_POINT('',#6393);
#2244=VERTEX_POINT('',#6395);
#2245=VERTEX_POINT('',#6404);
#2246=VERTEX_POINT('',#6405);
#2247=VERTEX_POINT('',#6407);
#2248=VERTEX_POINT('',#6409);
#2249=VERTEX_POINT('',#6413);
#2250=VERTEX_POINT('',#6415);
#2251=VERTEX_POINT('',#6419);
#2252=VERTEX_POINT('',#6421);
#2253=VERTEX_POINT('',#6430);
#2254=VERTEX_POINT('',#6431);
#2255=VERTEX_POINT('',#6433);
#2256=VERTEX_POINT('',#6435);
#2257=VERTEX_POINT('',#6439);
#2258=VERTEX_POINT('',#6441);
#2259=VERTEX_POINT('',#6445);
#2260=VERTEX_POINT('',#6447);
#2261=VERTEX_POINT('',#6456);
#2262=VERTEX_POINT('',#6457);
#2263=VERTEX_POINT('',#6459);
#2264=VERTEX_POINT('',#6461);
#2265=VERTEX_POINT('',#6465);
#2266=VERTEX_POINT('',#6467);
#2267=VERTEX_POINT('',#6471);
#2268=VERTEX_POINT('',#6473);
#2269=VERTEX_POINT('',#6482);
#2270=VERTEX_POINT('',#6483);
#2271=VERTEX_POINT('',#6485);
#2272=VERTEX_POINT('',#6487);
#2273=VERTEX_POINT('',#6491);
#2274=VERTEX_POINT('',#6493);
#2275=VERTEX_POINT('',#6497);
#2276=VERTEX_POINT('',#6499);
#2277=VERTEX_POINT('',#6508);
#2278=VERTEX_POINT('',#6509);
#2279=VERTEX_POINT('',#6511);
#2280=VERTEX_POINT('',#6513);
#2281=VERTEX_POINT('',#6517);
#2282=VERTEX_POINT('',#6519);
#2283=VERTEX_POINT('',#6523);
#2284=VERTEX_POINT('',#6525);
#2285=VERTEX_POINT('',#6534);
#2286=VERTEX_POINT('',#6535);
#2287=VERTEX_POINT('',#6537);
#2288=VERTEX_POINT('',#6539);
#2289=VERTEX_POINT('',#6543);
#2290=VERTEX_POINT('',#6545);
#2291=VERTEX_POINT('',#6549);
#2292=VERTEX_POINT('',#6551);
#2293=VERTEX_POINT('',#6560);
#2294=VERTEX_POINT('',#6561);
#2295=VERTEX_POINT('',#6563);
#2296=VERTEX_POINT('',#6565);
#2297=VERTEX_POINT('',#6569);
#2298=VERTEX_POINT('',#6571);
#2299=VERTEX_POINT('',#6575);
#2300=VERTEX_POINT('',#6577);
#2301=VERTEX_POINT('',#6586);
#2302=VERTEX_POINT('',#6587);
#2303=VERTEX_POINT('',#6589);
#2304=VERTEX_POINT('',#6591);
#2305=VERTEX_POINT('',#6595);
#2306=VERTEX_POINT('',#6597);
#2307=VERTEX_POINT('',#6601);
#2308=VERTEX_POINT('',#6603);
#2309=VERTEX_POINT('',#6612);
#2310=VERTEX_POINT('',#6613);
#2311=VERTEX_POINT('',#6615);
#2312=VERTEX_POINT('',#6617);
#2313=VERTEX_POINT('',#6621);
#2314=VERTEX_POINT('',#6623);
#2315=VERTEX_POINT('',#6627);
#2316=VERTEX_POINT('',#6629);
#2317=VERTEX_POINT('',#6638);
#2318=VERTEX_POINT('',#6639);
#2319=VERTEX_POINT('',#6641);
#2320=VERTEX_POINT('',#6643);
#2321=VERTEX_POINT('',#6647);
#2322=VERTEX_POINT('',#6649);
#2323=VERTEX_POINT('',#6653);
#2324=VERTEX_POINT('',#6655);
#2325=VERTEX_POINT('',#6664);
#2326=VERTEX_POINT('',#6665);
#2327=VERTEX_POINT('',#6667);
#2328=VERTEX_POINT('',#6669);
#2329=VERTEX_POINT('',#6673);
#2330=VERTEX_POINT('',#6675);
#2331=VERTEX_POINT('',#6679);
#2332=VERTEX_POINT('',#6681);
#2333=VERTEX_POINT('',#6690);
#2334=VERTEX_POINT('',#6691);
#2335=VERTEX_POINT('',#6693);
#2336=VERTEX_POINT('',#6695);
#2337=VERTEX_POINT('',#6699);
#2338=VERTEX_POINT('',#6701);
#2339=VERTEX_POINT('',#6705);
#2340=VERTEX_POINT('',#6707);
#2341=VERTEX_POINT('',#6716);
#2342=VERTEX_POINT('',#6717);
#2343=VERTEX_POINT('',#6719);
#2344=VERTEX_POINT('',#6721);
#2345=VERTEX_POINT('',#6725);
#2346=VERTEX_POINT('',#6727);
#2347=VERTEX_POINT('',#6731);
#2348=VERTEX_POINT('',#6733);
#2349=VERTEX_POINT('',#6742);
#2350=VERTEX_POINT('',#6743);
#2351=VERTEX_POINT('',#6745);
#2352=VERTEX_POINT('',#6747);
#2353=VERTEX_POINT('',#6751);
#2354=VERTEX_POINT('',#6753);
#2355=VERTEX_POINT('',#6757);
#2356=VERTEX_POINT('',#6759);
#2357=VERTEX_POINT('',#6768);
#2358=VERTEX_POINT('',#6769);
#2359=VERTEX_POINT('',#6771);
#2360=VERTEX_POINT('',#6773);
#2361=VERTEX_POINT('',#6777);
#2362=VERTEX_POINT('',#6779);
#2363=VERTEX_POINT('',#6783);
#2364=VERTEX_POINT('',#6785);
#2365=VERTEX_POINT('',#6794);
#2366=VERTEX_POINT('',#6795);
#2367=VERTEX_POINT('',#6797);
#2368=VERTEX_POINT('',#6799);
#2369=VERTEX_POINT('',#6803);
#2370=VERTEX_POINT('',#6805);
#2371=VERTEX_POINT('',#6809);
#2372=VERTEX_POINT('',#6811);
#2373=VERTEX_POINT('',#6820);
#2374=VERTEX_POINT('',#6821);
#2375=VERTEX_POINT('',#6823);
#2376=VERTEX_POINT('',#6825);
#2377=VERTEX_POINT('',#6829);
#2378=VERTEX_POINT('',#6831);
#2379=VERTEX_POINT('',#6835);
#2380=VERTEX_POINT('',#6837);
#2381=VERTEX_POINT('',#6846);
#2382=VERTEX_POINT('',#6847);
#2383=VERTEX_POINT('',#6849);
#2384=VERTEX_POINT('',#6851);
#2385=VERTEX_POINT('',#6855);
#2386=VERTEX_POINT('',#6857);
#2387=VERTEX_POINT('',#6861);
#2388=VERTEX_POINT('',#6863);
#2389=VERTEX_POINT('',#6872);
#2390=VERTEX_POINT('',#6873);
#2391=VERTEX_POINT('',#6875);
#2392=VERTEX_POINT('',#6877);
#2393=VERTEX_POINT('',#6881);
#2394=VERTEX_POINT('',#6883);
#2395=VERTEX_POINT('',#6887);
#2396=VERTEX_POINT('',#6889);
#2397=VERTEX_POINT('',#6898);
#2398=VERTEX_POINT('',#6899);
#2399=VERTEX_POINT('',#6901);
#2400=VERTEX_POINT('',#6903);
#2401=VERTEX_POINT('',#6907);
#2402=VERTEX_POINT('',#6909);
#2403=VERTEX_POINT('',#6913);
#2404=VERTEX_POINT('',#6915);
#2405=VERTEX_POINT('',#6924);
#2406=VERTEX_POINT('',#6925);
#2407=VERTEX_POINT('',#6927);
#2408=VERTEX_POINT('',#6929);
#2409=VERTEX_POINT('',#6933);
#2410=VERTEX_POINT('',#6935);
#2411=VERTEX_POINT('',#6939);
#2412=VERTEX_POINT('',#6941);
#2413=VERTEX_POINT('',#6950);
#2414=VERTEX_POINT('',#6951);
#2415=VERTEX_POINT('',#6953);
#2416=VERTEX_POINT('',#6955);
#2417=VERTEX_POINT('',#6959);
#2418=VERTEX_POINT('',#6961);
#2419=VERTEX_POINT('',#6965);
#2420=VERTEX_POINT('',#6967);
#2421=VERTEX_POINT('',#6976);
#2422=VERTEX_POINT('',#6977);
#2423=VERTEX_POINT('',#6979);
#2424=VERTEX_POINT('',#6981);
#2425=VERTEX_POINT('',#6985);
#2426=VERTEX_POINT('',#6987);
#2427=VERTEX_POINT('',#6991);
#2428=VERTEX_POINT('',#6993);
#2429=VERTEX_POINT('',#7002);
#2430=VERTEX_POINT('',#7003);
#2431=VERTEX_POINT('',#7005);
#2432=VERTEX_POINT('',#7007);
#2433=VERTEX_POINT('',#7011);
#2434=VERTEX_POINT('',#7013);
#2435=VERTEX_POINT('',#7017);
#2436=VERTEX_POINT('',#7019);
#2437=VERTEX_POINT('',#7028);
#2438=VERTEX_POINT('',#7029);
#2439=VERTEX_POINT('',#7031);
#2440=VERTEX_POINT('',#7033);
#2441=VERTEX_POINT('',#7037);
#2442=VERTEX_POINT('',#7039);
#2443=VERTEX_POINT('',#7043);
#2444=VERTEX_POINT('',#7045);
#2445=VERTEX_POINT('',#7054);
#2446=VERTEX_POINT('',#7055);
#2447=VERTEX_POINT('',#7057);
#2448=VERTEX_POINT('',#7059);
#2449=VERTEX_POINT('',#7063);
#2450=VERTEX_POINT('',#7065);
#2451=VERTEX_POINT('',#7069);
#2452=VERTEX_POINT('',#7071);
#2453=VERTEX_POINT('',#7080);
#2454=VERTEX_POINT('',#7081);
#2455=VERTEX_POINT('',#7083);
#2456=VERTEX_POINT('',#7085);
#2457=VERTEX_POINT('',#7089);
#2458=VERTEX_POINT('',#7091);
#2459=VERTEX_POINT('',#7095);
#2460=VERTEX_POINT('',#7097);
#2461=VERTEX_POINT('',#7106);
#2462=VERTEX_POINT('',#7107);
#2463=VERTEX_POINT('',#7109);
#2464=VERTEX_POINT('',#7111);
#2465=VERTEX_POINT('',#7115);
#2466=VERTEX_POINT('',#7117);
#2467=VERTEX_POINT('',#7121);
#2468=VERTEX_POINT('',#7123);
#2469=VERTEX_POINT('',#7132);
#2470=VERTEX_POINT('',#7133);
#2471=VERTEX_POINT('',#7135);
#2472=VERTEX_POINT('',#7137);
#2473=VERTEX_POINT('',#7141);
#2474=VERTEX_POINT('',#7143);
#2475=VERTEX_POINT('',#7147);
#2476=VERTEX_POINT('',#7149);
#2477=VERTEX_POINT('',#7158);
#2478=VERTEX_POINT('',#7159);
#2479=VERTEX_POINT('',#7161);
#2480=VERTEX_POINT('',#7163);
#2481=VERTEX_POINT('',#7167);
#2482=VERTEX_POINT('',#7169);
#2483=VERTEX_POINT('',#7173);
#2484=VERTEX_POINT('',#7175);
#2485=VERTEX_POINT('',#7184);
#2486=VERTEX_POINT('',#7185);
#2487=VERTEX_POINT('',#7187);
#2488=VERTEX_POINT('',#7189);
#2489=VERTEX_POINT('',#7193);
#2490=VERTEX_POINT('',#7195);
#2491=VERTEX_POINT('',#7199);
#2492=VERTEX_POINT('',#7201);
#2493=VERTEX_POINT('',#7210);
#2494=VERTEX_POINT('',#7211);
#2495=VERTEX_POINT('',#7213);
#2496=VERTEX_POINT('',#7215);
#2497=VERTEX_POINT('',#7219);
#2498=VERTEX_POINT('',#7221);
#2499=VERTEX_POINT('',#7225);
#2500=VERTEX_POINT('',#7227);
#2501=VERTEX_POINT('',#7236);
#2502=VERTEX_POINT('',#7237);
#2503=VERTEX_POINT('',#7239);
#2504=VERTEX_POINT('',#7241);
#2505=VERTEX_POINT('',#7245);
#2506=VERTEX_POINT('',#7247);
#2507=VERTEX_POINT('',#7251);
#2508=VERTEX_POINT('',#7253);
#2509=VERTEX_POINT('',#7262);
#2510=VERTEX_POINT('',#7263);
#2511=VERTEX_POINT('',#7265);
#2512=VERTEX_POINT('',#7267);
#2513=VERTEX_POINT('',#7271);
#2514=VERTEX_POINT('',#7273);
#2515=VERTEX_POINT('',#7277);
#2516=VERTEX_POINT('',#7279);
#2517=VERTEX_POINT('',#7288);
#2518=VERTEX_POINT('',#7289);
#2519=VERTEX_POINT('',#7291);
#2520=VERTEX_POINT('',#7293);
#2521=VERTEX_POINT('',#7297);
#2522=VERTEX_POINT('',#7299);
#2523=VERTEX_POINT('',#7303);
#2524=VERTEX_POINT('',#7305);
#2525=VERTEX_POINT('',#7314);
#2526=VERTEX_POINT('',#7315);
#2527=VERTEX_POINT('',#7317);
#2528=VERTEX_POINT('',#7319);
#2529=VERTEX_POINT('',#7323);
#2530=VERTEX_POINT('',#7325);
#2531=VERTEX_POINT('',#7329);
#2532=VERTEX_POINT('',#7331);
#2533=VERTEX_POINT('',#7340);
#2534=VERTEX_POINT('',#7341);
#2535=VERTEX_POINT('',#7343);
#2536=VERTEX_POINT('',#7345);
#2537=VERTEX_POINT('',#7349);
#2538=VERTEX_POINT('',#7351);
#2539=VERTEX_POINT('',#7355);
#2540=VERTEX_POINT('',#7357);
#2541=VERTEX_POINT('',#7366);
#2542=VERTEX_POINT('',#7367);
#2543=VERTEX_POINT('',#7369);
#2544=VERTEX_POINT('',#7371);
#2545=VERTEX_POINT('',#7375);
#2546=VERTEX_POINT('',#7377);
#2547=VERTEX_POINT('',#7381);
#2548=VERTEX_POINT('',#7383);
#2549=VERTEX_POINT('',#7392);
#2550=VERTEX_POINT('',#7393);
#2551=VERTEX_POINT('',#7395);
#2552=VERTEX_POINT('',#7397);
#2553=VERTEX_POINT('',#7401);
#2554=VERTEX_POINT('',#7403);
#2555=VERTEX_POINT('',#7407);
#2556=VERTEX_POINT('',#7409);
#2557=VERTEX_POINT('',#7418);
#2558=VERTEX_POINT('',#7419);
#2559=VERTEX_POINT('',#7421);
#2560=VERTEX_POINT('',#7423);
#2561=VERTEX_POINT('',#7427);
#2562=VERTEX_POINT('',#7429);
#2563=VERTEX_POINT('',#7433);
#2564=VERTEX_POINT('',#7435);
#2565=VERTEX_POINT('',#7444);
#2566=VERTEX_POINT('',#7445);
#2567=VERTEX_POINT('',#7447);
#2568=VERTEX_POINT('',#7449);
#2569=VERTEX_POINT('',#7453);
#2570=VERTEX_POINT('',#7455);
#2571=VERTEX_POINT('',#7459);
#2572=VERTEX_POINT('',#7461);
#2573=VERTEX_POINT('',#7470);
#2574=VERTEX_POINT('',#7471);
#2575=VERTEX_POINT('',#7473);
#2576=VERTEX_POINT('',#7475);
#2577=VERTEX_POINT('',#7479);
#2578=VERTEX_POINT('',#7481);
#2579=VERTEX_POINT('',#7485);
#2580=VERTEX_POINT('',#7487);
#2581=VERTEX_POINT('',#7496);
#2582=VERTEX_POINT('',#7497);
#2583=VERTEX_POINT('',#7499);
#2584=VERTEX_POINT('',#7501);
#2585=VERTEX_POINT('',#7505);
#2586=VERTEX_POINT('',#7507);
#2587=VERTEX_POINT('',#7511);
#2588=VERTEX_POINT('',#7513);
#2589=VERTEX_POINT('',#7522);
#2590=VERTEX_POINT('',#7523);
#2591=VERTEX_POINT('',#7525);
#2592=VERTEX_POINT('',#7527);
#2593=VERTEX_POINT('',#7531);
#2594=VERTEX_POINT('',#7533);
#2595=VERTEX_POINT('',#7537);
#2596=VERTEX_POINT('',#7539);
#2597=VERTEX_POINT('',#7548);
#2598=VERTEX_POINT('',#7549);
#2599=VERTEX_POINT('',#7551);
#2600=VERTEX_POINT('',#7553);
#2601=VERTEX_POINT('',#7557);
#2602=VERTEX_POINT('',#7559);
#2603=VERTEX_POINT('',#7563);
#2604=VERTEX_POINT('',#7565);
#2605=VERTEX_POINT('',#7574);
#2606=VERTEX_POINT('',#7575);
#2607=VERTEX_POINT('',#7577);
#2608=VERTEX_POINT('',#7579);
#2609=VERTEX_POINT('',#7583);
#2610=VERTEX_POINT('',#7585);
#2611=VERTEX_POINT('',#7589);
#2612=VERTEX_POINT('',#7591);
#2613=EDGE_CURVE('',#2213,#2213,#2205,.T.);
#2614=EDGE_CURVE('',#2213,#2214,#1021,.T.);
#2615=EDGE_CURVE('',#2214,#2214,#2206,.T.);
#2616=EDGE_CURVE('',#2215,#2215,#2207,.T.);
#2617=EDGE_CURVE('',#2215,#2216,#1022,.T.);
#2618=EDGE_CURVE('',#2216,#2216,#2208,.T.);
#2619=EDGE_CURVE('',#2217,#2217,#2209,.T.);
#2620=EDGE_CURVE('',#2217,#2218,#1023,.T.);
#2621=EDGE_CURVE('',#2218,#2218,#2210,.T.);
#2622=EDGE_CURVE('',#2219,#2219,#2211,.T.);
#2623=EDGE_CURVE('',#2219,#2220,#1024,.T.);
#2624=EDGE_CURVE('',#2220,#2220,#2212,.T.);
#2625=EDGE_CURVE('',#2221,#2222,#1025,.T.);
#2626=EDGE_CURVE('',#2221,#2223,#1026,.T.);
#2627=EDGE_CURVE('',#2224,#2223,#1027,.T.);
#2628=EDGE_CURVE('',#2222,#2224,#1028,.T.);
#2629=EDGE_CURVE('',#2222,#2225,#1029,.T.);
#2630=EDGE_CURVE('',#2226,#2224,#1030,.T.);
#2631=EDGE_CURVE('',#2225,#2226,#1031,.T.);
#2632=EDGE_CURVE('',#2225,#2227,#1032,.T.);
#2633=EDGE_CURVE('',#2228,#2226,#1033,.T.);
#2634=EDGE_CURVE('',#2227,#2228,#1034,.T.);
#2635=EDGE_CURVE('',#2227,#2221,#1035,.T.);
#2636=EDGE_CURVE('',#2223,#2228,#1036,.T.);
#2637=EDGE_CURVE('',#2229,#2230,#1037,.T.);
#2638=EDGE_CURVE('',#2229,#2231,#1038,.T.);
#2639=EDGE_CURVE('',#2232,#2231,#1039,.T.);
#2640=EDGE_CURVE('',#2230,#2232,#1040,.T.);
#2641=EDGE_CURVE('',#2230,#2233,#1041,.T.);
#2642=EDGE_CURVE('',#2234,#2232,#1042,.T.);
#2643=EDGE_CURVE('',#2233,#2234,#1043,.T.);
#2644=EDGE_CURVE('',#2233,#2235,#1044,.T.);
#2645=EDGE_CURVE('',#2236,#2234,#1045,.T.);
#2646=EDGE_CURVE('',#2235,#2236,#1046,.T.);
#2647=EDGE_CURVE('',#2235,#2229,#1047,.T.);
#2648=EDGE_CURVE('',#2231,#2236,#1048,.T.);
#2649=EDGE_CURVE('',#2237,#2238,#1049,.T.);
#2650=EDGE_CURVE('',#2237,#2239,#1050,.T.);
#2651=EDGE_CURVE('',#2240,#2239,#1051,.T.);
#2652=EDGE_CURVE('',#2238,#2240,#1052,.T.);
#2653=EDGE_CURVE('',#2238,#2241,#1053,.T.);
#2654=EDGE_CURVE('',#2242,#2240,#1054,.T.);
#2655=EDGE_CURVE('',#2241,#2242,#1055,.T.);
#2656=EDGE_CURVE('',#2241,#2243,#1056,.T.);
#2657=EDGE_CURVE('',#2244,#2242,#1057,.T.);
#2658=EDGE_CURVE('',#2243,#2244,#1058,.T.);
#2659=EDGE_CURVE('',#2243,#2237,#1059,.T.);
#2660=EDGE_CURVE('',#2239,#2244,#1060,.T.);
#2661=EDGE_CURVE('',#2245,#2246,#1061,.T.);
#2662=EDGE_CURVE('',#2245,#2247,#1062,.T.);
#2663=EDGE_CURVE('',#2248,#2247,#1063,.T.);
#2664=EDGE_CURVE('',#2246,#2248,#1064,.T.);
#2665=EDGE_CURVE('',#2246,#2249,#1065,.T.);
#2666=EDGE_CURVE('',#2250,#2248,#1066,.T.);
#2667=EDGE_CURVE('',#2249,#2250,#1067,.T.);
#2668=EDGE_CURVE('',#2249,#2251,#1068,.T.);
#2669=EDGE_CURVE('',#2252,#2250,#1069,.T.);
#2670=EDGE_CURVE('',#2251,#2252,#1070,.T.);
#2671=EDGE_CURVE('',#2251,#2245,#1071,.T.);
#2672=EDGE_CURVE('',#2247,#2252,#1072,.T.);
#2673=EDGE_CURVE('',#2253,#2254,#1073,.T.);
#2674=EDGE_CURVE('',#2253,#2255,#1074,.T.);
#2675=EDGE_CURVE('',#2256,#2255,#1075,.T.);
#2676=EDGE_CURVE('',#2254,#2256,#1076,.T.);
#2677=EDGE_CURVE('',#2254,#2257,#1077,.T.);
#2678=EDGE_CURVE('',#2258,#2256,#1078,.T.);
#2679=EDGE_CURVE('',#2257,#2258,#1079,.T.);
#2680=EDGE_CURVE('',#2257,#2259,#1080,.T.);
#2681=EDGE_CURVE('',#2260,#2258,#1081,.T.);
#2682=EDGE_CURVE('',#2259,#2260,#1082,.T.);
#2683=EDGE_CURVE('',#2259,#2253,#1083,.T.);
#2684=EDGE_CURVE('',#2255,#2260,#1084,.T.);
#2685=EDGE_CURVE('',#2261,#2262,#1085,.T.);
#2686=EDGE_CURVE('',#2261,#2263,#1086,.T.);
#2687=EDGE_CURVE('',#2264,#2263,#1087,.T.);
#2688=EDGE_CURVE('',#2262,#2264,#1088,.T.);
#2689=EDGE_CURVE('',#2262,#2265,#1089,.T.);
#2690=EDGE_CURVE('',#2266,#2264,#1090,.T.);
#2691=EDGE_CURVE('',#2265,#2266,#1091,.T.);
#2692=EDGE_CURVE('',#2265,#2267,#1092,.T.);
#2693=EDGE_CURVE('',#2268,#2266,#1093,.T.);
#2694=EDGE_CURVE('',#2267,#2268,#1094,.T.);
#2695=EDGE_CURVE('',#2267,#2261,#1095,.T.);
#2696=EDGE_CURVE('',#2263,#2268,#1096,.T.);
#2697=EDGE_CURVE('',#2269,#2270,#1097,.T.);
#2698=EDGE_CURVE('',#2269,#2271,#1098,.T.);
#2699=EDGE_CURVE('',#2272,#2271,#1099,.T.);
#2700=EDGE_CURVE('',#2270,#2272,#1100,.T.);
#2701=EDGE_CURVE('',#2270,#2273,#1101,.T.);
#2702=EDGE_CURVE('',#2274,#2272,#1102,.T.);
#2703=EDGE_CURVE('',#2273,#2274,#1103,.T.);
#2704=EDGE_CURVE('',#2273,#2275,#1104,.T.);
#2705=EDGE_CURVE('',#2276,#2274,#1105,.T.);
#2706=EDGE_CURVE('',#2275,#2276,#1106,.T.);
#2707=EDGE_CURVE('',#2275,#2269,#1107,.T.);
#2708=EDGE_CURVE('',#2271,#2276,#1108,.T.);
#2709=EDGE_CURVE('',#2277,#2278,#1109,.T.);
#2710=EDGE_CURVE('',#2277,#2279,#1110,.T.);
#2711=EDGE_CURVE('',#2280,#2279,#1111,.T.);
#2712=EDGE_CURVE('',#2278,#2280,#1112,.T.);
#2713=EDGE_CURVE('',#2278,#2281,#1113,.T.);
#2714=EDGE_CURVE('',#2282,#2280,#1114,.T.);
#2715=EDGE_CURVE('',#2281,#2282,#1115,.T.);
#2716=EDGE_CURVE('',#2281,#2283,#1116,.T.);
#2717=EDGE_CURVE('',#2284,#2282,#1117,.T.);
#2718=EDGE_CURVE('',#2283,#2284,#1118,.T.);
#2719=EDGE_CURVE('',#2283,#2277,#1119,.T.);
#2720=EDGE_CURVE('',#2279,#2284,#1120,.T.);
#2721=EDGE_CURVE('',#2285,#2286,#1121,.T.);
#2722=EDGE_CURVE('',#2285,#2287,#1122,.T.);
#2723=EDGE_CURVE('',#2288,#2287,#1123,.T.);
#2724=EDGE_CURVE('',#2286,#2288,#1124,.T.);
#2725=EDGE_CURVE('',#2286,#2289,#1125,.T.);
#2726=EDGE_CURVE('',#2290,#2288,#1126,.T.);
#2727=EDGE_CURVE('',#2289,#2290,#1127,.T.);
#2728=EDGE_CURVE('',#2289,#2291,#1128,.T.);
#2729=EDGE_CURVE('',#2292,#2290,#1129,.T.);
#2730=EDGE_CURVE('',#2291,#2292,#1130,.T.);
#2731=EDGE_CURVE('',#2291,#2285,#1131,.T.);
#2732=EDGE_CURVE('',#2287,#2292,#1132,.T.);
#2733=EDGE_CURVE('',#2293,#2294,#1133,.T.);
#2734=EDGE_CURVE('',#2293,#2295,#1134,.T.);
#2735=EDGE_CURVE('',#2296,#2295,#1135,.T.);
#2736=EDGE_CURVE('',#2294,#2296,#1136,.T.);
#2737=EDGE_CURVE('',#2294,#2297,#1137,.T.);
#2738=EDGE_CURVE('',#2298,#2296,#1138,.T.);
#2739=EDGE_CURVE('',#2297,#2298,#1139,.T.);
#2740=EDGE_CURVE('',#2297,#2299,#1140,.T.);
#2741=EDGE_CURVE('',#2300,#2298,#1141,.T.);
#2742=EDGE_CURVE('',#2299,#2300,#1142,.T.);
#2743=EDGE_CURVE('',#2299,#2293,#1143,.T.);
#2744=EDGE_CURVE('',#2295,#2300,#1144,.T.);
#2745=EDGE_CURVE('',#2301,#2302,#1145,.T.);
#2746=EDGE_CURVE('',#2301,#2303,#1146,.T.);
#2747=EDGE_CURVE('',#2304,#2303,#1147,.T.);
#2748=EDGE_CURVE('',#2302,#2304,#1148,.T.);
#2749=EDGE_CURVE('',#2302,#2305,#1149,.T.);
#2750=EDGE_CURVE('',#2306,#2304,#1150,.T.);
#2751=EDGE_CURVE('',#2305,#2306,#1151,.T.);
#2752=EDGE_CURVE('',#2305,#2307,#1152,.T.);
#2753=EDGE_CURVE('',#2308,#2306,#1153,.T.);
#2754=EDGE_CURVE('',#2307,#2308,#1154,.T.);
#2755=EDGE_CURVE('',#2307,#2301,#1155,.T.);
#2756=EDGE_CURVE('',#2303,#2308,#1156,.T.);
#2757=EDGE_CURVE('',#2309,#2310,#1157,.T.);
#2758=EDGE_CURVE('',#2309,#2311,#1158,.T.);
#2759=EDGE_CURVE('',#2312,#2311,#1159,.T.);
#2760=EDGE_CURVE('',#2310,#2312,#1160,.T.);
#2761=EDGE_CURVE('',#2310,#2313,#1161,.T.);
#2762=EDGE_CURVE('',#2314,#2312,#1162,.T.);
#2763=EDGE_CURVE('',#2313,#2314,#1163,.T.);
#2764=EDGE_CURVE('',#2313,#2315,#1164,.T.);
#2765=EDGE_CURVE('',#2316,#2314,#1165,.T.);
#2766=EDGE_CURVE('',#2315,#2316,#1166,.T.);
#2767=EDGE_CURVE('',#2315,#2309,#1167,.T.);
#2768=EDGE_CURVE('',#2311,#2316,#1168,.T.);
#2769=EDGE_CURVE('',#2317,#2318,#1169,.T.);
#2770=EDGE_CURVE('',#2317,#2319,#1170,.T.);
#2771=EDGE_CURVE('',#2320,#2319,#1171,.T.);
#2772=EDGE_CURVE('',#2318,#2320,#1172,.T.);
#2773=EDGE_CURVE('',#2318,#2321,#1173,.T.);
#2774=EDGE_CURVE('',#2322,#2320,#1174,.T.);
#2775=EDGE_CURVE('',#2321,#2322,#1175,.T.);
#2776=EDGE_CURVE('',#2321,#2323,#1176,.T.);
#2777=EDGE_CURVE('',#2324,#2322,#1177,.T.);
#2778=EDGE_CURVE('',#2323,#2324,#1178,.T.);
#2779=EDGE_CURVE('',#2323,#2317,#1179,.T.);
#2780=EDGE_CURVE('',#2319,#2324,#1180,.T.);
#2781=EDGE_CURVE('',#2325,#2326,#1181,.T.);
#2782=EDGE_CURVE('',#2325,#2327,#1182,.T.);
#2783=EDGE_CURVE('',#2328,#2327,#1183,.T.);
#2784=EDGE_CURVE('',#2326,#2328,#1184,.T.);
#2785=EDGE_CURVE('',#2326,#2329,#1185,.T.);
#2786=EDGE_CURVE('',#2330,#2328,#1186,.T.);
#2787=EDGE_CURVE('',#2329,#2330,#1187,.T.);
#2788=EDGE_CURVE('',#2329,#2331,#1188,.T.);
#2789=EDGE_CURVE('',#2332,#2330,#1189,.T.);
#2790=EDGE_CURVE('',#2331,#2332,#1190,.T.);
#2791=EDGE_CURVE('',#2331,#2325,#1191,.T.);
#2792=EDGE_CURVE('',#2327,#2332,#1192,.T.);
#2793=EDGE_CURVE('',#2333,#2334,#1193,.T.);
#2794=EDGE_CURVE('',#2333,#2335,#1194,.T.);
#2795=EDGE_CURVE('',#2336,#2335,#1195,.T.);
#2796=EDGE_CURVE('',#2334,#2336,#1196,.T.);
#2797=EDGE_CURVE('',#2334,#2337,#1197,.T.);
#2798=EDGE_CURVE('',#2338,#2336,#1198,.T.);
#2799=EDGE_CURVE('',#2337,#2338,#1199,.T.);
#2800=EDGE_CURVE('',#2337,#2339,#1200,.T.);
#2801=EDGE_CURVE('',#2340,#2338,#1201,.T.);
#2802=EDGE_CURVE('',#2339,#2340,#1202,.T.);
#2803=EDGE_CURVE('',#2339,#2333,#1203,.T.);
#2804=EDGE_CURVE('',#2335,#2340,#1204,.T.);
#2805=EDGE_CURVE('',#2341,#2342,#1205,.T.);
#2806=EDGE_CURVE('',#2341,#2343,#1206,.T.);
#2807=EDGE_CURVE('',#2344,#2343,#1207,.T.);
#2808=EDGE_CURVE('',#2342,#2344,#1208,.T.);
#2809=EDGE_CURVE('',#2342,#2345,#1209,.T.);
#2810=EDGE_CURVE('',#2346,#2344,#1210,.T.);
#2811=EDGE_CURVE('',#2345,#2346,#1211,.T.);
#2812=EDGE_CURVE('',#2345,#2347,#1212,.T.);
#2813=EDGE_CURVE('',#2348,#2346,#1213,.T.);
#2814=EDGE_CURVE('',#2347,#2348,#1214,.T.);
#2815=EDGE_CURVE('',#2347,#2341,#1215,.T.);
#2816=EDGE_CURVE('',#2343,#2348,#1216,.T.);
#2817=EDGE_CURVE('',#2349,#2350,#1217,.T.);
#2818=EDGE_CURVE('',#2349,#2351,#1218,.T.);
#2819=EDGE_CURVE('',#2352,#2351,#1219,.T.);
#2820=EDGE_CURVE('',#2350,#2352,#1220,.T.);
#2821=EDGE_CURVE('',#2350,#2353,#1221,.T.);
#2822=EDGE_CURVE('',#2354,#2352,#1222,.T.);
#2823=EDGE_CURVE('',#2353,#2354,#1223,.T.);
#2824=EDGE_CURVE('',#2353,#2355,#1224,.T.);
#2825=EDGE_CURVE('',#2356,#2354,#1225,.T.);
#2826=EDGE_CURVE('',#2355,#2356,#1226,.T.);
#2827=EDGE_CURVE('',#2355,#2349,#1227,.T.);
#2828=EDGE_CURVE('',#2351,#2356,#1228,.T.);
#2829=EDGE_CURVE('',#2357,#2358,#1229,.T.);
#2830=EDGE_CURVE('',#2357,#2359,#1230,.T.);
#2831=EDGE_CURVE('',#2360,#2359,#1231,.T.);
#2832=EDGE_CURVE('',#2358,#2360,#1232,.T.);
#2833=EDGE_CURVE('',#2358,#2361,#1233,.T.);
#2834=EDGE_CURVE('',#2362,#2360,#1234,.T.);
#2835=EDGE_CURVE('',#2361,#2362,#1235,.T.);
#2836=EDGE_CURVE('',#2361,#2363,#1236,.T.);
#2837=EDGE_CURVE('',#2364,#2362,#1237,.T.);
#2838=EDGE_CURVE('',#2363,#2364,#1238,.T.);
#2839=EDGE_CURVE('',#2363,#2357,#1239,.T.);
#2840=EDGE_CURVE('',#2359,#2364,#1240,.T.);
#2841=EDGE_CURVE('',#2365,#2366,#1241,.T.);
#2842=EDGE_CURVE('',#2365,#2367,#1242,.T.);
#2843=EDGE_CURVE('',#2368,#2367,#1243,.T.);
#2844=EDGE_CURVE('',#2366,#2368,#1244,.T.);
#2845=EDGE_CURVE('',#2366,#2369,#1245,.T.);
#2846=EDGE_CURVE('',#2370,#2368,#1246,.T.);
#2847=EDGE_CURVE('',#2369,#2370,#1247,.T.);
#2848=EDGE_CURVE('',#2369,#2371,#1248,.T.);
#2849=EDGE_CURVE('',#2372,#2370,#1249,.T.);
#2850=EDGE_CURVE('',#2371,#2372,#1250,.T.);
#2851=EDGE_CURVE('',#2371,#2365,#1251,.T.);
#2852=EDGE_CURVE('',#2367,#2372,#1252,.T.);
#2853=EDGE_CURVE('',#2373,#2374,#1253,.T.);
#2854=EDGE_CURVE('',#2373,#2375,#1254,.T.);
#2855=EDGE_CURVE('',#2376,#2375,#1255,.T.);
#2856=EDGE_CURVE('',#2374,#2376,#1256,.T.);
#2857=EDGE_CURVE('',#2374,#2377,#1257,.T.);
#2858=EDGE_CURVE('',#2378,#2376,#1258,.T.);
#2859=EDGE_CURVE('',#2377,#2378,#1259,.T.);
#2860=EDGE_CURVE('',#2377,#2379,#1260,.T.);
#2861=EDGE_CURVE('',#2380,#2378,#1261,.T.);
#2862=EDGE_CURVE('',#2379,#2380,#1262,.T.);
#2863=EDGE_CURVE('',#2379,#2373,#1263,.T.);
#2864=EDGE_CURVE('',#2375,#2380,#1264,.T.);
#2865=EDGE_CURVE('',#2381,#2382,#1265,.T.);
#2866=EDGE_CURVE('',#2381,#2383,#1266,.T.);
#2867=EDGE_CURVE('',#2384,#2383,#1267,.T.);
#2868=EDGE_CURVE('',#2382,#2384,#1268,.T.);
#2869=EDGE_CURVE('',#2382,#2385,#1269,.T.);
#2870=EDGE_CURVE('',#2386,#2384,#1270,.T.);
#2871=EDGE_CURVE('',#2385,#2386,#1271,.T.);
#2872=EDGE_CURVE('',#2385,#2387,#1272,.T.);
#2873=EDGE_CURVE('',#2388,#2386,#1273,.T.);
#2874=EDGE_CURVE('',#2387,#2388,#1274,.T.);
#2875=EDGE_CURVE('',#2387,#2381,#1275,.T.);
#2876=EDGE_CURVE('',#2383,#2388,#1276,.T.);
#2877=EDGE_CURVE('',#2389,#2390,#1277,.T.);
#2878=EDGE_CURVE('',#2389,#2391,#1278,.T.);
#2879=EDGE_CURVE('',#2392,#2391,#1279,.T.);
#2880=EDGE_CURVE('',#2390,#2392,#1280,.T.);
#2881=EDGE_CURVE('',#2390,#2393,#1281,.T.);
#2882=EDGE_CURVE('',#2394,#2392,#1282,.T.);
#2883=EDGE_CURVE('',#2393,#2394,#1283,.T.);
#2884=EDGE_CURVE('',#2393,#2395,#1284,.T.);
#2885=EDGE_CURVE('',#2396,#2394,#1285,.T.);
#2886=EDGE_CURVE('',#2395,#2396,#1286,.T.);
#2887=EDGE_CURVE('',#2395,#2389,#1287,.T.);
#2888=EDGE_CURVE('',#2391,#2396,#1288,.T.);
#2889=EDGE_CURVE('',#2397,#2398,#1289,.T.);
#2890=EDGE_CURVE('',#2397,#2399,#1290,.T.);
#2891=EDGE_CURVE('',#2400,#2399,#1291,.T.);
#2892=EDGE_CURVE('',#2398,#2400,#1292,.T.);
#2893=EDGE_CURVE('',#2398,#2401,#1293,.T.);
#2894=EDGE_CURVE('',#2402,#2400,#1294,.T.);
#2895=EDGE_CURVE('',#2401,#2402,#1295,.T.);
#2896=EDGE_CURVE('',#2401,#2403,#1296,.T.);
#2897=EDGE_CURVE('',#2404,#2402,#1297,.T.);
#2898=EDGE_CURVE('',#2403,#2404,#1298,.T.);
#2899=EDGE_CURVE('',#2403,#2397,#1299,.T.);
#2900=EDGE_CURVE('',#2399,#2404,#1300,.T.);
#2901=EDGE_CURVE('',#2405,#2406,#1301,.T.);
#2902=EDGE_CURVE('',#2405,#2407,#1302,.T.);
#2903=EDGE_CURVE('',#2408,#2407,#1303,.T.);
#2904=EDGE_CURVE('',#2406,#2408,#1304,.T.);
#2905=EDGE_CURVE('',#2406,#2409,#1305,.T.);
#2906=EDGE_CURVE('',#2410,#2408,#1306,.T.);
#2907=EDGE_CURVE('',#2409,#2410,#1307,.T.);
#2908=EDGE_CURVE('',#2409,#2411,#1308,.T.);
#2909=EDGE_CURVE('',#2412,#2410,#1309,.T.);
#2910=EDGE_CURVE('',#2411,#2412,#1310,.T.);
#2911=EDGE_CURVE('',#2411,#2405,#1311,.T.);
#2912=EDGE_CURVE('',#2407,#2412,#1312,.T.);
#2913=EDGE_CURVE('',#2413,#2414,#1313,.T.);
#2914=EDGE_CURVE('',#2413,#2415,#1314,.T.);
#2915=EDGE_CURVE('',#2416,#2415,#1315,.T.);
#2916=EDGE_CURVE('',#2414,#2416,#1316,.T.);
#2917=EDGE_CURVE('',#2414,#2417,#1317,.T.);
#2918=EDGE_CURVE('',#2418,#2416,#1318,.T.);
#2919=EDGE_CURVE('',#2417,#2418,#1319,.T.);
#2920=EDGE_CURVE('',#2417,#2419,#1320,.T.);
#2921=EDGE_CURVE('',#2420,#2418,#1321,.T.);
#2922=EDGE_CURVE('',#2419,#2420,#1322,.T.);
#2923=EDGE_CURVE('',#2419,#2413,#1323,.T.);
#2924=EDGE_CURVE('',#2415,#2420,#1324,.T.);
#2925=EDGE_CURVE('',#2421,#2422,#1325,.T.);
#2926=EDGE_CURVE('',#2421,#2423,#1326,.T.);
#2927=EDGE_CURVE('',#2424,#2423,#1327,.T.);
#2928=EDGE_CURVE('',#2422,#2424,#1328,.T.);
#2929=EDGE_CURVE('',#2422,#2425,#1329,.T.);
#2930=EDGE_CURVE('',#2426,#2424,#1330,.T.);
#2931=EDGE_CURVE('',#2425,#2426,#1331,.T.);
#2932=EDGE_CURVE('',#2425,#2427,#1332,.T.);
#2933=EDGE_CURVE('',#2428,#2426,#1333,.T.);
#2934=EDGE_CURVE('',#2427,#2428,#1334,.T.);
#2935=EDGE_CURVE('',#2427,#2421,#1335,.T.);
#2936=EDGE_CURVE('',#2423,#2428,#1336,.T.);
#2937=EDGE_CURVE('',#2429,#2430,#1337,.T.);
#2938=EDGE_CURVE('',#2429,#2431,#1338,.T.);
#2939=EDGE_CURVE('',#2432,#2431,#1339,.T.);
#2940=EDGE_CURVE('',#2430,#2432,#1340,.T.);
#2941=EDGE_CURVE('',#2430,#2433,#1341,.T.);
#2942=EDGE_CURVE('',#2434,#2432,#1342,.T.);
#2943=EDGE_CURVE('',#2433,#2434,#1343,.T.);
#2944=EDGE_CURVE('',#2433,#2435,#1344,.T.);
#2945=EDGE_CURVE('',#2436,#2434,#1345,.T.);
#2946=EDGE_CURVE('',#2435,#2436,#1346,.T.);
#2947=EDGE_CURVE('',#2435,#2429,#1347,.T.);
#2948=EDGE_CURVE('',#2431,#2436,#1348,.T.);
#2949=EDGE_CURVE('',#2437,#2438,#1349,.T.);
#2950=EDGE_CURVE('',#2437,#2439,#1350,.T.);
#2951=EDGE_CURVE('',#2440,#2439,#1351,.T.);
#2952=EDGE_CURVE('',#2438,#2440,#1352,.T.);
#2953=EDGE_CURVE('',#2438,#2441,#1353,.T.);
#2954=EDGE_CURVE('',#2442,#2440,#1354,.T.);
#2955=EDGE_CURVE('',#2441,#2442,#1355,.T.);
#2956=EDGE_CURVE('',#2441,#2443,#1356,.T.);
#2957=EDGE_CURVE('',#2444,#2442,#1357,.T.);
#2958=EDGE_CURVE('',#2443,#2444,#1358,.T.);
#2959=EDGE_CURVE('',#2443,#2437,#1359,.T.);
#2960=EDGE_CURVE('',#2439,#2444,#1360,.T.);
#2961=EDGE_CURVE('',#2445,#2446,#1361,.T.);
#2962=EDGE_CURVE('',#2445,#2447,#1362,.T.);
#2963=EDGE_CURVE('',#2448,#2447,#1363,.T.);
#2964=EDGE_CURVE('',#2446,#2448,#1364,.T.);
#2965=EDGE_CURVE('',#2446,#2449,#1365,.T.);
#2966=EDGE_CURVE('',#2450,#2448,#1366,.T.);
#2967=EDGE_CURVE('',#2449,#2450,#1367,.T.);
#2968=EDGE_CURVE('',#2449,#2451,#1368,.T.);
#2969=EDGE_CURVE('',#2452,#2450,#1369,.T.);
#2970=EDGE_CURVE('',#2451,#2452,#1370,.T.);
#2971=EDGE_CURVE('',#2451,#2445,#1371,.T.);
#2972=EDGE_CURVE('',#2447,#2452,#1372,.T.);
#2973=EDGE_CURVE('',#2453,#2454,#1373,.T.);
#2974=EDGE_CURVE('',#2453,#2455,#1374,.T.);
#2975=EDGE_CURVE('',#2456,#2455,#1375,.T.);
#2976=EDGE_CURVE('',#2454,#2456,#1376,.T.);
#2977=EDGE_CURVE('',#2454,#2457,#1377,.T.);
#2978=EDGE_CURVE('',#2458,#2456,#1378,.T.);
#2979=EDGE_CURVE('',#2457,#2458,#1379,.T.);
#2980=EDGE_CURVE('',#2457,#2459,#1380,.T.);
#2981=EDGE_CURVE('',#2460,#2458,#1381,.T.);
#2982=EDGE_CURVE('',#2459,#2460,#1382,.T.);
#2983=EDGE_CURVE('',#2459,#2453,#1383,.T.);
#2984=EDGE_CURVE('',#2455,#2460,#1384,.T.);
#2985=EDGE_CURVE('',#2461,#2462,#1385,.T.);
#2986=EDGE_CURVE('',#2461,#2463,#1386,.T.);
#2987=EDGE_CURVE('',#2464,#2463,#1387,.T.);
#2988=EDGE_CURVE('',#2462,#2464,#1388,.T.);
#2989=EDGE_CURVE('',#2462,#2465,#1389,.T.);
#2990=EDGE_CURVE('',#2466,#2464,#1390,.T.);
#2991=EDGE_CURVE('',#2465,#2466,#1391,.T.);
#2992=EDGE_CURVE('',#2465,#2467,#1392,.T.);
#2993=EDGE_CURVE('',#2468,#2466,#1393,.T.);
#2994=EDGE_CURVE('',#2467,#2468,#1394,.T.);
#2995=EDGE_CURVE('',#2467,#2461,#1395,.T.);
#2996=EDGE_CURVE('',#2463,#2468,#1396,.T.);
#2997=EDGE_CURVE('',#2469,#2470,#1397,.T.);
#2998=EDGE_CURVE('',#2469,#2471,#1398,.T.);
#2999=EDGE_CURVE('',#2472,#2471,#1399,.T.);
#3000=EDGE_CURVE('',#2470,#2472,#1400,.T.);
#3001=EDGE_CURVE('',#2470,#2473,#1401,.T.);
#3002=EDGE_CURVE('',#2474,#2472,#1402,.T.);
#3003=EDGE_CURVE('',#2473,#2474,#1403,.T.);
#3004=EDGE_CURVE('',#2473,#2475,#1404,.T.);
#3005=EDGE_CURVE('',#2476,#2474,#1405,.T.);
#3006=EDGE_CURVE('',#2475,#2476,#1406,.T.);
#3007=EDGE_CURVE('',#2475,#2469,#1407,.T.);
#3008=EDGE_CURVE('',#2471,#2476,#1408,.T.);
#3009=EDGE_CURVE('',#2477,#2478,#1409,.T.);
#3010=EDGE_CURVE('',#2477,#2479,#1410,.T.);
#3011=EDGE_CURVE('',#2480,#2479,#1411,.T.);
#3012=EDGE_CURVE('',#2478,#2480,#1412,.T.);
#3013=EDGE_CURVE('',#2478,#2481,#1413,.T.);
#3014=EDGE_CURVE('',#2482,#2480,#1414,.T.);
#3015=EDGE_CURVE('',#2481,#2482,#1415,.T.);
#3016=EDGE_CURVE('',#2481,#2483,#1416,.T.);
#3017=EDGE_CURVE('',#2484,#2482,#1417,.T.);
#3018=EDGE_CURVE('',#2483,#2484,#1418,.T.);
#3019=EDGE_CURVE('',#2483,#2477,#1419,.T.);
#3020=EDGE_CURVE('',#2479,#2484,#1420,.T.);
#3021=EDGE_CURVE('',#2485,#2486,#1421,.T.);
#3022=EDGE_CURVE('',#2485,#2487,#1422,.T.);
#3023=EDGE_CURVE('',#2488,#2487,#1423,.T.);
#3024=EDGE_CURVE('',#2486,#2488,#1424,.T.);
#3025=EDGE_CURVE('',#2486,#2489,#1425,.T.);
#3026=EDGE_CURVE('',#2490,#2488,#1426,.T.);
#3027=EDGE_CURVE('',#2489,#2490,#1427,.T.);
#3028=EDGE_CURVE('',#2489,#2491,#1428,.T.);
#3029=EDGE_CURVE('',#2492,#2490,#1429,.T.);
#3030=EDGE_CURVE('',#2491,#2492,#1430,.T.);
#3031=EDGE_CURVE('',#2491,#2485,#1431,.T.);
#3032=EDGE_CURVE('',#2487,#2492,#1432,.T.);
#3033=EDGE_CURVE('',#2493,#2494,#1433,.T.);
#3034=EDGE_CURVE('',#2493,#2495,#1434,.T.);
#3035=EDGE_CURVE('',#2496,#2495,#1435,.T.);
#3036=EDGE_CURVE('',#2494,#2496,#1436,.T.);
#3037=EDGE_CURVE('',#2494,#2497,#1437,.T.);
#3038=EDGE_CURVE('',#2498,#2496,#1438,.T.);
#3039=EDGE_CURVE('',#2497,#2498,#1439,.T.);
#3040=EDGE_CURVE('',#2497,#2499,#1440,.T.);
#3041=EDGE_CURVE('',#2500,#2498,#1441,.T.);
#3042=EDGE_CURVE('',#2499,#2500,#1442,.T.);
#3043=EDGE_CURVE('',#2499,#2493,#1443,.T.);
#3044=EDGE_CURVE('',#2495,#2500,#1444,.T.);
#3045=EDGE_CURVE('',#2501,#2502,#1445,.T.);
#3046=EDGE_CURVE('',#2501,#2503,#1446,.T.);
#3047=EDGE_CURVE('',#2504,#2503,#1447,.T.);
#3048=EDGE_CURVE('',#2502,#2504,#1448,.T.);
#3049=EDGE_CURVE('',#2502,#2505,#1449,.T.);
#3050=EDGE_CURVE('',#2506,#2504,#1450,.T.);
#3051=EDGE_CURVE('',#2505,#2506,#1451,.T.);
#3052=EDGE_CURVE('',#2505,#2507,#1452,.T.);
#3053=EDGE_CURVE('',#2508,#2506,#1453,.T.);
#3054=EDGE_CURVE('',#2507,#2508,#1454,.T.);
#3055=EDGE_CURVE('',#2507,#2501,#1455,.T.);
#3056=EDGE_CURVE('',#2503,#2508,#1456,.T.);
#3057=EDGE_CURVE('',#2509,#2510,#1457,.T.);
#3058=EDGE_CURVE('',#2509,#2511,#1458,.T.);
#3059=EDGE_CURVE('',#2512,#2511,#1459,.T.);
#3060=EDGE_CURVE('',#2510,#2512,#1460,.T.);
#3061=EDGE_CURVE('',#2510,#2513,#1461,.T.);
#3062=EDGE_CURVE('',#2514,#2512,#1462,.T.);
#3063=EDGE_CURVE('',#2513,#2514,#1463,.T.);
#3064=EDGE_CURVE('',#2513,#2515,#1464,.T.);
#3065=EDGE_CURVE('',#2516,#2514,#1465,.T.);
#3066=EDGE_CURVE('',#2515,#2516,#1466,.T.);
#3067=EDGE_CURVE('',#2515,#2509,#1467,.T.);
#3068=EDGE_CURVE('',#2511,#2516,#1468,.T.);
#3069=EDGE_CURVE('',#2517,#2518,#1469,.T.);
#3070=EDGE_CURVE('',#2517,#2519,#1470,.T.);
#3071=EDGE_CURVE('',#2520,#2519,#1471,.T.);
#3072=EDGE_CURVE('',#2518,#2520,#1472,.T.);
#3073=EDGE_CURVE('',#2518,#2521,#1473,.T.);
#3074=EDGE_CURVE('',#2522,#2520,#1474,.T.);
#3075=EDGE_CURVE('',#2521,#2522,#1475,.T.);
#3076=EDGE_CURVE('',#2521,#2523,#1476,.T.);
#3077=EDGE_CURVE('',#2524,#2522,#1477,.T.);
#3078=EDGE_CURVE('',#2523,#2524,#1478,.T.);
#3079=EDGE_CURVE('',#2523,#2517,#1479,.T.);
#3080=EDGE_CURVE('',#2519,#2524,#1480,.T.);
#3081=EDGE_CURVE('',#2525,#2526,#1481,.T.);
#3082=EDGE_CURVE('',#2525,#2527,#1482,.T.);
#3083=EDGE_CURVE('',#2528,#2527,#1483,.T.);
#3084=EDGE_CURVE('',#2526,#2528,#1484,.T.);
#3085=EDGE_CURVE('',#2526,#2529,#1485,.T.);
#3086=EDGE_CURVE('',#2530,#2528,#1486,.T.);
#3087=EDGE_CURVE('',#2529,#2530,#1487,.T.);
#3088=EDGE_CURVE('',#2529,#2531,#1488,.T.);
#3089=EDGE_CURVE('',#2532,#2530,#1489,.T.);
#3090=EDGE_CURVE('',#2531,#2532,#1490,.T.);
#3091=EDGE_CURVE('',#2531,#2525,#1491,.T.);
#3092=EDGE_CURVE('',#2527,#2532,#1492,.T.);
#3093=EDGE_CURVE('',#2533,#2534,#1493,.T.);
#3094=EDGE_CURVE('',#2533,#2535,#1494,.T.);
#3095=EDGE_CURVE('',#2536,#2535,#1495,.T.);
#3096=EDGE_CURVE('',#2534,#2536,#1496,.T.);
#3097=EDGE_CURVE('',#2534,#2537,#1497,.T.);
#3098=EDGE_CURVE('',#2538,#2536,#1498,.T.);
#3099=EDGE_CURVE('',#2537,#2538,#1499,.T.);
#3100=EDGE_CURVE('',#2537,#2539,#1500,.T.);
#3101=EDGE_CURVE('',#2540,#2538,#1501,.T.);
#3102=EDGE_CURVE('',#2539,#2540,#1502,.T.);
#3103=EDGE_CURVE('',#2539,#2533,#1503,.T.);
#3104=EDGE_CURVE('',#2535,#2540,#1504,.T.);
#3105=EDGE_CURVE('',#2541,#2542,#1505,.T.);
#3106=EDGE_CURVE('',#2541,#2543,#1506,.T.);
#3107=EDGE_CURVE('',#2544,#2543,#1507,.T.);
#3108=EDGE_CURVE('',#2542,#2544,#1508,.T.);
#3109=EDGE_CURVE('',#2542,#2545,#1509,.T.);
#3110=EDGE_CURVE('',#2546,#2544,#1510,.T.);
#3111=EDGE_CURVE('',#2545,#2546,#1511,.T.);
#3112=EDGE_CURVE('',#2545,#2547,#1512,.T.);
#3113=EDGE_CURVE('',#2548,#2546,#1513,.T.);
#3114=EDGE_CURVE('',#2547,#2548,#1514,.T.);
#3115=EDGE_CURVE('',#2547,#2541,#1515,.T.);
#3116=EDGE_CURVE('',#2543,#2548,#1516,.T.);
#3117=EDGE_CURVE('',#2549,#2550,#1517,.T.);
#3118=EDGE_CURVE('',#2549,#2551,#1518,.T.);
#3119=EDGE_CURVE('',#2552,#2551,#1519,.T.);
#3120=EDGE_CURVE('',#2550,#2552,#1520,.T.);
#3121=EDGE_CURVE('',#2550,#2553,#1521,.T.);
#3122=EDGE_CURVE('',#2554,#2552,#1522,.T.);
#3123=EDGE_CURVE('',#2553,#2554,#1523,.T.);
#3124=EDGE_CURVE('',#2553,#2555,#1524,.T.);
#3125=EDGE_CURVE('',#2556,#2554,#1525,.T.);
#3126=EDGE_CURVE('',#2555,#2556,#1526,.T.);
#3127=EDGE_CURVE('',#2555,#2549,#1527,.T.);
#3128=EDGE_CURVE('',#2551,#2556,#1528,.T.);
#3129=EDGE_CURVE('',#2557,#2558,#1529,.T.);
#3130=EDGE_CURVE('',#2557,#2559,#1530,.T.);
#3131=EDGE_CURVE('',#2560,#2559,#1531,.T.);
#3132=EDGE_CURVE('',#2558,#2560,#1532,.T.);
#3133=EDGE_CURVE('',#2558,#2561,#1533,.T.);
#3134=EDGE_CURVE('',#2562,#2560,#1534,.T.);
#3135=EDGE_CURVE('',#2561,#2562,#1535,.T.);
#3136=EDGE_CURVE('',#2561,#2563,#1536,.T.);
#3137=EDGE_CURVE('',#2564,#2562,#1537,.T.);
#3138=EDGE_CURVE('',#2563,#2564,#1538,.T.);
#3139=EDGE_CURVE('',#2563,#2557,#1539,.T.);
#3140=EDGE_CURVE('',#2559,#2564,#1540,.T.);
#3141=EDGE_CURVE('',#2565,#2566,#1541,.T.);
#3142=EDGE_CURVE('',#2565,#2567,#1542,.T.);
#3143=EDGE_CURVE('',#2568,#2567,#1543,.T.);
#3144=EDGE_CURVE('',#2566,#2568,#1544,.T.);
#3145=EDGE_CURVE('',#2566,#2569,#1545,.T.);
#3146=EDGE_CURVE('',#2570,#2568,#1546,.T.);
#3147=EDGE_CURVE('',#2569,#2570,#1547,.T.);
#3148=EDGE_CURVE('',#2569,#2571,#1548,.T.);
#3149=EDGE_CURVE('',#2572,#2570,#1549,.T.);
#3150=EDGE_CURVE('',#2571,#2572,#1550,.T.);
#3151=EDGE_CURVE('',#2571,#2565,#1551,.T.);
#3152=EDGE_CURVE('',#2567,#2572,#1552,.T.);
#3153=EDGE_CURVE('',#2573,#2574,#1553,.T.);
#3154=EDGE_CURVE('',#2573,#2575,#1554,.T.);
#3155=EDGE_CURVE('',#2576,#2575,#1555,.T.);
#3156=EDGE_CURVE('',#2574,#2576,#1556,.T.);
#3157=EDGE_CURVE('',#2574,#2577,#1557,.T.);
#3158=EDGE_CURVE('',#2578,#2576,#1558,.T.);
#3159=EDGE_CURVE('',#2577,#2578,#1559,.T.);
#3160=EDGE_CURVE('',#2577,#2579,#1560,.T.);
#3161=EDGE_CURVE('',#2580,#2578,#1561,.T.);
#3162=EDGE_CURVE('',#2579,#2580,#1562,.T.);
#3163=EDGE_CURVE('',#2579,#2573,#1563,.T.);
#3164=EDGE_CURVE('',#2575,#2580,#1564,.T.);
#3165=EDGE_CURVE('',#2581,#2582,#1565,.T.);
#3166=EDGE_CURVE('',#2581,#2583,#1566,.T.);
#3167=EDGE_CURVE('',#2584,#2583,#1567,.T.);
#3168=EDGE_CURVE('',#2582,#2584,#1568,.T.);
#3169=EDGE_CURVE('',#2582,#2585,#1569,.T.);
#3170=EDGE_CURVE('',#2586,#2584,#1570,.T.);
#3171=EDGE_CURVE('',#2585,#2586,#1571,.T.);
#3172=EDGE_CURVE('',#2585,#2587,#1572,.T.);
#3173=EDGE_CURVE('',#2588,#2586,#1573,.T.);
#3174=EDGE_CURVE('',#2587,#2588,#1574,.T.);
#3175=EDGE_CURVE('',#2587,#2581,#1575,.T.);
#3176=EDGE_CURVE('',#2583,#2588,#1576,.T.);
#3177=EDGE_CURVE('',#2589,#2590,#1577,.T.);
#3178=EDGE_CURVE('',#2589,#2591,#1578,.T.);
#3179=EDGE_CURVE('',#2592,#2591,#1579,.T.);
#3180=EDGE_CURVE('',#2590,#2592,#1580,.T.);
#3181=EDGE_CURVE('',#2590,#2593,#1581,.T.);
#3182=EDGE_CURVE('',#2594,#2592,#1582,.T.);
#3183=EDGE_CURVE('',#2593,#2594,#1583,.T.);
#3184=EDGE_CURVE('',#2593,#2595,#1584,.T.);
#3185=EDGE_CURVE('',#2596,#2594,#1585,.T.);
#3186=EDGE_CURVE('',#2595,#2596,#1586,.T.);
#3187=EDGE_CURVE('',#2595,#2589,#1587,.T.);
#3188=EDGE_CURVE('',#2591,#2596,#1588,.T.);
#3189=EDGE_CURVE('',#2597,#2598,#1589,.T.);
#3190=EDGE_CURVE('',#2597,#2599,#1590,.T.);
#3191=EDGE_CURVE('',#2600,#2599,#1591,.T.);
#3192=EDGE_CURVE('',#2598,#2600,#1592,.T.);
#3193=EDGE_CURVE('',#2598,#2601,#1593,.T.);
#3194=EDGE_CURVE('',#2602,#2600,#1594,.T.);
#3195=EDGE_CURVE('',#2601,#2602,#1595,.T.);
#3196=EDGE_CURVE('',#2601,#2603,#1596,.T.);
#3197=EDGE_CURVE('',#2604,#2602,#1597,.T.);
#3198=EDGE_CURVE('',#2603,#2604,#1598,.T.);
#3199=EDGE_CURVE('',#2603,#2597,#1599,.T.);
#3200=EDGE_CURVE('',#2599,#2604,#1600,.T.);
#3201=EDGE_CURVE('',#2605,#2606,#1601,.T.);
#3202=EDGE_CURVE('',#2605,#2607,#1602,.T.);
#3203=EDGE_CURVE('',#2608,#2607,#1603,.T.);
#3204=EDGE_CURVE('',#2606,#2608,#1604,.T.);
#3205=EDGE_CURVE('',#2606,#2609,#1605,.T.);
#3206=EDGE_CURVE('',#2610,#2608,#1606,.T.);
#3207=EDGE_CURVE('',#2609,#2610,#1607,.T.);
#3208=EDGE_CURVE('',#2609,#2611,#1608,.T.);
#3209=EDGE_CURVE('',#2612,#2610,#1609,.T.);
#3210=EDGE_CURVE('',#2611,#2612,#1610,.T.);
#3211=EDGE_CURVE('',#2611,#2605,#1611,.T.);
#3212=EDGE_CURVE('',#2607,#2612,#1612,.T.);
#3213=ORIENTED_EDGE('',*,*,#2613,.F.);
#3214=ORIENTED_EDGE('',*,*,#2614,.T.);
#3215=ORIENTED_EDGE('',*,*,#2615,.F.);
#3216=ORIENTED_EDGE('',*,*,#2614,.F.);
#3217=ORIENTED_EDGE('',*,*,#2616,.F.);
#3218=ORIENTED_EDGE('',*,*,#2617,.T.);
#3219=ORIENTED_EDGE('',*,*,#2618,.F.);
#3220=ORIENTED_EDGE('',*,*,#2617,.F.);
#3221=ORIENTED_EDGE('',*,*,#2619,.F.);
#3222=ORIENTED_EDGE('',*,*,#2620,.T.);
#3223=ORIENTED_EDGE('',*,*,#2621,.T.);
#3224=ORIENTED_EDGE('',*,*,#2620,.F.);
#3225=ORIENTED_EDGE('',*,*,#2622,.F.);
#3226=ORIENTED_EDGE('',*,*,#2623,.T.);
#3227=ORIENTED_EDGE('',*,*,#2624,.T.);
#3228=ORIENTED_EDGE('',*,*,#2623,.F.);
#3229=ORIENTED_EDGE('',*,*,#2622,.T.);
#3230=ORIENTED_EDGE('',*,*,#2613,.T.);
#3231=ORIENTED_EDGE('',*,*,#2616,.T.);
#3232=ORIENTED_EDGE('',*,*,#2619,.T.);
#3233=ORIENTED_EDGE('',*,*,#2624,.F.);
#3234=ORIENTED_EDGE('',*,*,#2615,.T.);
#3235=ORIENTED_EDGE('',*,*,#2618,.T.);
#3236=ORIENTED_EDGE('',*,*,#2621,.F.);
#3237=ORIENTED_EDGE('',*,*,#2625,.F.);
#3238=ORIENTED_EDGE('',*,*,#2626,.T.);
#3239=ORIENTED_EDGE('',*,*,#2627,.F.);
#3240=ORIENTED_EDGE('',*,*,#2628,.F.);
#3241=ORIENTED_EDGE('',*,*,#2629,.F.);
#3242=ORIENTED_EDGE('',*,*,#2628,.T.);
#3243=ORIENTED_EDGE('',*,*,#2630,.F.);
#3244=ORIENTED_EDGE('',*,*,#2631,.F.);
#3245=ORIENTED_EDGE('',*,*,#2632,.F.);
#3246=ORIENTED_EDGE('',*,*,#2631,.T.);
#3247=ORIENTED_EDGE('',*,*,#2633,.F.);
#3248=ORIENTED_EDGE('',*,*,#2634,.F.);
#3249=ORIENTED_EDGE('',*,*,#2635,.F.);
#3250=ORIENTED_EDGE('',*,*,#2634,.T.);
#3251=ORIENTED_EDGE('',*,*,#2636,.F.);
#3252=ORIENTED_EDGE('',*,*,#2626,.F.);
#3253=ORIENTED_EDGE('',*,*,#2636,.T.);
#3254=ORIENTED_EDGE('',*,*,#2633,.T.);
#3255=ORIENTED_EDGE('',*,*,#2630,.T.);
#3256=ORIENTED_EDGE('',*,*,#2627,.T.);
#3257=ORIENTED_EDGE('',*,*,#2635,.T.);
#3258=ORIENTED_EDGE('',*,*,#2625,.T.);
#3259=ORIENTED_EDGE('',*,*,#2629,.T.);
#3260=ORIENTED_EDGE('',*,*,#2632,.T.);
#3261=ORIENTED_EDGE('',*,*,#2637,.F.);
#3262=ORIENTED_EDGE('',*,*,#2638,.T.);
#3263=ORIENTED_EDGE('',*,*,#2639,.F.);
#3264=ORIENTED_EDGE('',*,*,#2640,.F.);
#3265=ORIENTED_EDGE('',*,*,#2641,.F.);
#3266=ORIENTED_EDGE('',*,*,#2640,.T.);
#3267=ORIENTED_EDGE('',*,*,#2642,.F.);
#3268=ORIENTED_EDGE('',*,*,#2643,.F.);
#3269=ORIENTED_EDGE('',*,*,#2644,.F.);
#3270=ORIENTED_EDGE('',*,*,#2643,.T.);
#3271=ORIENTED_EDGE('',*,*,#2645,.F.);
#3272=ORIENTED_EDGE('',*,*,#2646,.F.);
#3273=ORIENTED_EDGE('',*,*,#2647,.F.);
#3274=ORIENTED_EDGE('',*,*,#2646,.T.);
#3275=ORIENTED_EDGE('',*,*,#2648,.F.);
#3276=ORIENTED_EDGE('',*,*,#2638,.F.);
#3277=ORIENTED_EDGE('',*,*,#2648,.T.);
#3278=ORIENTED_EDGE('',*,*,#2645,.T.);
#3279=ORIENTED_EDGE('',*,*,#2642,.T.);
#3280=ORIENTED_EDGE('',*,*,#2639,.T.);
#3281=ORIENTED_EDGE('',*,*,#2647,.T.);
#3282=ORIENTED_EDGE('',*,*,#2637,.T.);
#3283=ORIENTED_EDGE('',*,*,#2641,.T.);
#3284=ORIENTED_EDGE('',*,*,#2644,.T.);
#3285=ORIENTED_EDGE('',*,*,#2649,.F.);
#3286=ORIENTED_EDGE('',*,*,#2650,.T.);
#3287=ORIENTED_EDGE('',*,*,#2651,.F.);
#3288=ORIENTED_EDGE('',*,*,#2652,.F.);
#3289=ORIENTED_EDGE('',*,*,#2653,.F.);
#3290=ORIENTED_EDGE('',*,*,#2652,.T.);
#3291=ORIENTED_EDGE('',*,*,#2654,.F.);
#3292=ORIENTED_EDGE('',*,*,#2655,.F.);
#3293=ORIENTED_EDGE('',*,*,#2656,.F.);
#3294=ORIENTED_EDGE('',*,*,#2655,.T.);
#3295=ORIENTED_EDGE('',*,*,#2657,.F.);
#3296=ORIENTED_EDGE('',*,*,#2658,.F.);
#3297=ORIENTED_EDGE('',*,*,#2659,.F.);
#3298=ORIENTED_EDGE('',*,*,#2658,.T.);
#3299=ORIENTED_EDGE('',*,*,#2660,.F.);
#3300=ORIENTED_EDGE('',*,*,#2650,.F.);
#3301=ORIENTED_EDGE('',*,*,#2660,.T.);
#3302=ORIENTED_EDGE('',*,*,#2657,.T.);
#3303=ORIENTED_EDGE('',*,*,#2654,.T.);
#3304=ORIENTED_EDGE('',*,*,#2651,.T.);
#3305=ORIENTED_EDGE('',*,*,#2659,.T.);
#3306=ORIENTED_EDGE('',*,*,#2649,.T.);
#3307=ORIENTED_EDGE('',*,*,#2653,.T.);
#3308=ORIENTED_EDGE('',*,*,#2656,.T.);
#3309=ORIENTED_EDGE('',*,*,#2661,.F.);
#3310=ORIENTED_EDGE('',*,*,#2662,.T.);
#3311=ORIENTED_EDGE('',*,*,#2663,.F.);
#3312=ORIENTED_EDGE('',*,*,#2664,.F.);
#3313=ORIENTED_EDGE('',*,*,#2665,.F.);
#3314=ORIENTED_EDGE('',*,*,#2664,.T.);
#3315=ORIENTED_EDGE('',*,*,#2666,.F.);
#3316=ORIENTED_EDGE('',*,*,#2667,.F.);
#3317=ORIENTED_EDGE('',*,*,#2668,.F.);
#3318=ORIENTED_EDGE('',*,*,#2667,.T.);
#3319=ORIENTED_EDGE('',*,*,#2669,.F.);
#3320=ORIENTED_EDGE('',*,*,#2670,.F.);
#3321=ORIENTED_EDGE('',*,*,#2671,.F.);
#3322=ORIENTED_EDGE('',*,*,#2670,.T.);
#3323=ORIENTED_EDGE('',*,*,#2672,.F.);
#3324=ORIENTED_EDGE('',*,*,#2662,.F.);
#3325=ORIENTED_EDGE('',*,*,#2672,.T.);
#3326=ORIENTED_EDGE('',*,*,#2669,.T.);
#3327=ORIENTED_EDGE('',*,*,#2666,.T.);
#3328=ORIENTED_EDGE('',*,*,#2663,.T.);
#3329=ORIENTED_EDGE('',*,*,#2671,.T.);
#3330=ORIENTED_EDGE('',*,*,#2661,.T.);
#3331=ORIENTED_EDGE('',*,*,#2665,.T.);
#3332=ORIENTED_EDGE('',*,*,#2668,.T.);
#3333=ORIENTED_EDGE('',*,*,#2673,.F.);
#3334=ORIENTED_EDGE('',*,*,#2674,.T.);
#3335=ORIENTED_EDGE('',*,*,#2675,.F.);
#3336=ORIENTED_EDGE('',*,*,#2676,.F.);
#3337=ORIENTED_EDGE('',*,*,#2677,.F.);
#3338=ORIENTED_EDGE('',*,*,#2676,.T.);
#3339=ORIENTED_EDGE('',*,*,#2678,.F.);
#3340=ORIENTED_EDGE('',*,*,#2679,.F.);
#3341=ORIENTED_EDGE('',*,*,#2680,.F.);
#3342=ORIENTED_EDGE('',*,*,#2679,.T.);
#3343=ORIENTED_EDGE('',*,*,#2681,.F.);
#3344=ORIENTED_EDGE('',*,*,#2682,.F.);
#3345=ORIENTED_EDGE('',*,*,#2683,.F.);
#3346=ORIENTED_EDGE('',*,*,#2682,.T.);
#3347=ORIENTED_EDGE('',*,*,#2684,.F.);
#3348=ORIENTED_EDGE('',*,*,#2674,.F.);
#3349=ORIENTED_EDGE('',*,*,#2684,.T.);
#3350=ORIENTED_EDGE('',*,*,#2681,.T.);
#3351=ORIENTED_EDGE('',*,*,#2678,.T.);
#3352=ORIENTED_EDGE('',*,*,#2675,.T.);
#3353=ORIENTED_EDGE('',*,*,#2683,.T.);
#3354=ORIENTED_EDGE('',*,*,#2673,.T.);
#3355=ORIENTED_EDGE('',*,*,#2677,.T.);
#3356=ORIENTED_EDGE('',*,*,#2680,.T.);
#3357=ORIENTED_EDGE('',*,*,#2685,.F.);
#3358=ORIENTED_EDGE('',*,*,#2686,.T.);
#3359=ORIENTED_EDGE('',*,*,#2687,.F.);
#3360=ORIENTED_EDGE('',*,*,#2688,.F.);
#3361=ORIENTED_EDGE('',*,*,#2689,.F.);
#3362=ORIENTED_EDGE('',*,*,#2688,.T.);
#3363=ORIENTED_EDGE('',*,*,#2690,.F.);
#3364=ORIENTED_EDGE('',*,*,#2691,.F.);
#3365=ORIENTED_EDGE('',*,*,#2692,.F.);
#3366=ORIENTED_EDGE('',*,*,#2691,.T.);
#3367=ORIENTED_EDGE('',*,*,#2693,.F.);
#3368=ORIENTED_EDGE('',*,*,#2694,.F.);
#3369=ORIENTED_EDGE('',*,*,#2695,.F.);
#3370=ORIENTED_EDGE('',*,*,#2694,.T.);
#3371=ORIENTED_EDGE('',*,*,#2696,.F.);
#3372=ORIENTED_EDGE('',*,*,#2686,.F.);
#3373=ORIENTED_EDGE('',*,*,#2696,.T.);
#3374=ORIENTED_EDGE('',*,*,#2693,.T.);
#3375=ORIENTED_EDGE('',*,*,#2690,.T.);
#3376=ORIENTED_EDGE('',*,*,#2687,.T.);
#3377=ORIENTED_EDGE('',*,*,#2695,.T.);
#3378=ORIENTED_EDGE('',*,*,#2685,.T.);
#3379=ORIENTED_EDGE('',*,*,#2689,.T.);
#3380=ORIENTED_EDGE('',*,*,#2692,.T.);
#3381=ORIENTED_EDGE('',*,*,#2697,.F.);
#3382=ORIENTED_EDGE('',*,*,#2698,.T.);
#3383=ORIENTED_EDGE('',*,*,#2699,.F.);
#3384=ORIENTED_EDGE('',*,*,#2700,.F.);
#3385=ORIENTED_EDGE('',*,*,#2701,.F.);
#3386=ORIENTED_EDGE('',*,*,#2700,.T.);
#3387=ORIENTED_EDGE('',*,*,#2702,.F.);
#3388=ORIENTED_EDGE('',*,*,#2703,.F.);
#3389=ORIENTED_EDGE('',*,*,#2704,.F.);
#3390=ORIENTED_EDGE('',*,*,#2703,.T.);
#3391=ORIENTED_EDGE('',*,*,#2705,.F.);
#3392=ORIENTED_EDGE('',*,*,#2706,.F.);
#3393=ORIENTED_EDGE('',*,*,#2707,.F.);
#3394=ORIENTED_EDGE('',*,*,#2706,.T.);
#3395=ORIENTED_EDGE('',*,*,#2708,.F.);
#3396=ORIENTED_EDGE('',*,*,#2698,.F.);
#3397=ORIENTED_EDGE('',*,*,#2708,.T.);
#3398=ORIENTED_EDGE('',*,*,#2705,.T.);
#3399=ORIENTED_EDGE('',*,*,#2702,.T.);
#3400=ORIENTED_EDGE('',*,*,#2699,.T.);
#3401=ORIENTED_EDGE('',*,*,#2707,.T.);
#3402=ORIENTED_EDGE('',*,*,#2697,.T.);
#3403=ORIENTED_EDGE('',*,*,#2701,.T.);
#3404=ORIENTED_EDGE('',*,*,#2704,.T.);
#3405=ORIENTED_EDGE('',*,*,#2709,.F.);
#3406=ORIENTED_EDGE('',*,*,#2710,.T.);
#3407=ORIENTED_EDGE('',*,*,#2711,.F.);
#3408=ORIENTED_EDGE('',*,*,#2712,.F.);
#3409=ORIENTED_EDGE('',*,*,#2713,.F.);
#3410=ORIENTED_EDGE('',*,*,#2712,.T.);
#3411=ORIENTED_EDGE('',*,*,#2714,.F.);
#3412=ORIENTED_EDGE('',*,*,#2715,.F.);
#3413=ORIENTED_EDGE('',*,*,#2716,.F.);
#3414=ORIENTED_EDGE('',*,*,#2715,.T.);
#3415=ORIENTED_EDGE('',*,*,#2717,.F.);
#3416=ORIENTED_EDGE('',*,*,#2718,.F.);
#3417=ORIENTED_EDGE('',*,*,#2719,.F.);
#3418=ORIENTED_EDGE('',*,*,#2718,.T.);
#3419=ORIENTED_EDGE('',*,*,#2720,.F.);
#3420=ORIENTED_EDGE('',*,*,#2710,.F.);
#3421=ORIENTED_EDGE('',*,*,#2720,.T.);
#3422=ORIENTED_EDGE('',*,*,#2717,.T.);
#3423=ORIENTED_EDGE('',*,*,#2714,.T.);
#3424=ORIENTED_EDGE('',*,*,#2711,.T.);
#3425=ORIENTED_EDGE('',*,*,#2719,.T.);
#3426=ORIENTED_EDGE('',*,*,#2709,.T.);
#3427=ORIENTED_EDGE('',*,*,#2713,.T.);
#3428=ORIENTED_EDGE('',*,*,#2716,.T.);
#3429=ORIENTED_EDGE('',*,*,#2721,.F.);
#3430=ORIENTED_EDGE('',*,*,#2722,.T.);
#3431=ORIENTED_EDGE('',*,*,#2723,.F.);
#3432=ORIENTED_EDGE('',*,*,#2724,.F.);
#3433=ORIENTED_EDGE('',*,*,#2725,.F.);
#3434=ORIENTED_EDGE('',*,*,#2724,.T.);
#3435=ORIENTED_EDGE('',*,*,#2726,.F.);
#3436=ORIENTED_EDGE('',*,*,#2727,.F.);
#3437=ORIENTED_EDGE('',*,*,#2728,.F.);
#3438=ORIENTED_EDGE('',*,*,#2727,.T.);
#3439=ORIENTED_EDGE('',*,*,#2729,.F.);
#3440=ORIENTED_EDGE('',*,*,#2730,.F.);
#3441=ORIENTED_EDGE('',*,*,#2731,.F.);
#3442=ORIENTED_EDGE('',*,*,#2730,.T.);
#3443=ORIENTED_EDGE('',*,*,#2732,.F.);
#3444=ORIENTED_EDGE('',*,*,#2722,.F.);
#3445=ORIENTED_EDGE('',*,*,#2732,.T.);
#3446=ORIENTED_EDGE('',*,*,#2729,.T.);
#3447=ORIENTED_EDGE('',*,*,#2726,.T.);
#3448=ORIENTED_EDGE('',*,*,#2723,.T.);
#3449=ORIENTED_EDGE('',*,*,#2731,.T.);
#3450=ORIENTED_EDGE('',*,*,#2721,.T.);
#3451=ORIENTED_EDGE('',*,*,#2725,.T.);
#3452=ORIENTED_EDGE('',*,*,#2728,.T.);
#3453=ORIENTED_EDGE('',*,*,#2733,.F.);
#3454=ORIENTED_EDGE('',*,*,#2734,.T.);
#3455=ORIENTED_EDGE('',*,*,#2735,.F.);
#3456=ORIENTED_EDGE('',*,*,#2736,.F.);
#3457=ORIENTED_EDGE('',*,*,#2737,.F.);
#3458=ORIENTED_EDGE('',*,*,#2736,.T.);
#3459=ORIENTED_EDGE('',*,*,#2738,.F.);
#3460=ORIENTED_EDGE('',*,*,#2739,.F.);
#3461=ORIENTED_EDGE('',*,*,#2740,.F.);
#3462=ORIENTED_EDGE('',*,*,#2739,.T.);
#3463=ORIENTED_EDGE('',*,*,#2741,.F.);
#3464=ORIENTED_EDGE('',*,*,#2742,.F.);
#3465=ORIENTED_EDGE('',*,*,#2743,.F.);
#3466=ORIENTED_EDGE('',*,*,#2742,.T.);
#3467=ORIENTED_EDGE('',*,*,#2744,.F.);
#3468=ORIENTED_EDGE('',*,*,#2734,.F.);
#3469=ORIENTED_EDGE('',*,*,#2744,.T.);
#3470=ORIENTED_EDGE('',*,*,#2741,.T.);
#3471=ORIENTED_EDGE('',*,*,#2738,.T.);
#3472=ORIENTED_EDGE('',*,*,#2735,.T.);
#3473=ORIENTED_EDGE('',*,*,#2743,.T.);
#3474=ORIENTED_EDGE('',*,*,#2733,.T.);
#3475=ORIENTED_EDGE('',*,*,#2737,.T.);
#3476=ORIENTED_EDGE('',*,*,#2740,.T.);
#3477=ORIENTED_EDGE('',*,*,#2745,.F.);
#3478=ORIENTED_EDGE('',*,*,#2746,.T.);
#3479=ORIENTED_EDGE('',*,*,#2747,.F.);
#3480=ORIENTED_EDGE('',*,*,#2748,.F.);
#3481=ORIENTED_EDGE('',*,*,#2749,.F.);
#3482=ORIENTED_EDGE('',*,*,#2748,.T.);
#3483=ORIENTED_EDGE('',*,*,#2750,.F.);
#3484=ORIENTED_EDGE('',*,*,#2751,.F.);
#3485=ORIENTED_EDGE('',*,*,#2752,.F.);
#3486=ORIENTED_EDGE('',*,*,#2751,.T.);
#3487=ORIENTED_EDGE('',*,*,#2753,.F.);
#3488=ORIENTED_EDGE('',*,*,#2754,.F.);
#3489=ORIENTED_EDGE('',*,*,#2755,.F.);
#3490=ORIENTED_EDGE('',*,*,#2754,.T.);
#3491=ORIENTED_EDGE('',*,*,#2756,.F.);
#3492=ORIENTED_EDGE('',*,*,#2746,.F.);
#3493=ORIENTED_EDGE('',*,*,#2756,.T.);
#3494=ORIENTED_EDGE('',*,*,#2753,.T.);
#3495=ORIENTED_EDGE('',*,*,#2750,.T.);
#3496=ORIENTED_EDGE('',*,*,#2747,.T.);
#3497=ORIENTED_EDGE('',*,*,#2755,.T.);
#3498=ORIENTED_EDGE('',*,*,#2745,.T.);
#3499=ORIENTED_EDGE('',*,*,#2749,.T.);
#3500=ORIENTED_EDGE('',*,*,#2752,.T.);
#3501=ORIENTED_EDGE('',*,*,#2757,.F.);
#3502=ORIENTED_EDGE('',*,*,#2758,.T.);
#3503=ORIENTED_EDGE('',*,*,#2759,.F.);
#3504=ORIENTED_EDGE('',*,*,#2760,.F.);
#3505=ORIENTED_EDGE('',*,*,#2761,.F.);
#3506=ORIENTED_EDGE('',*,*,#2760,.T.);
#3507=ORIENTED_EDGE('',*,*,#2762,.F.);
#3508=ORIENTED_EDGE('',*,*,#2763,.F.);
#3509=ORIENTED_EDGE('',*,*,#2764,.F.);
#3510=ORIENTED_EDGE('',*,*,#2763,.T.);
#3511=ORIENTED_EDGE('',*,*,#2765,.F.);
#3512=ORIENTED_EDGE('',*,*,#2766,.F.);
#3513=ORIENTED_EDGE('',*,*,#2767,.F.);
#3514=ORIENTED_EDGE('',*,*,#2766,.T.);
#3515=ORIENTED_EDGE('',*,*,#2768,.F.);
#3516=ORIENTED_EDGE('',*,*,#2758,.F.);
#3517=ORIENTED_EDGE('',*,*,#2768,.T.);
#3518=ORIENTED_EDGE('',*,*,#2765,.T.);
#3519=ORIENTED_EDGE('',*,*,#2762,.T.);
#3520=ORIENTED_EDGE('',*,*,#2759,.T.);
#3521=ORIENTED_EDGE('',*,*,#2767,.T.);
#3522=ORIENTED_EDGE('',*,*,#2757,.T.);
#3523=ORIENTED_EDGE('',*,*,#2761,.T.);
#3524=ORIENTED_EDGE('',*,*,#2764,.T.);
#3525=ORIENTED_EDGE('',*,*,#2769,.F.);
#3526=ORIENTED_EDGE('',*,*,#2770,.T.);
#3527=ORIENTED_EDGE('',*,*,#2771,.F.);
#3528=ORIENTED_EDGE('',*,*,#2772,.F.);
#3529=ORIENTED_EDGE('',*,*,#2773,.F.);
#3530=ORIENTED_EDGE('',*,*,#2772,.T.);
#3531=ORIENTED_EDGE('',*,*,#2774,.F.);
#3532=ORIENTED_EDGE('',*,*,#2775,.F.);
#3533=ORIENTED_EDGE('',*,*,#2776,.F.);
#3534=ORIENTED_EDGE('',*,*,#2775,.T.);
#3535=ORIENTED_EDGE('',*,*,#2777,.F.);
#3536=ORIENTED_EDGE('',*,*,#2778,.F.);
#3537=ORIENTED_EDGE('',*,*,#2779,.F.);
#3538=ORIENTED_EDGE('',*,*,#2778,.T.);
#3539=ORIENTED_EDGE('',*,*,#2780,.F.);
#3540=ORIENTED_EDGE('',*,*,#2770,.F.);
#3541=ORIENTED_EDGE('',*,*,#2780,.T.);
#3542=ORIENTED_EDGE('',*,*,#2777,.T.);
#3543=ORIENTED_EDGE('',*,*,#2774,.T.);
#3544=ORIENTED_EDGE('',*,*,#2771,.T.);
#3545=ORIENTED_EDGE('',*,*,#2779,.T.);
#3546=ORIENTED_EDGE('',*,*,#2769,.T.);
#3547=ORIENTED_EDGE('',*,*,#2773,.T.);
#3548=ORIENTED_EDGE('',*,*,#2776,.T.);
#3549=ORIENTED_EDGE('',*,*,#2781,.F.);
#3550=ORIENTED_EDGE('',*,*,#2782,.T.);
#3551=ORIENTED_EDGE('',*,*,#2783,.F.);
#3552=ORIENTED_EDGE('',*,*,#2784,.F.);
#3553=ORIENTED_EDGE('',*,*,#2785,.F.);
#3554=ORIENTED_EDGE('',*,*,#2784,.T.);
#3555=ORIENTED_EDGE('',*,*,#2786,.F.);
#3556=ORIENTED_EDGE('',*,*,#2787,.F.);
#3557=ORIENTED_EDGE('',*,*,#2788,.F.);
#3558=ORIENTED_EDGE('',*,*,#2787,.T.);
#3559=ORIENTED_EDGE('',*,*,#2789,.F.);
#3560=ORIENTED_EDGE('',*,*,#2790,.F.);
#3561=ORIENTED_EDGE('',*,*,#2791,.F.);
#3562=ORIENTED_EDGE('',*,*,#2790,.T.);
#3563=ORIENTED_EDGE('',*,*,#2792,.F.);
#3564=ORIENTED_EDGE('',*,*,#2782,.F.);
#3565=ORIENTED_EDGE('',*,*,#2792,.T.);
#3566=ORIENTED_EDGE('',*,*,#2789,.T.);
#3567=ORIENTED_EDGE('',*,*,#2786,.T.);
#3568=ORIENTED_EDGE('',*,*,#2783,.T.);
#3569=ORIENTED_EDGE('',*,*,#2791,.T.);
#3570=ORIENTED_EDGE('',*,*,#2781,.T.);
#3571=ORIENTED_EDGE('',*,*,#2785,.T.);
#3572=ORIENTED_EDGE('',*,*,#2788,.T.);
#3573=ORIENTED_EDGE('',*,*,#2793,.F.);
#3574=ORIENTED_EDGE('',*,*,#2794,.T.);
#3575=ORIENTED_EDGE('',*,*,#2795,.F.);
#3576=ORIENTED_EDGE('',*,*,#2796,.F.);
#3577=ORIENTED_EDGE('',*,*,#2797,.F.);
#3578=ORIENTED_EDGE('',*,*,#2796,.T.);
#3579=ORIENTED_EDGE('',*,*,#2798,.F.);
#3580=ORIENTED_EDGE('',*,*,#2799,.F.);
#3581=ORIENTED_EDGE('',*,*,#2800,.F.);
#3582=ORIENTED_EDGE('',*,*,#2799,.T.);
#3583=ORIENTED_EDGE('',*,*,#2801,.F.);
#3584=ORIENTED_EDGE('',*,*,#2802,.F.);
#3585=ORIENTED_EDGE('',*,*,#2803,.F.);
#3586=ORIENTED_EDGE('',*,*,#2802,.T.);
#3587=ORIENTED_EDGE('',*,*,#2804,.F.);
#3588=ORIENTED_EDGE('',*,*,#2794,.F.);
#3589=ORIENTED_EDGE('',*,*,#2804,.T.);
#3590=ORIENTED_EDGE('',*,*,#2801,.T.);
#3591=ORIENTED_EDGE('',*,*,#2798,.T.);
#3592=ORIENTED_EDGE('',*,*,#2795,.T.);
#3593=ORIENTED_EDGE('',*,*,#2803,.T.);
#3594=ORIENTED_EDGE('',*,*,#2793,.T.);
#3595=ORIENTED_EDGE('',*,*,#2797,.T.);
#3596=ORIENTED_EDGE('',*,*,#2800,.T.);
#3597=ORIENTED_EDGE('',*,*,#2805,.F.);
#3598=ORIENTED_EDGE('',*,*,#2806,.T.);
#3599=ORIENTED_EDGE('',*,*,#2807,.F.);
#3600=ORIENTED_EDGE('',*,*,#2808,.F.);
#3601=ORIENTED_EDGE('',*,*,#2809,.F.);
#3602=ORIENTED_EDGE('',*,*,#2808,.T.);
#3603=ORIENTED_EDGE('',*,*,#2810,.F.);
#3604=ORIENTED_EDGE('',*,*,#2811,.F.);
#3605=ORIENTED_EDGE('',*,*,#2812,.F.);
#3606=ORIENTED_EDGE('',*,*,#2811,.T.);
#3607=ORIENTED_EDGE('',*,*,#2813,.F.);
#3608=ORIENTED_EDGE('',*,*,#2814,.F.);
#3609=ORIENTED_EDGE('',*,*,#2815,.F.);
#3610=ORIENTED_EDGE('',*,*,#2814,.T.);
#3611=ORIENTED_EDGE('',*,*,#2816,.F.);
#3612=ORIENTED_EDGE('',*,*,#2806,.F.);
#3613=ORIENTED_EDGE('',*,*,#2816,.T.);
#3614=ORIENTED_EDGE('',*,*,#2813,.T.);
#3615=ORIENTED_EDGE('',*,*,#2810,.T.);
#3616=ORIENTED_EDGE('',*,*,#2807,.T.);
#3617=ORIENTED_EDGE('',*,*,#2815,.T.);
#3618=ORIENTED_EDGE('',*,*,#2805,.T.);
#3619=ORIENTED_EDGE('',*,*,#2809,.T.);
#3620=ORIENTED_EDGE('',*,*,#2812,.T.);
#3621=ORIENTED_EDGE('',*,*,#2817,.F.);
#3622=ORIENTED_EDGE('',*,*,#2818,.T.);
#3623=ORIENTED_EDGE('',*,*,#2819,.F.);
#3624=ORIENTED_EDGE('',*,*,#2820,.F.);
#3625=ORIENTED_EDGE('',*,*,#2821,.F.);
#3626=ORIENTED_EDGE('',*,*,#2820,.T.);
#3627=ORIENTED_EDGE('',*,*,#2822,.F.);
#3628=ORIENTED_EDGE('',*,*,#2823,.F.);
#3629=ORIENTED_EDGE('',*,*,#2824,.F.);
#3630=ORIENTED_EDGE('',*,*,#2823,.T.);
#3631=ORIENTED_EDGE('',*,*,#2825,.F.);
#3632=ORIENTED_EDGE('',*,*,#2826,.F.);
#3633=ORIENTED_EDGE('',*,*,#2827,.F.);
#3634=ORIENTED_EDGE('',*,*,#2826,.T.);
#3635=ORIENTED_EDGE('',*,*,#2828,.F.);
#3636=ORIENTED_EDGE('',*,*,#2818,.F.);
#3637=ORIENTED_EDGE('',*,*,#2828,.T.);
#3638=ORIENTED_EDGE('',*,*,#2825,.T.);
#3639=ORIENTED_EDGE('',*,*,#2822,.T.);
#3640=ORIENTED_EDGE('',*,*,#2819,.T.);
#3641=ORIENTED_EDGE('',*,*,#2827,.T.);
#3642=ORIENTED_EDGE('',*,*,#2817,.T.);
#3643=ORIENTED_EDGE('',*,*,#2821,.T.);
#3644=ORIENTED_EDGE('',*,*,#2824,.T.);
#3645=ORIENTED_EDGE('',*,*,#2829,.F.);
#3646=ORIENTED_EDGE('',*,*,#2830,.T.);
#3647=ORIENTED_EDGE('',*,*,#2831,.F.);
#3648=ORIENTED_EDGE('',*,*,#2832,.F.);
#3649=ORIENTED_EDGE('',*,*,#2833,.F.);
#3650=ORIENTED_EDGE('',*,*,#2832,.T.);
#3651=ORIENTED_EDGE('',*,*,#2834,.F.);
#3652=ORIENTED_EDGE('',*,*,#2835,.F.);
#3653=ORIENTED_EDGE('',*,*,#2836,.F.);
#3654=ORIENTED_EDGE('',*,*,#2835,.T.);
#3655=ORIENTED_EDGE('',*,*,#2837,.F.);
#3656=ORIENTED_EDGE('',*,*,#2838,.F.);
#3657=ORIENTED_EDGE('',*,*,#2839,.F.);
#3658=ORIENTED_EDGE('',*,*,#2838,.T.);
#3659=ORIENTED_EDGE('',*,*,#2840,.F.);
#3660=ORIENTED_EDGE('',*,*,#2830,.F.);
#3661=ORIENTED_EDGE('',*,*,#2840,.T.);
#3662=ORIENTED_EDGE('',*,*,#2837,.T.);
#3663=ORIENTED_EDGE('',*,*,#2834,.T.);
#3664=ORIENTED_EDGE('',*,*,#2831,.T.);
#3665=ORIENTED_EDGE('',*,*,#2839,.T.);
#3666=ORIENTED_EDGE('',*,*,#2829,.T.);
#3667=ORIENTED_EDGE('',*,*,#2833,.T.);
#3668=ORIENTED_EDGE('',*,*,#2836,.T.);
#3669=ORIENTED_EDGE('',*,*,#2841,.F.);
#3670=ORIENTED_EDGE('',*,*,#2842,.T.);
#3671=ORIENTED_EDGE('',*,*,#2843,.F.);
#3672=ORIENTED_EDGE('',*,*,#2844,.F.);
#3673=ORIENTED_EDGE('',*,*,#2845,.F.);
#3674=ORIENTED_EDGE('',*,*,#2844,.T.);
#3675=ORIENTED_EDGE('',*,*,#2846,.F.);
#3676=ORIENTED_EDGE('',*,*,#2847,.F.);
#3677=ORIENTED_EDGE('',*,*,#2848,.F.);
#3678=ORIENTED_EDGE('',*,*,#2847,.T.);
#3679=ORIENTED_EDGE('',*,*,#2849,.F.);
#3680=ORIENTED_EDGE('',*,*,#2850,.F.);
#3681=ORIENTED_EDGE('',*,*,#2851,.F.);
#3682=ORIENTED_EDGE('',*,*,#2850,.T.);
#3683=ORIENTED_EDGE('',*,*,#2852,.F.);
#3684=ORIENTED_EDGE('',*,*,#2842,.F.);
#3685=ORIENTED_EDGE('',*,*,#2852,.T.);
#3686=ORIENTED_EDGE('',*,*,#2849,.T.);
#3687=ORIENTED_EDGE('',*,*,#2846,.T.);
#3688=ORIENTED_EDGE('',*,*,#2843,.T.);
#3689=ORIENTED_EDGE('',*,*,#2851,.T.);
#3690=ORIENTED_EDGE('',*,*,#2841,.T.);
#3691=ORIENTED_EDGE('',*,*,#2845,.T.);
#3692=ORIENTED_EDGE('',*,*,#2848,.T.);
#3693=ORIENTED_EDGE('',*,*,#2853,.F.);
#3694=ORIENTED_EDGE('',*,*,#2854,.T.);
#3695=ORIENTED_EDGE('',*,*,#2855,.F.);
#3696=ORIENTED_EDGE('',*,*,#2856,.F.);
#3697=ORIENTED_EDGE('',*,*,#2857,.F.);
#3698=ORIENTED_EDGE('',*,*,#2856,.T.);
#3699=ORIENTED_EDGE('',*,*,#2858,.F.);
#3700=ORIENTED_EDGE('',*,*,#2859,.F.);
#3701=ORIENTED_EDGE('',*,*,#2860,.F.);
#3702=ORIENTED_EDGE('',*,*,#2859,.T.);
#3703=ORIENTED_EDGE('',*,*,#2861,.F.);
#3704=ORIENTED_EDGE('',*,*,#2862,.F.);
#3705=ORIENTED_EDGE('',*,*,#2863,.F.);
#3706=ORIENTED_EDGE('',*,*,#2862,.T.);
#3707=ORIENTED_EDGE('',*,*,#2864,.F.);
#3708=ORIENTED_EDGE('',*,*,#2854,.F.);
#3709=ORIENTED_EDGE('',*,*,#2864,.T.);
#3710=ORIENTED_EDGE('',*,*,#2861,.T.);
#3711=ORIENTED_EDGE('',*,*,#2858,.T.);
#3712=ORIENTED_EDGE('',*,*,#2855,.T.);
#3713=ORIENTED_EDGE('',*,*,#2863,.T.);
#3714=ORIENTED_EDGE('',*,*,#2853,.T.);
#3715=ORIENTED_EDGE('',*,*,#2857,.T.);
#3716=ORIENTED_EDGE('',*,*,#2860,.T.);
#3717=ORIENTED_EDGE('',*,*,#2865,.F.);
#3718=ORIENTED_EDGE('',*,*,#2866,.T.);
#3719=ORIENTED_EDGE('',*,*,#2867,.F.);
#3720=ORIENTED_EDGE('',*,*,#2868,.F.);
#3721=ORIENTED_EDGE('',*,*,#2869,.F.);
#3722=ORIENTED_EDGE('',*,*,#2868,.T.);
#3723=ORIENTED_EDGE('',*,*,#2870,.F.);
#3724=ORIENTED_EDGE('',*,*,#2871,.F.);
#3725=ORIENTED_EDGE('',*,*,#2872,.F.);
#3726=ORIENTED_EDGE('',*,*,#2871,.T.);
#3727=ORIENTED_EDGE('',*,*,#2873,.F.);
#3728=ORIENTED_EDGE('',*,*,#2874,.F.);
#3729=ORIENTED_EDGE('',*,*,#2875,.F.);
#3730=ORIENTED_EDGE('',*,*,#2874,.T.);
#3731=ORIENTED_EDGE('',*,*,#2876,.F.);
#3732=ORIENTED_EDGE('',*,*,#2866,.F.);
#3733=ORIENTED_EDGE('',*,*,#2876,.T.);
#3734=ORIENTED_EDGE('',*,*,#2873,.T.);
#3735=ORIENTED_EDGE('',*,*,#2870,.T.);
#3736=ORIENTED_EDGE('',*,*,#2867,.T.);
#3737=ORIENTED_EDGE('',*,*,#2875,.T.);
#3738=ORIENTED_EDGE('',*,*,#2865,.T.);
#3739=ORIENTED_EDGE('',*,*,#2869,.T.);
#3740=ORIENTED_EDGE('',*,*,#2872,.T.);
#3741=ORIENTED_EDGE('',*,*,#2877,.F.);
#3742=ORIENTED_EDGE('',*,*,#2878,.T.);
#3743=ORIENTED_EDGE('',*,*,#2879,.F.);
#3744=ORIENTED_EDGE('',*,*,#2880,.F.);
#3745=ORIENTED_EDGE('',*,*,#2881,.F.);
#3746=ORIENTED_EDGE('',*,*,#2880,.T.);
#3747=ORIENTED_EDGE('',*,*,#2882,.F.);
#3748=ORIENTED_EDGE('',*,*,#2883,.F.);
#3749=ORIENTED_EDGE('',*,*,#2884,.F.);
#3750=ORIENTED_EDGE('',*,*,#2883,.T.);
#3751=ORIENTED_EDGE('',*,*,#2885,.F.);
#3752=ORIENTED_EDGE('',*,*,#2886,.F.);
#3753=ORIENTED_EDGE('',*,*,#2887,.F.);
#3754=ORIENTED_EDGE('',*,*,#2886,.T.);
#3755=ORIENTED_EDGE('',*,*,#2888,.F.);
#3756=ORIENTED_EDGE('',*,*,#2878,.F.);
#3757=ORIENTED_EDGE('',*,*,#2888,.T.);
#3758=ORIENTED_EDGE('',*,*,#2885,.T.);
#3759=ORIENTED_EDGE('',*,*,#2882,.T.);
#3760=ORIENTED_EDGE('',*,*,#2879,.T.);
#3761=ORIENTED_EDGE('',*,*,#2887,.T.);
#3762=ORIENTED_EDGE('',*,*,#2877,.T.);
#3763=ORIENTED_EDGE('',*,*,#2881,.T.);
#3764=ORIENTED_EDGE('',*,*,#2884,.T.);
#3765=ORIENTED_EDGE('',*,*,#2889,.F.);
#3766=ORIENTED_EDGE('',*,*,#2890,.T.);
#3767=ORIENTED_EDGE('',*,*,#2891,.F.);
#3768=ORIENTED_EDGE('',*,*,#2892,.F.);
#3769=ORIENTED_EDGE('',*,*,#2893,.F.);
#3770=ORIENTED_EDGE('',*,*,#2892,.T.);
#3771=ORIENTED_EDGE('',*,*,#2894,.F.);
#3772=ORIENTED_EDGE('',*,*,#2895,.F.);
#3773=ORIENTED_EDGE('',*,*,#2896,.F.);
#3774=ORIENTED_EDGE('',*,*,#2895,.T.);
#3775=ORIENTED_EDGE('',*,*,#2897,.F.);
#3776=ORIENTED_EDGE('',*,*,#2898,.F.);
#3777=ORIENTED_EDGE('',*,*,#2899,.F.);
#3778=ORIENTED_EDGE('',*,*,#2898,.T.);
#3779=ORIENTED_EDGE('',*,*,#2900,.F.);
#3780=ORIENTED_EDGE('',*,*,#2890,.F.);
#3781=ORIENTED_EDGE('',*,*,#2900,.T.);
#3782=ORIENTED_EDGE('',*,*,#2897,.T.);
#3783=ORIENTED_EDGE('',*,*,#2894,.T.);
#3784=ORIENTED_EDGE('',*,*,#2891,.T.);
#3785=ORIENTED_EDGE('',*,*,#2899,.T.);
#3786=ORIENTED_EDGE('',*,*,#2889,.T.);
#3787=ORIENTED_EDGE('',*,*,#2893,.T.);
#3788=ORIENTED_EDGE('',*,*,#2896,.T.);
#3789=ORIENTED_EDGE('',*,*,#2901,.F.);
#3790=ORIENTED_EDGE('',*,*,#2902,.T.);
#3791=ORIENTED_EDGE('',*,*,#2903,.F.);
#3792=ORIENTED_EDGE('',*,*,#2904,.F.);
#3793=ORIENTED_EDGE('',*,*,#2905,.F.);
#3794=ORIENTED_EDGE('',*,*,#2904,.T.);
#3795=ORIENTED_EDGE('',*,*,#2906,.F.);
#3796=ORIENTED_EDGE('',*,*,#2907,.F.);
#3797=ORIENTED_EDGE('',*,*,#2908,.F.);
#3798=ORIENTED_EDGE('',*,*,#2907,.T.);
#3799=ORIENTED_EDGE('',*,*,#2909,.F.);
#3800=ORIENTED_EDGE('',*,*,#2910,.F.);
#3801=ORIENTED_EDGE('',*,*,#2911,.F.);
#3802=ORIENTED_EDGE('',*,*,#2910,.T.);
#3803=ORIENTED_EDGE('',*,*,#2912,.F.);
#3804=ORIENTED_EDGE('',*,*,#2902,.F.);
#3805=ORIENTED_EDGE('',*,*,#2912,.T.);
#3806=ORIENTED_EDGE('',*,*,#2909,.T.);
#3807=ORIENTED_EDGE('',*,*,#2906,.T.);
#3808=ORIENTED_EDGE('',*,*,#2903,.T.);
#3809=ORIENTED_EDGE('',*,*,#2911,.T.);
#3810=ORIENTED_EDGE('',*,*,#2901,.T.);
#3811=ORIENTED_EDGE('',*,*,#2905,.T.);
#3812=ORIENTED_EDGE('',*,*,#2908,.T.);
#3813=ORIENTED_EDGE('',*,*,#2913,.F.);
#3814=ORIENTED_EDGE('',*,*,#2914,.T.);
#3815=ORIENTED_EDGE('',*,*,#2915,.F.);
#3816=ORIENTED_EDGE('',*,*,#2916,.F.);
#3817=ORIENTED_EDGE('',*,*,#2917,.F.);
#3818=ORIENTED_EDGE('',*,*,#2916,.T.);
#3819=ORIENTED_EDGE('',*,*,#2918,.F.);
#3820=ORIENTED_EDGE('',*,*,#2919,.F.);
#3821=ORIENTED_EDGE('',*,*,#2920,.F.);
#3822=ORIENTED_EDGE('',*,*,#2919,.T.);
#3823=ORIENTED_EDGE('',*,*,#2921,.F.);
#3824=ORIENTED_EDGE('',*,*,#2922,.F.);
#3825=ORIENTED_EDGE('',*,*,#2923,.F.);
#3826=ORIENTED_EDGE('',*,*,#2922,.T.);
#3827=ORIENTED_EDGE('',*,*,#2924,.F.);
#3828=ORIENTED_EDGE('',*,*,#2914,.F.);
#3829=ORIENTED_EDGE('',*,*,#2924,.T.);
#3830=ORIENTED_EDGE('',*,*,#2921,.T.);
#3831=ORIENTED_EDGE('',*,*,#2918,.T.);
#3832=ORIENTED_EDGE('',*,*,#2915,.T.);
#3833=ORIENTED_EDGE('',*,*,#2923,.T.);
#3834=ORIENTED_EDGE('',*,*,#2913,.T.);
#3835=ORIENTED_EDGE('',*,*,#2917,.T.);
#3836=ORIENTED_EDGE('',*,*,#2920,.T.);
#3837=ORIENTED_EDGE('',*,*,#2925,.F.);
#3838=ORIENTED_EDGE('',*,*,#2926,.T.);
#3839=ORIENTED_EDGE('',*,*,#2927,.F.);
#3840=ORIENTED_EDGE('',*,*,#2928,.F.);
#3841=ORIENTED_EDGE('',*,*,#2929,.F.);
#3842=ORIENTED_EDGE('',*,*,#2928,.T.);
#3843=ORIENTED_EDGE('',*,*,#2930,.F.);
#3844=ORIENTED_EDGE('',*,*,#2931,.F.);
#3845=ORIENTED_EDGE('',*,*,#2932,.F.);
#3846=ORIENTED_EDGE('',*,*,#2931,.T.);
#3847=ORIENTED_EDGE('',*,*,#2933,.F.);
#3848=ORIENTED_EDGE('',*,*,#2934,.F.);
#3849=ORIENTED_EDGE('',*,*,#2935,.F.);
#3850=ORIENTED_EDGE('',*,*,#2934,.T.);
#3851=ORIENTED_EDGE('',*,*,#2936,.F.);
#3852=ORIENTED_EDGE('',*,*,#2926,.F.);
#3853=ORIENTED_EDGE('',*,*,#2936,.T.);
#3854=ORIENTED_EDGE('',*,*,#2933,.T.);
#3855=ORIENTED_EDGE('',*,*,#2930,.T.);
#3856=ORIENTED_EDGE('',*,*,#2927,.T.);
#3857=ORIENTED_EDGE('',*,*,#2935,.T.);
#3858=ORIENTED_EDGE('',*,*,#2925,.T.);
#3859=ORIENTED_EDGE('',*,*,#2929,.T.);
#3860=ORIENTED_EDGE('',*,*,#2932,.T.);
#3861=ORIENTED_EDGE('',*,*,#2937,.F.);
#3862=ORIENTED_EDGE('',*,*,#2938,.T.);
#3863=ORIENTED_EDGE('',*,*,#2939,.F.);
#3864=ORIENTED_EDGE('',*,*,#2940,.F.);
#3865=ORIENTED_EDGE('',*,*,#2941,.F.);
#3866=ORIENTED_EDGE('',*,*,#2940,.T.);
#3867=ORIENTED_EDGE('',*,*,#2942,.F.);
#3868=ORIENTED_EDGE('',*,*,#2943,.F.);
#3869=ORIENTED_EDGE('',*,*,#2944,.F.);
#3870=ORIENTED_EDGE('',*,*,#2943,.T.);
#3871=ORIENTED_EDGE('',*,*,#2945,.F.);
#3872=ORIENTED_EDGE('',*,*,#2946,.F.);
#3873=ORIENTED_EDGE('',*,*,#2947,.F.);
#3874=ORIENTED_EDGE('',*,*,#2946,.T.);
#3875=ORIENTED_EDGE('',*,*,#2948,.F.);
#3876=ORIENTED_EDGE('',*,*,#2938,.F.);
#3877=ORIENTED_EDGE('',*,*,#2948,.T.);
#3878=ORIENTED_EDGE('',*,*,#2945,.T.);
#3879=ORIENTED_EDGE('',*,*,#2942,.T.);
#3880=ORIENTED_EDGE('',*,*,#2939,.T.);
#3881=ORIENTED_EDGE('',*,*,#2947,.T.);
#3882=ORIENTED_EDGE('',*,*,#2937,.T.);
#3883=ORIENTED_EDGE('',*,*,#2941,.T.);
#3884=ORIENTED_EDGE('',*,*,#2944,.T.);
#3885=ORIENTED_EDGE('',*,*,#2949,.F.);
#3886=ORIENTED_EDGE('',*,*,#2950,.T.);
#3887=ORIENTED_EDGE('',*,*,#2951,.F.);
#3888=ORIENTED_EDGE('',*,*,#2952,.F.);
#3889=ORIENTED_EDGE('',*,*,#2953,.F.);
#3890=ORIENTED_EDGE('',*,*,#2952,.T.);
#3891=ORIENTED_EDGE('',*,*,#2954,.F.);
#3892=ORIENTED_EDGE('',*,*,#2955,.F.);
#3893=ORIENTED_EDGE('',*,*,#2956,.F.);
#3894=ORIENTED_EDGE('',*,*,#2955,.T.);
#3895=ORIENTED_EDGE('',*,*,#2957,.F.);
#3896=ORIENTED_EDGE('',*,*,#2958,.F.);
#3897=ORIENTED_EDGE('',*,*,#2959,.F.);
#3898=ORIENTED_EDGE('',*,*,#2958,.T.);
#3899=ORIENTED_EDGE('',*,*,#2960,.F.);
#3900=ORIENTED_EDGE('',*,*,#2950,.F.);
#3901=ORIENTED_EDGE('',*,*,#2960,.T.);
#3902=ORIENTED_EDGE('',*,*,#2957,.T.);
#3903=ORIENTED_EDGE('',*,*,#2954,.T.);
#3904=ORIENTED_EDGE('',*,*,#2951,.T.);
#3905=ORIENTED_EDGE('',*,*,#2959,.T.);
#3906=ORIENTED_EDGE('',*,*,#2949,.T.);
#3907=ORIENTED_EDGE('',*,*,#2953,.T.);
#3908=ORIENTED_EDGE('',*,*,#2956,.T.);
#3909=ORIENTED_EDGE('',*,*,#2961,.F.);
#3910=ORIENTED_EDGE('',*,*,#2962,.T.);
#3911=ORIENTED_EDGE('',*,*,#2963,.F.);
#3912=ORIENTED_EDGE('',*,*,#2964,.F.);
#3913=ORIENTED_EDGE('',*,*,#2965,.F.);
#3914=ORIENTED_EDGE('',*,*,#2964,.T.);
#3915=ORIENTED_EDGE('',*,*,#2966,.F.);
#3916=ORIENTED_EDGE('',*,*,#2967,.F.);
#3917=ORIENTED_EDGE('',*,*,#2968,.F.);
#3918=ORIENTED_EDGE('',*,*,#2967,.T.);
#3919=ORIENTED_EDGE('',*,*,#2969,.F.);
#3920=ORIENTED_EDGE('',*,*,#2970,.F.);
#3921=ORIENTED_EDGE('',*,*,#2971,.F.);
#3922=ORIENTED_EDGE('',*,*,#2970,.T.);
#3923=ORIENTED_EDGE('',*,*,#2972,.F.);
#3924=ORIENTED_EDGE('',*,*,#2962,.F.);
#3925=ORIENTED_EDGE('',*,*,#2972,.T.);
#3926=ORIENTED_EDGE('',*,*,#2969,.T.);
#3927=ORIENTED_EDGE('',*,*,#2966,.T.);
#3928=ORIENTED_EDGE('',*,*,#2963,.T.);
#3929=ORIENTED_EDGE('',*,*,#2971,.T.);
#3930=ORIENTED_EDGE('',*,*,#2961,.T.);
#3931=ORIENTED_EDGE('',*,*,#2965,.T.);
#3932=ORIENTED_EDGE('',*,*,#2968,.T.);
#3933=ORIENTED_EDGE('',*,*,#2973,.F.);
#3934=ORIENTED_EDGE('',*,*,#2974,.T.);
#3935=ORIENTED_EDGE('',*,*,#2975,.F.);
#3936=ORIENTED_EDGE('',*,*,#2976,.F.);
#3937=ORIENTED_EDGE('',*,*,#2977,.F.);
#3938=ORIENTED_EDGE('',*,*,#2976,.T.);
#3939=ORIENTED_EDGE('',*,*,#2978,.F.);
#3940=ORIENTED_EDGE('',*,*,#2979,.F.);
#3941=ORIENTED_EDGE('',*,*,#2980,.F.);
#3942=ORIENTED_EDGE('',*,*,#2979,.T.);
#3943=ORIENTED_EDGE('',*,*,#2981,.F.);
#3944=ORIENTED_EDGE('',*,*,#2982,.F.);
#3945=ORIENTED_EDGE('',*,*,#2983,.F.);
#3946=ORIENTED_EDGE('',*,*,#2982,.T.);
#3947=ORIENTED_EDGE('',*,*,#2984,.F.);
#3948=ORIENTED_EDGE('',*,*,#2974,.F.);
#3949=ORIENTED_EDGE('',*,*,#2984,.T.);
#3950=ORIENTED_EDGE('',*,*,#2981,.T.);
#3951=ORIENTED_EDGE('',*,*,#2978,.T.);
#3952=ORIENTED_EDGE('',*,*,#2975,.T.);
#3953=ORIENTED_EDGE('',*,*,#2983,.T.);
#3954=ORIENTED_EDGE('',*,*,#2973,.T.);
#3955=ORIENTED_EDGE('',*,*,#2977,.T.);
#3956=ORIENTED_EDGE('',*,*,#2980,.T.);
#3957=ORIENTED_EDGE('',*,*,#2985,.F.);
#3958=ORIENTED_EDGE('',*,*,#2986,.T.);
#3959=ORIENTED_EDGE('',*,*,#2987,.F.);
#3960=ORIENTED_EDGE('',*,*,#2988,.F.);
#3961=ORIENTED_EDGE('',*,*,#2989,.F.);
#3962=ORIENTED_EDGE('',*,*,#2988,.T.);
#3963=ORIENTED_EDGE('',*,*,#2990,.F.);
#3964=ORIENTED_EDGE('',*,*,#2991,.F.);
#3965=ORIENTED_EDGE('',*,*,#2992,.F.);
#3966=ORIENTED_EDGE('',*,*,#2991,.T.);
#3967=ORIENTED_EDGE('',*,*,#2993,.F.);
#3968=ORIENTED_EDGE('',*,*,#2994,.F.);
#3969=ORIENTED_EDGE('',*,*,#2995,.F.);
#3970=ORIENTED_EDGE('',*,*,#2994,.T.);
#3971=ORIENTED_EDGE('',*,*,#2996,.F.);
#3972=ORIENTED_EDGE('',*,*,#2986,.F.);
#3973=ORIENTED_EDGE('',*,*,#2996,.T.);
#3974=ORIENTED_EDGE('',*,*,#2993,.T.);
#3975=ORIENTED_EDGE('',*,*,#2990,.T.);
#3976=ORIENTED_EDGE('',*,*,#2987,.T.);
#3977=ORIENTED_EDGE('',*,*,#2995,.T.);
#3978=ORIENTED_EDGE('',*,*,#2985,.T.);
#3979=ORIENTED_EDGE('',*,*,#2989,.T.);
#3980=ORIENTED_EDGE('',*,*,#2992,.T.);
#3981=ORIENTED_EDGE('',*,*,#2997,.F.);
#3982=ORIENTED_EDGE('',*,*,#2998,.T.);
#3983=ORIENTED_EDGE('',*,*,#2999,.F.);
#3984=ORIENTED_EDGE('',*,*,#3000,.F.);
#3985=ORIENTED_EDGE('',*,*,#3001,.F.);
#3986=ORIENTED_EDGE('',*,*,#3000,.T.);
#3987=ORIENTED_EDGE('',*,*,#3002,.F.);
#3988=ORIENTED_EDGE('',*,*,#3003,.F.);
#3989=ORIENTED_EDGE('',*,*,#3004,.F.);
#3990=ORIENTED_EDGE('',*,*,#3003,.T.);
#3991=ORIENTED_EDGE('',*,*,#3005,.F.);
#3992=ORIENTED_EDGE('',*,*,#3006,.F.);
#3993=ORIENTED_EDGE('',*,*,#3007,.F.);
#3994=ORIENTED_EDGE('',*,*,#3006,.T.);
#3995=ORIENTED_EDGE('',*,*,#3008,.F.);
#3996=ORIENTED_EDGE('',*,*,#2998,.F.);
#3997=ORIENTED_EDGE('',*,*,#3008,.T.);
#3998=ORIENTED_EDGE('',*,*,#3005,.T.);
#3999=ORIENTED_EDGE('',*,*,#3002,.T.);
#4000=ORIENTED_EDGE('',*,*,#2999,.T.);
#4001=ORIENTED_EDGE('',*,*,#3007,.T.);
#4002=ORIENTED_EDGE('',*,*,#2997,.T.);
#4003=ORIENTED_EDGE('',*,*,#3001,.T.);
#4004=ORIENTED_EDGE('',*,*,#3004,.T.);
#4005=ORIENTED_EDGE('',*,*,#3009,.F.);
#4006=ORIENTED_EDGE('',*,*,#3010,.T.);
#4007=ORIENTED_EDGE('',*,*,#3011,.F.);
#4008=ORIENTED_EDGE('',*,*,#3012,.F.);
#4009=ORIENTED_EDGE('',*,*,#3013,.F.);
#4010=ORIENTED_EDGE('',*,*,#3012,.T.);
#4011=ORIENTED_EDGE('',*,*,#3014,.F.);
#4012=ORIENTED_EDGE('',*,*,#3015,.F.);
#4013=ORIENTED_EDGE('',*,*,#3016,.F.);
#4014=ORIENTED_EDGE('',*,*,#3015,.T.);
#4015=ORIENTED_EDGE('',*,*,#3017,.F.);
#4016=ORIENTED_EDGE('',*,*,#3018,.F.);
#4017=ORIENTED_EDGE('',*,*,#3019,.F.);
#4018=ORIENTED_EDGE('',*,*,#3018,.T.);
#4019=ORIENTED_EDGE('',*,*,#3020,.F.);
#4020=ORIENTED_EDGE('',*,*,#3010,.F.);
#4021=ORIENTED_EDGE('',*,*,#3020,.T.);
#4022=ORIENTED_EDGE('',*,*,#3017,.T.);
#4023=ORIENTED_EDGE('',*,*,#3014,.T.);
#4024=ORIENTED_EDGE('',*,*,#3011,.T.);
#4025=ORIENTED_EDGE('',*,*,#3019,.T.);
#4026=ORIENTED_EDGE('',*,*,#3009,.T.);
#4027=ORIENTED_EDGE('',*,*,#3013,.T.);
#4028=ORIENTED_EDGE('',*,*,#3016,.T.);
#4029=ORIENTED_EDGE('',*,*,#3021,.F.);
#4030=ORIENTED_EDGE('',*,*,#3022,.T.);
#4031=ORIENTED_EDGE('',*,*,#3023,.F.);
#4032=ORIENTED_EDGE('',*,*,#3024,.F.);
#4033=ORIENTED_EDGE('',*,*,#3025,.F.);
#4034=ORIENTED_EDGE('',*,*,#3024,.T.);
#4035=ORIENTED_EDGE('',*,*,#3026,.F.);
#4036=ORIENTED_EDGE('',*,*,#3027,.F.);
#4037=ORIENTED_EDGE('',*,*,#3028,.F.);
#4038=ORIENTED_EDGE('',*,*,#3027,.T.);
#4039=ORIENTED_EDGE('',*,*,#3029,.F.);
#4040=ORIENTED_EDGE('',*,*,#3030,.F.);
#4041=ORIENTED_EDGE('',*,*,#3031,.F.);
#4042=ORIENTED_EDGE('',*,*,#3030,.T.);
#4043=ORIENTED_EDGE('',*,*,#3032,.F.);
#4044=ORIENTED_EDGE('',*,*,#3022,.F.);
#4045=ORIENTED_EDGE('',*,*,#3032,.T.);
#4046=ORIENTED_EDGE('',*,*,#3029,.T.);
#4047=ORIENTED_EDGE('',*,*,#3026,.T.);
#4048=ORIENTED_EDGE('',*,*,#3023,.T.);
#4049=ORIENTED_EDGE('',*,*,#3031,.T.);
#4050=ORIENTED_EDGE('',*,*,#3021,.T.);
#4051=ORIENTED_EDGE('',*,*,#3025,.T.);
#4052=ORIENTED_EDGE('',*,*,#3028,.T.);
#4053=ORIENTED_EDGE('',*,*,#3033,.F.);
#4054=ORIENTED_EDGE('',*,*,#3034,.T.);
#4055=ORIENTED_EDGE('',*,*,#3035,.F.);
#4056=ORIENTED_EDGE('',*,*,#3036,.F.);
#4057=ORIENTED_EDGE('',*,*,#3037,.F.);
#4058=ORIENTED_EDGE('',*,*,#3036,.T.);
#4059=ORIENTED_EDGE('',*,*,#3038,.F.);
#4060=ORIENTED_EDGE('',*,*,#3039,.F.);
#4061=ORIENTED_EDGE('',*,*,#3040,.F.);
#4062=ORIENTED_EDGE('',*,*,#3039,.T.);
#4063=ORIENTED_EDGE('',*,*,#3041,.F.);
#4064=ORIENTED_EDGE('',*,*,#3042,.F.);
#4065=ORIENTED_EDGE('',*,*,#3043,.F.);
#4066=ORIENTED_EDGE('',*,*,#3042,.T.);
#4067=ORIENTED_EDGE('',*,*,#3044,.F.);
#4068=ORIENTED_EDGE('',*,*,#3034,.F.);
#4069=ORIENTED_EDGE('',*,*,#3044,.T.);
#4070=ORIENTED_EDGE('',*,*,#3041,.T.);
#4071=ORIENTED_EDGE('',*,*,#3038,.T.);
#4072=ORIENTED_EDGE('',*,*,#3035,.T.);
#4073=ORIENTED_EDGE('',*,*,#3043,.T.);
#4074=ORIENTED_EDGE('',*,*,#3033,.T.);
#4075=ORIENTED_EDGE('',*,*,#3037,.T.);
#4076=ORIENTED_EDGE('',*,*,#3040,.T.);
#4077=ORIENTED_EDGE('',*,*,#3045,.F.);
#4078=ORIENTED_EDGE('',*,*,#3046,.T.);
#4079=ORIENTED_EDGE('',*,*,#3047,.F.);
#4080=ORIENTED_EDGE('',*,*,#3048,.F.);
#4081=ORIENTED_EDGE('',*,*,#3049,.F.);
#4082=ORIENTED_EDGE('',*,*,#3048,.T.);
#4083=ORIENTED_EDGE('',*,*,#3050,.F.);
#4084=ORIENTED_EDGE('',*,*,#3051,.F.);
#4085=ORIENTED_EDGE('',*,*,#3052,.F.);
#4086=ORIENTED_EDGE('',*,*,#3051,.T.);
#4087=ORIENTED_EDGE('',*,*,#3053,.F.);
#4088=ORIENTED_EDGE('',*,*,#3054,.F.);
#4089=ORIENTED_EDGE('',*,*,#3055,.F.);
#4090=ORIENTED_EDGE('',*,*,#3054,.T.);
#4091=ORIENTED_EDGE('',*,*,#3056,.F.);
#4092=ORIENTED_EDGE('',*,*,#3046,.F.);
#4093=ORIENTED_EDGE('',*,*,#3056,.T.);
#4094=ORIENTED_EDGE('',*,*,#3053,.T.);
#4095=ORIENTED_EDGE('',*,*,#3050,.T.);
#4096=ORIENTED_EDGE('',*,*,#3047,.T.);
#4097=ORIENTED_EDGE('',*,*,#3055,.T.);
#4098=ORIENTED_EDGE('',*,*,#3045,.T.);
#4099=ORIENTED_EDGE('',*,*,#3049,.T.);
#4100=ORIENTED_EDGE('',*,*,#3052,.T.);
#4101=ORIENTED_EDGE('',*,*,#3057,.F.);
#4102=ORIENTED_EDGE('',*,*,#3058,.T.);
#4103=ORIENTED_EDGE('',*,*,#3059,.F.);
#4104=ORIENTED_EDGE('',*,*,#3060,.F.);
#4105=ORIENTED_EDGE('',*,*,#3061,.F.);
#4106=ORIENTED_EDGE('',*,*,#3060,.T.);
#4107=ORIENTED_EDGE('',*,*,#3062,.F.);
#4108=ORIENTED_EDGE('',*,*,#3063,.F.);
#4109=ORIENTED_EDGE('',*,*,#3064,.F.);
#4110=ORIENTED_EDGE('',*,*,#3063,.T.);
#4111=ORIENTED_EDGE('',*,*,#3065,.F.);
#4112=ORIENTED_EDGE('',*,*,#3066,.F.);
#4113=ORIENTED_EDGE('',*,*,#3067,.F.);
#4114=ORIENTED_EDGE('',*,*,#3066,.T.);
#4115=ORIENTED_EDGE('',*,*,#3068,.F.);
#4116=ORIENTED_EDGE('',*,*,#3058,.F.);
#4117=ORIENTED_EDGE('',*,*,#3068,.T.);
#4118=ORIENTED_EDGE('',*,*,#3065,.T.);
#4119=ORIENTED_EDGE('',*,*,#3062,.T.);
#4120=ORIENTED_EDGE('',*,*,#3059,.T.);
#4121=ORIENTED_EDGE('',*,*,#3067,.T.);
#4122=ORIENTED_EDGE('',*,*,#3057,.T.);
#4123=ORIENTED_EDGE('',*,*,#3061,.T.);
#4124=ORIENTED_EDGE('',*,*,#3064,.T.);
#4125=ORIENTED_EDGE('',*,*,#3069,.F.);
#4126=ORIENTED_EDGE('',*,*,#3070,.T.);
#4127=ORIENTED_EDGE('',*,*,#3071,.F.);
#4128=ORIENTED_EDGE('',*,*,#3072,.F.);
#4129=ORIENTED_EDGE('',*,*,#3073,.F.);
#4130=ORIENTED_EDGE('',*,*,#3072,.T.);
#4131=ORIENTED_EDGE('',*,*,#3074,.F.);
#4132=ORIENTED_EDGE('',*,*,#3075,.F.);
#4133=ORIENTED_EDGE('',*,*,#3076,.F.);
#4134=ORIENTED_EDGE('',*,*,#3075,.T.);
#4135=ORIENTED_EDGE('',*,*,#3077,.F.);
#4136=ORIENTED_EDGE('',*,*,#3078,.F.);
#4137=ORIENTED_EDGE('',*,*,#3079,.F.);
#4138=ORIENTED_EDGE('',*,*,#3078,.T.);
#4139=ORIENTED_EDGE('',*,*,#3080,.F.);
#4140=ORIENTED_EDGE('',*,*,#3070,.F.);
#4141=ORIENTED_EDGE('',*,*,#3080,.T.);
#4142=ORIENTED_EDGE('',*,*,#3077,.T.);
#4143=ORIENTED_EDGE('',*,*,#3074,.T.);
#4144=ORIENTED_EDGE('',*,*,#3071,.T.);
#4145=ORIENTED_EDGE('',*,*,#3079,.T.);
#4146=ORIENTED_EDGE('',*,*,#3069,.T.);
#4147=ORIENTED_EDGE('',*,*,#3073,.T.);
#4148=ORIENTED_EDGE('',*,*,#3076,.T.);
#4149=ORIENTED_EDGE('',*,*,#3081,.F.);
#4150=ORIENTED_EDGE('',*,*,#3082,.T.);
#4151=ORIENTED_EDGE('',*,*,#3083,.F.);
#4152=ORIENTED_EDGE('',*,*,#3084,.F.);
#4153=ORIENTED_EDGE('',*,*,#3085,.F.);
#4154=ORIENTED_EDGE('',*,*,#3084,.T.);
#4155=ORIENTED_EDGE('',*,*,#3086,.F.);
#4156=ORIENTED_EDGE('',*,*,#3087,.F.);
#4157=ORIENTED_EDGE('',*,*,#3088,.F.);
#4158=ORIENTED_EDGE('',*,*,#3087,.T.);
#4159=ORIENTED_EDGE('',*,*,#3089,.F.);
#4160=ORIENTED_EDGE('',*,*,#3090,.F.);
#4161=ORIENTED_EDGE('',*,*,#3091,.F.);
#4162=ORIENTED_EDGE('',*,*,#3090,.T.);
#4163=ORIENTED_EDGE('',*,*,#3092,.F.);
#4164=ORIENTED_EDGE('',*,*,#3082,.F.);
#4165=ORIENTED_EDGE('',*,*,#3092,.T.);
#4166=ORIENTED_EDGE('',*,*,#3089,.T.);
#4167=ORIENTED_EDGE('',*,*,#3086,.T.);
#4168=ORIENTED_EDGE('',*,*,#3083,.T.);
#4169=ORIENTED_EDGE('',*,*,#3091,.T.);
#4170=ORIENTED_EDGE('',*,*,#3081,.T.);
#4171=ORIENTED_EDGE('',*,*,#3085,.T.);
#4172=ORIENTED_EDGE('',*,*,#3088,.T.);
#4173=ORIENTED_EDGE('',*,*,#3093,.F.);
#4174=ORIENTED_EDGE('',*,*,#3094,.T.);
#4175=ORIENTED_EDGE('',*,*,#3095,.F.);
#4176=ORIENTED_EDGE('',*,*,#3096,.F.);
#4177=ORIENTED_EDGE('',*,*,#3097,.F.);
#4178=ORIENTED_EDGE('',*,*,#3096,.T.);
#4179=ORIENTED_EDGE('',*,*,#3098,.F.);
#4180=ORIENTED_EDGE('',*,*,#3099,.F.);
#4181=ORIENTED_EDGE('',*,*,#3100,.F.);
#4182=ORIENTED_EDGE('',*,*,#3099,.T.);
#4183=ORIENTED_EDGE('',*,*,#3101,.F.);
#4184=ORIENTED_EDGE('',*,*,#3102,.F.);
#4185=ORIENTED_EDGE('',*,*,#3103,.F.);
#4186=ORIENTED_EDGE('',*,*,#3102,.T.);
#4187=ORIENTED_EDGE('',*,*,#3104,.F.);
#4188=ORIENTED_EDGE('',*,*,#3094,.F.);
#4189=ORIENTED_EDGE('',*,*,#3104,.T.);
#4190=ORIENTED_EDGE('',*,*,#3101,.T.);
#4191=ORIENTED_EDGE('',*,*,#3098,.T.);
#4192=ORIENTED_EDGE('',*,*,#3095,.T.);
#4193=ORIENTED_EDGE('',*,*,#3103,.T.);
#4194=ORIENTED_EDGE('',*,*,#3093,.T.);
#4195=ORIENTED_EDGE('',*,*,#3097,.T.);
#4196=ORIENTED_EDGE('',*,*,#3100,.T.);
#4197=ORIENTED_EDGE('',*,*,#3105,.F.);
#4198=ORIENTED_EDGE('',*,*,#3106,.T.);
#4199=ORIENTED_EDGE('',*,*,#3107,.F.);
#4200=ORIENTED_EDGE('',*,*,#3108,.F.);
#4201=ORIENTED_EDGE('',*,*,#3109,.F.);
#4202=ORIENTED_EDGE('',*,*,#3108,.T.);
#4203=ORIENTED_EDGE('',*,*,#3110,.F.);
#4204=ORIENTED_EDGE('',*,*,#3111,.F.);
#4205=ORIENTED_EDGE('',*,*,#3112,.F.);
#4206=ORIENTED_EDGE('',*,*,#3111,.T.);
#4207=ORIENTED_EDGE('',*,*,#3113,.F.);
#4208=ORIENTED_EDGE('',*,*,#3114,.F.);
#4209=ORIENTED_EDGE('',*,*,#3115,.F.);
#4210=ORIENTED_EDGE('',*,*,#3114,.T.);
#4211=ORIENTED_EDGE('',*,*,#3116,.F.);
#4212=ORIENTED_EDGE('',*,*,#3106,.F.);
#4213=ORIENTED_EDGE('',*,*,#3116,.T.);
#4214=ORIENTED_EDGE('',*,*,#3113,.T.);
#4215=ORIENTED_EDGE('',*,*,#3110,.T.);
#4216=ORIENTED_EDGE('',*,*,#3107,.T.);
#4217=ORIENTED_EDGE('',*,*,#3115,.T.);
#4218=ORIENTED_EDGE('',*,*,#3105,.T.);
#4219=ORIENTED_EDGE('',*,*,#3109,.T.);
#4220=ORIENTED_EDGE('',*,*,#3112,.T.);
#4221=ORIENTED_EDGE('',*,*,#3117,.F.);
#4222=ORIENTED_EDGE('',*,*,#3118,.T.);
#4223=ORIENTED_EDGE('',*,*,#3119,.F.);
#4224=ORIENTED_EDGE('',*,*,#3120,.F.);
#4225=ORIENTED_EDGE('',*,*,#3121,.F.);
#4226=ORIENTED_EDGE('',*,*,#3120,.T.);
#4227=ORIENTED_EDGE('',*,*,#3122,.F.);
#4228=ORIENTED_EDGE('',*,*,#3123,.F.);
#4229=ORIENTED_EDGE('',*,*,#3124,.F.);
#4230=ORIENTED_EDGE('',*,*,#3123,.T.);
#4231=ORIENTED_EDGE('',*,*,#3125,.F.);
#4232=ORIENTED_EDGE('',*,*,#3126,.F.);
#4233=ORIENTED_EDGE('',*,*,#3127,.F.);
#4234=ORIENTED_EDGE('',*,*,#3126,.T.);
#4235=ORIENTED_EDGE('',*,*,#3128,.F.);
#4236=ORIENTED_EDGE('',*,*,#3118,.F.);
#4237=ORIENTED_EDGE('',*,*,#3128,.T.);
#4238=ORIENTED_EDGE('',*,*,#3125,.T.);
#4239=ORIENTED_EDGE('',*,*,#3122,.T.);
#4240=ORIENTED_EDGE('',*,*,#3119,.T.);
#4241=ORIENTED_EDGE('',*,*,#3127,.T.);
#4242=ORIENTED_EDGE('',*,*,#3117,.T.);
#4243=ORIENTED_EDGE('',*,*,#3121,.T.);
#4244=ORIENTED_EDGE('',*,*,#3124,.T.);
#4245=ORIENTED_EDGE('',*,*,#3129,.F.);
#4246=ORIENTED_EDGE('',*,*,#3130,.T.);
#4247=ORIENTED_EDGE('',*,*,#3131,.F.);
#4248=ORIENTED_EDGE('',*,*,#3132,.F.);
#4249=ORIENTED_EDGE('',*,*,#3133,.F.);
#4250=ORIENTED_EDGE('',*,*,#3132,.T.);
#4251=ORIENTED_EDGE('',*,*,#3134,.F.);
#4252=ORIENTED_EDGE('',*,*,#3135,.F.);
#4253=ORIENTED_EDGE('',*,*,#3136,.F.);
#4254=ORIENTED_EDGE('',*,*,#3135,.T.);
#4255=ORIENTED_EDGE('',*,*,#3137,.F.);
#4256=ORIENTED_EDGE('',*,*,#3138,.F.);
#4257=ORIENTED_EDGE('',*,*,#3139,.F.);
#4258=ORIENTED_EDGE('',*,*,#3138,.T.);
#4259=ORIENTED_EDGE('',*,*,#3140,.F.);
#4260=ORIENTED_EDGE('',*,*,#3130,.F.);
#4261=ORIENTED_EDGE('',*,*,#3140,.T.);
#4262=ORIENTED_EDGE('',*,*,#3137,.T.);
#4263=ORIENTED_EDGE('',*,*,#3134,.T.);
#4264=ORIENTED_EDGE('',*,*,#3131,.T.);
#4265=ORIENTED_EDGE('',*,*,#3139,.T.);
#4266=ORIENTED_EDGE('',*,*,#3129,.T.);
#4267=ORIENTED_EDGE('',*,*,#3133,.T.);
#4268=ORIENTED_EDGE('',*,*,#3136,.T.);
#4269=ORIENTED_EDGE('',*,*,#3141,.F.);
#4270=ORIENTED_EDGE('',*,*,#3142,.T.);
#4271=ORIENTED_EDGE('',*,*,#3143,.F.);
#4272=ORIENTED_EDGE('',*,*,#3144,.F.);
#4273=ORIENTED_EDGE('',*,*,#3145,.F.);
#4274=ORIENTED_EDGE('',*,*,#3144,.T.);
#4275=ORIENTED_EDGE('',*,*,#3146,.F.);
#4276=ORIENTED_EDGE('',*,*,#3147,.F.);
#4277=ORIENTED_EDGE('',*,*,#3148,.F.);
#4278=ORIENTED_EDGE('',*,*,#3147,.T.);
#4279=ORIENTED_EDGE('',*,*,#3149,.F.);
#4280=ORIENTED_EDGE('',*,*,#3150,.F.);
#4281=ORIENTED_EDGE('',*,*,#3151,.F.);
#4282=ORIENTED_EDGE('',*,*,#3150,.T.);
#4283=ORIENTED_EDGE('',*,*,#3152,.F.);
#4284=ORIENTED_EDGE('',*,*,#3142,.F.);
#4285=ORIENTED_EDGE('',*,*,#3152,.T.);
#4286=ORIENTED_EDGE('',*,*,#3149,.T.);
#4287=ORIENTED_EDGE('',*,*,#3146,.T.);
#4288=ORIENTED_EDGE('',*,*,#3143,.T.);
#4289=ORIENTED_EDGE('',*,*,#3151,.T.);
#4290=ORIENTED_EDGE('',*,*,#3141,.T.);
#4291=ORIENTED_EDGE('',*,*,#3145,.T.);
#4292=ORIENTED_EDGE('',*,*,#3148,.T.);
#4293=ORIENTED_EDGE('',*,*,#3153,.F.);
#4294=ORIENTED_EDGE('',*,*,#3154,.T.);
#4295=ORIENTED_EDGE('',*,*,#3155,.F.);
#4296=ORIENTED_EDGE('',*,*,#3156,.F.);
#4297=ORIENTED_EDGE('',*,*,#3157,.F.);
#4298=ORIENTED_EDGE('',*,*,#3156,.T.);
#4299=ORIENTED_EDGE('',*,*,#3158,.F.);
#4300=ORIENTED_EDGE('',*,*,#3159,.F.);
#4301=ORIENTED_EDGE('',*,*,#3160,.F.);
#4302=ORIENTED_EDGE('',*,*,#3159,.T.);
#4303=ORIENTED_EDGE('',*,*,#3161,.F.);
#4304=ORIENTED_EDGE('',*,*,#3162,.F.);
#4305=ORIENTED_EDGE('',*,*,#3163,.F.);
#4306=ORIENTED_EDGE('',*,*,#3162,.T.);
#4307=ORIENTED_EDGE('',*,*,#3164,.F.);
#4308=ORIENTED_EDGE('',*,*,#3154,.F.);
#4309=ORIENTED_EDGE('',*,*,#3164,.T.);
#4310=ORIENTED_EDGE('',*,*,#3161,.T.);
#4311=ORIENTED_EDGE('',*,*,#3158,.T.);
#4312=ORIENTED_EDGE('',*,*,#3155,.T.);
#4313=ORIENTED_EDGE('',*,*,#3163,.T.);
#4314=ORIENTED_EDGE('',*,*,#3153,.T.);
#4315=ORIENTED_EDGE('',*,*,#3157,.T.);
#4316=ORIENTED_EDGE('',*,*,#3160,.T.);
#4317=ORIENTED_EDGE('',*,*,#3165,.F.);
#4318=ORIENTED_EDGE('',*,*,#3166,.T.);
#4319=ORIENTED_EDGE('',*,*,#3167,.F.);
#4320=ORIENTED_EDGE('',*,*,#3168,.F.);
#4321=ORIENTED_EDGE('',*,*,#3169,.F.);
#4322=ORIENTED_EDGE('',*,*,#3168,.T.);
#4323=ORIENTED_EDGE('',*,*,#3170,.F.);
#4324=ORIENTED_EDGE('',*,*,#3171,.F.);
#4325=ORIENTED_EDGE('',*,*,#3172,.F.);
#4326=ORIENTED_EDGE('',*,*,#3171,.T.);
#4327=ORIENTED_EDGE('',*,*,#3173,.F.);
#4328=ORIENTED_EDGE('',*,*,#3174,.F.);
#4329=ORIENTED_EDGE('',*,*,#3175,.F.);
#4330=ORIENTED_EDGE('',*,*,#3174,.T.);
#4331=ORIENTED_EDGE('',*,*,#3176,.F.);
#4332=ORIENTED_EDGE('',*,*,#3166,.F.);
#4333=ORIENTED_EDGE('',*,*,#3176,.T.);
#4334=ORIENTED_EDGE('',*,*,#3173,.T.);
#4335=ORIENTED_EDGE('',*,*,#3170,.T.);
#4336=ORIENTED_EDGE('',*,*,#3167,.T.);
#4337=ORIENTED_EDGE('',*,*,#3175,.T.);
#4338=ORIENTED_EDGE('',*,*,#3165,.T.);
#4339=ORIENTED_EDGE('',*,*,#3169,.T.);
#4340=ORIENTED_EDGE('',*,*,#3172,.T.);
#4341=ORIENTED_EDGE('',*,*,#3177,.F.);
#4342=ORIENTED_EDGE('',*,*,#3178,.T.);
#4343=ORIENTED_EDGE('',*,*,#3179,.F.);
#4344=ORIENTED_EDGE('',*,*,#3180,.F.);
#4345=ORIENTED_EDGE('',*,*,#3181,.F.);
#4346=ORIENTED_EDGE('',*,*,#3180,.T.);
#4347=ORIENTED_EDGE('',*,*,#3182,.F.);
#4348=ORIENTED_EDGE('',*,*,#3183,.F.);
#4349=ORIENTED_EDGE('',*,*,#3184,.F.);
#4350=ORIENTED_EDGE('',*,*,#3183,.T.);
#4351=ORIENTED_EDGE('',*,*,#3185,.F.);
#4352=ORIENTED_EDGE('',*,*,#3186,.F.);
#4353=ORIENTED_EDGE('',*,*,#3187,.F.);
#4354=ORIENTED_EDGE('',*,*,#3186,.T.);
#4355=ORIENTED_EDGE('',*,*,#3188,.F.);
#4356=ORIENTED_EDGE('',*,*,#3178,.F.);
#4357=ORIENTED_EDGE('',*,*,#3188,.T.);
#4358=ORIENTED_EDGE('',*,*,#3185,.T.);
#4359=ORIENTED_EDGE('',*,*,#3182,.T.);
#4360=ORIENTED_EDGE('',*,*,#3179,.T.);
#4361=ORIENTED_EDGE('',*,*,#3187,.T.);
#4362=ORIENTED_EDGE('',*,*,#3177,.T.);
#4363=ORIENTED_EDGE('',*,*,#3181,.T.);
#4364=ORIENTED_EDGE('',*,*,#3184,.T.);
#4365=ORIENTED_EDGE('',*,*,#3189,.F.);
#4366=ORIENTED_EDGE('',*,*,#3190,.T.);
#4367=ORIENTED_EDGE('',*,*,#3191,.F.);
#4368=ORIENTED_EDGE('',*,*,#3192,.F.);
#4369=ORIENTED_EDGE('',*,*,#3193,.F.);
#4370=ORIENTED_EDGE('',*,*,#3192,.T.);
#4371=ORIENTED_EDGE('',*,*,#3194,.F.);
#4372=ORIENTED_EDGE('',*,*,#3195,.F.);
#4373=ORIENTED_EDGE('',*,*,#3196,.F.);
#4374=ORIENTED_EDGE('',*,*,#3195,.T.);
#4375=ORIENTED_EDGE('',*,*,#3197,.F.);
#4376=ORIENTED_EDGE('',*,*,#3198,.F.);
#4377=ORIENTED_EDGE('',*,*,#3199,.F.);
#4378=ORIENTED_EDGE('',*,*,#3198,.T.);
#4379=ORIENTED_EDGE('',*,*,#3200,.F.);
#4380=ORIENTED_EDGE('',*,*,#3190,.F.);
#4381=ORIENTED_EDGE('',*,*,#3200,.T.);
#4382=ORIENTED_EDGE('',*,*,#3197,.T.);
#4383=ORIENTED_EDGE('',*,*,#3194,.T.);
#4384=ORIENTED_EDGE('',*,*,#3191,.T.);
#4385=ORIENTED_EDGE('',*,*,#3199,.T.);
#4386=ORIENTED_EDGE('',*,*,#3189,.T.);
#4387=ORIENTED_EDGE('',*,*,#3193,.T.);
#4388=ORIENTED_EDGE('',*,*,#3196,.T.);
#4389=ORIENTED_EDGE('',*,*,#3201,.F.);
#4390=ORIENTED_EDGE('',*,*,#3202,.T.);
#4391=ORIENTED_EDGE('',*,*,#3203,.F.);
#4392=ORIENTED_EDGE('',*,*,#3204,.F.);
#4393=ORIENTED_EDGE('',*,*,#3205,.F.);
#4394=ORIENTED_EDGE('',*,*,#3204,.T.);
#4395=ORIENTED_EDGE('',*,*,#3206,.F.);
#4396=ORIENTED_EDGE('',*,*,#3207,.F.);
#4397=ORIENTED_EDGE('',*,*,#3208,.F.);
#4398=ORIENTED_EDGE('',*,*,#3207,.T.);
#4399=ORIENTED_EDGE('',*,*,#3209,.F.);
#4400=ORIENTED_EDGE('',*,*,#3210,.F.);
#4401=ORIENTED_EDGE('',*,*,#3211,.F.);
#4402=ORIENTED_EDGE('',*,*,#3210,.T.);
#4403=ORIENTED_EDGE('',*,*,#3212,.F.);
#4404=ORIENTED_EDGE('',*,*,#3202,.F.);
#4405=ORIENTED_EDGE('',*,*,#3212,.T.);
#4406=ORIENTED_EDGE('',*,*,#3209,.T.);
#4407=ORIENTED_EDGE('',*,*,#3206,.T.);
#4408=ORIENTED_EDGE('',*,*,#3203,.T.);
#4409=ORIENTED_EDGE('',*,*,#3211,.T.);
#4410=ORIENTED_EDGE('',*,*,#3201,.T.);
#4411=ORIENTED_EDGE('',*,*,#3205,.T.);
#4412=ORIENTED_EDGE('',*,*,#3208,.T.);
#4413=CYLINDRICAL_SURFACE('',#4780,0.500000000000003);
#4414=CYLINDRICAL_SURFACE('',#4783,0.500000000000003);
#4415=CYLINDRICAL_SURFACE('',#4786,27.);
#4416=CYLINDRICAL_SURFACE('',#4789,33.);
#4417=ADVANCED_FACE('',(#415),#4413,.F.);
#4418=ADVANCED_FACE('',(#416),#4414,.F.);
#4419=ADVANCED_FACE('',(#417),#4415,.F.);
#4420=ADVANCED_FACE('',(#418),#4416,.T.);
#4421=ADVANCED_FACE('',(#419,#113,#114,#115),#119,.T.);
#4422=ADVANCED_FACE('',(#420,#116,#117,#118),#120,.F.);
#4423=ADVANCED_FACE('',(#421),#121,.T.);
#4424=ADVANCED_FACE('',(#422),#122,.T.);
#4425=ADVANCED_FACE('',(#423),#123,.T.);
#4426=ADVANCED_FACE('',(#424),#124,.T.);
#4427=ADVANCED_FACE('',(#425),#125,.T.);
#4428=ADVANCED_FACE('',(#426),#126,.F.);
#4429=ADVANCED_FACE('',(#427),#127,.T.);
#4430=ADVANCED_FACE('',(#428),#128,.T.);
#4431=ADVANCED_FACE('',(#429),#129,.T.);
#4432=ADVANCED_FACE('',(#430),#130,.T.);
#4433=ADVANCED_FACE('',(#431),#131,.T.);
#4434=ADVANCED_FACE('',(#432),#132,.F.);
#4435=ADVANCED_FACE('',(#433),#133,.T.);
#4436=ADVANCED_FACE('',(#434),#134,.T.);
#4437=ADVANCED_FACE('',(#435),#135,.T.);
#4438=ADVANCED_FACE('',(#436),#136,.T.);
#4439=ADVANCED_FACE('',(#437),#137,.T.);
#4440=ADVANCED_FACE('',(#438),#138,.F.);
#4441=ADVANCED_FACE('',(#439),#139,.T.);
#4442=ADVANCED_FACE('',(#440),#140,.T.);
#4443=ADVANCED_FACE('',(#441),#141,.T.);
#4444=ADVANCED_FACE('',(#442),#142,.T.);
#4445=ADVANCED_FACE('',(#443),#143,.T.);
#4446=ADVANCED_FACE('',(#444),#144,.F.);
#4447=ADVANCED_FACE('',(#445),#145,.T.);
#4448=ADVANCED_FACE('',(#446),#146,.T.);
#4449=ADVANCED_FACE('',(#447),#147,.T.);
#4450=ADVANCED_FACE('',(#448),#148,.T.);
#4451=ADVANCED_FACE('',(#449),#149,.T.);
#4452=ADVANCED_FACE('',(#450),#150,.F.);
#4453=ADVANCED_FACE('',(#451),#151,.T.);
#4454=ADVANCED_FACE('',(#452),#152,.T.);
#4455=ADVANCED_FACE('',(#453),#153,.T.);
#4456=ADVANCED_FACE('',(#454),#154,.T.);
#4457=ADVANCED_FACE('',(#455),#155,.T.);
#4458=ADVANCED_FACE('',(#456),#156,.F.);
#4459=ADVANCED_FACE('',(#457),#157,.T.);
#4460=ADVANCED_FACE('',(#458),#158,.T.);
#4461=ADVANCED_FACE('',(#459),#159,.T.);
#4462=ADVANCED_FACE('',(#460),#160,.T.);
#4463=ADVANCED_FACE('',(#461),#161,.T.);
#4464=ADVANCED_FACE('',(#462),#162,.F.);
#4465=ADVANCED_FACE('',(#463),#163,.T.);
#4466=ADVANCED_FACE('',(#464),#164,.T.);
#4467=ADVANCED_FACE('',(#465),#165,.T.);
#4468=ADVANCED_FACE('',(#466),#166,.T.);
#4469=ADVANCED_FACE('',(#467),#167,.T.);
#4470=ADVANCED_FACE('',(#468),#168,.F.);
#4471=ADVANCED_FACE('',(#469),#169,.T.);
#4472=ADVANCED_FACE('',(#470),#170,.T.);
#4473=ADVANCED_FACE('',(#471),#171,.T.);
#4474=ADVANCED_FACE('',(#472),#172,.T.);
#4475=ADVANCED_FACE('',(#473),#173,.T.);
#4476=ADVANCED_FACE('',(#474),#174,.F.);
#4477=ADVANCED_FACE('',(#475),#175,.T.);
#4478=ADVANCED_FACE('',(#476),#176,.T.);
#4479=ADVANCED_FACE('',(#477),#177,.T.);
#4480=ADVANCED_FACE('',(#478),#178,.T.);
#4481=ADVANCED_FACE('',(#479),#179,.T.);
#4482=ADVANCED_FACE('',(#480),#180,.F.);
#4483=ADVANCED_FACE('',(#481),#181,.T.);
#4484=ADVANCED_FACE('',(#482),#182,.T.);
#4485=ADVANCED_FACE('',(#483),#183,.T.);
#4486=ADVANCED_FACE('',(#484),#184,.T.);
#4487=ADVANCED_FACE('',(#485),#185,.T.);
#4488=ADVANCED_FACE('',(#486),#186,.F.);
#4489=ADVANCED_FACE('',(#487),#187,.T.);
#4490=ADVANCED_FACE('',(#488),#188,.T.);
#4491=ADVANCED_FACE('',(#489),#189,.T.);
#4492=ADVANCED_FACE('',(#490),#190,.T.);
#4493=ADVANCED_FACE('',(#491),#191,.T.);
#4494=ADVANCED_FACE('',(#492),#192,.F.);
#4495=ADVANCED_FACE('',(#493),#193,.T.);
#4496=ADVANCED_FACE('',(#494),#194,.T.);
#4497=ADVANCED_FACE('',(#495),#195,.T.);
#4498=ADVANCED_FACE('',(#496),#196,.T.);
#4499=ADVANCED_FACE('',(#497),#197,.T.);
#4500=ADVANCED_FACE('',(#498),#198,.F.);
#4501=ADVANCED_FACE('',(#499),#199,.T.);
#4502=ADVANCED_FACE('',(#500),#200,.T.);
#4503=ADVANCED_FACE('',(#501),#201,.T.);
#4504=ADVANCED_FACE('',(#502),#202,.T.);
#4505=ADVANCED_FACE('',(#503),#203,.T.);
#4506=ADVANCED_FACE('',(#504),#204,.F.);
#4507=ADVANCED_FACE('',(#505),#205,.T.);
#4508=ADVANCED_FACE('',(#506),#206,.T.);
#4509=ADVANCED_FACE('',(#507),#207,.T.);
#4510=ADVANCED_FACE('',(#508),#208,.T.);
#4511=ADVANCED_FACE('',(#509),#209,.T.);
#4512=ADVANCED_FACE('',(#510),#210,.F.);
#4513=ADVANCED_FACE('',(#511),#211,.T.);
#4514=ADVANCED_FACE('',(#512),#212,.T.);
#4515=ADVANCED_FACE('',(#513),#213,.T.);
#4516=ADVANCED_FACE('',(#514),#214,.T.);
#4517=ADVANCED_FACE('',(#515),#215,.T.);
#4518=ADVANCED_FACE('',(#516),#216,.F.);
#4519=ADVANCED_FACE('',(#517),#217,.T.);
#4520=ADVANCED_FACE('',(#518),#218,.T.);
#4521=ADVANCED_FACE('',(#519),#219,.T.);
#4522=ADVANCED_FACE('',(#520),#220,.T.);
#4523=ADVANCED_FACE('',(#521),#221,.T.);
#4524=ADVANCED_FACE('',(#522),#222,.F.);
#4525=ADVANCED_FACE('',(#523),#223,.T.);
#4526=ADVANCED_FACE('',(#524),#224,.T.);
#4527=ADVANCED_FACE('',(#525),#225,.T.);
#4528=ADVANCED_FACE('',(#526),#226,.T.);
#4529=ADVANCED_FACE('',(#527),#227,.T.);
#4530=ADVANCED_FACE('',(#528),#228,.F.);
#4531=ADVANCED_FACE('',(#529),#229,.T.);
#4532=ADVANCED_FACE('',(#530),#230,.T.);
#4533=ADVANCED_FACE('',(#531),#231,.T.);
#4534=ADVANCED_FACE('',(#532),#232,.T.);
#4535=ADVANCED_FACE('',(#533),#233,.T.);
#4536=ADVANCED_FACE('',(#534),#234,.F.);
#4537=ADVANCED_FACE('',(#535),#235,.T.);
#4538=ADVANCED_FACE('',(#536),#236,.T.);
#4539=ADVANCED_FACE('',(#537),#237,.T.);
#4540=ADVANCED_FACE('',(#538),#238,.T.);
#4541=ADVANCED_FACE('',(#539),#239,.T.);
#4542=ADVANCED_FACE('',(#540),#240,.F.);
#4543=ADVANCED_FACE('',(#541),#241,.T.);
#4544=ADVANCED_FACE('',(#542),#242,.T.);
#4545=ADVANCED_FACE('',(#543),#243,.T.);
#4546=ADVANCED_FACE('',(#544),#244,.T.);
#4547=ADVANCED_FACE('',(#545),#245,.T.);
#4548=ADVANCED_FACE('',(#546),#246,.F.);
#4549=ADVANCED_FACE('',(#547),#247,.T.);
#4550=ADVANCED_FACE('',(#548),#248,.T.);
#4551=ADVANCED_FACE('',(#549),#249,.T.);
#4552=ADVANCED_FACE('',(#550),#250,.T.);
#4553=ADVANCED_FACE('',(#551),#251,.T.);
#4554=ADVANCED_FACE('',(#552),#252,.F.);
#4555=ADVANCED_FACE('',(#553),#253,.T.);
#4556=ADVANCED_FACE('',(#554),#254,.T.);
#4557=ADVANCED_FACE('',(#555),#255,.T.);
#4558=ADVANCED_FACE('',(#556),#256,.T.);
#4559=ADVANCED_FACE('',(#557),#257,.T.);
#4560=ADVANCED_FACE('',(#558),#258,.F.);
#4561=ADVANCED_FACE('',(#559),#259,.T.);
#4562=ADVANCED_FACE('',(#560),#260,.T.);
#4563=ADVANCED_FACE('',(#561),#261,.T.);
#4564=ADVANCED_FACE('',(#562),#262,.T.);
#4565=ADVANCED_FACE('',(#563),#263,.T.);
#4566=ADVANCED_FACE('',(#564),#264,.F.);
#4567=ADVANCED_FACE('',(#565),#265,.T.);
#4568=ADVANCED_FACE('',(#566),#266,.T.);
#4569=ADVANCED_FACE('',(#567),#267,.T.);
#4570=ADVANCED_FACE('',(#568),#268,.T.);
#4571=ADVANCED_FACE('',(#569),#269,.T.);
#4572=ADVANCED_FACE('',(#570),#270,.F.);
#4573=ADVANCED_FACE('',(#571),#271,.T.);
#4574=ADVANCED_FACE('',(#572),#272,.T.);
#4575=ADVANCED_FACE('',(#573),#273,.T.);
#4576=ADVANCED_FACE('',(#574),#274,.T.);
#4577=ADVANCED_FACE('',(#575),#275,.T.);
#4578=ADVANCED_FACE('',(#576),#276,.F.);
#4579=ADVANCED_FACE('',(#577),#277,.T.);
#4580=ADVANCED_FACE('',(#578),#278,.T.);
#4581=ADVANCED_FACE('',(#579),#279,.T.);
#4582=ADVANCED_FACE('',(#580),#280,.T.);
#4583=ADVANCED_FACE('',(#581),#281,.T.);
#4584=ADVANCED_FACE('',(#582),#282,.F.);
#4585=ADVANCED_FACE('',(#583),#283,.T.);
#4586=ADVANCED_FACE('',(#584),#284,.T.);
#4587=ADVANCED_FACE('',(#585),#285,.T.);
#4588=ADVANCED_FACE('',(#586),#286,.T.);
#4589=ADVANCED_FACE('',(#587),#287,.T.);
#4590=ADVANCED_FACE('',(#588),#288,.F.);
#4591=ADVANCED_FACE('',(#589),#289,.T.);
#4592=ADVANCED_FACE('',(#590),#290,.T.);
#4593=ADVANCED_FACE('',(#591),#291,.T.);
#4594=ADVANCED_FACE('',(#592),#292,.T.);
#4595=ADVANCED_FACE('',(#593),#293,.T.);
#4596=ADVANCED_FACE('',(#594),#294,.F.);
#4597=ADVANCED_FACE('',(#595),#295,.T.);
#4598=ADVANCED_FACE('',(#596),#296,.T.);
#4599=ADVANCED_FACE('',(#597),#297,.T.);
#4600=ADVANCED_FACE('',(#598),#298,.T.);
#4601=ADVANCED_FACE('',(#599),#299,.T.);
#4602=ADVANCED_FACE('',(#600),#300,.F.);
#4603=ADVANCED_FACE('',(#601),#301,.T.);
#4604=ADVANCED_FACE('',(#602),#302,.T.);
#4605=ADVANCED_FACE('',(#603),#303,.T.);
#4606=ADVANCED_FACE('',(#604),#304,.T.);
#4607=ADVANCED_FACE('',(#605),#305,.T.);
#4608=ADVANCED_FACE('',(#606),#306,.F.);
#4609=ADVANCED_FACE('',(#607),#307,.T.);
#4610=ADVANCED_FACE('',(#608),#308,.T.);
#4611=ADVANCED_FACE('',(#609),#309,.T.);
#4612=ADVANCED_FACE('',(#610),#310,.T.);
#4613=ADVANCED_FACE('',(#611),#311,.T.);
#4614=ADVANCED_FACE('',(#612),#312,.F.);
#4615=ADVANCED_FACE('',(#613),#313,.T.);
#4616=ADVANCED_FACE('',(#614),#314,.T.);
#4617=ADVANCED_FACE('',(#615),#315,.T.);
#4618=ADVANCED_FACE('',(#616),#316,.T.);
#4619=ADVANCED_FACE('',(#617),#317,.T.);
#4620=ADVANCED_FACE('',(#618),#318,.F.);
#4621=ADVANCED_FACE('',(#619),#319,.T.);
#4622=ADVANCED_FACE('',(#620),#320,.T.);
#4623=ADVANCED_FACE('',(#621),#321,.T.);
#4624=ADVANCED_FACE('',(#622),#322,.T.);
#4625=ADVANCED_FACE('',(#623),#323,.T.);
#4626=ADVANCED_FACE('',(#624),#324,.F.);
#4627=ADVANCED_FACE('',(#625),#325,.T.);
#4628=ADVANCED_FACE('',(#626),#326,.T.);
#4629=ADVANCED_FACE('',(#627),#327,.T.);
#4630=ADVANCED_FACE('',(#628),#328,.T.);
#4631=ADVANCED_FACE('',(#629),#329,.T.);
#4632=ADVANCED_FACE('',(#630),#330,.F.);
#4633=ADVANCED_FACE('',(#631),#331,.T.);
#4634=ADVANCED_FACE('',(#632),#332,.T.);
#4635=ADVANCED_FACE('',(#633),#333,.T.);
#4636=ADVANCED_FACE('',(#634),#334,.T.);
#4637=ADVANCED_FACE('',(#635),#335,.T.);
#4638=ADVANCED_FACE('',(#636),#336,.F.);
#4639=ADVANCED_FACE('',(#637),#337,.T.);
#4640=ADVANCED_FACE('',(#638),#338,.T.);
#4641=ADVANCED_FACE('',(#639),#339,.T.);
#4642=ADVANCED_FACE('',(#640),#340,.T.);
#4643=ADVANCED_FACE('',(#641),#341,.T.);
#4644=ADVANCED_FACE('',(#642),#342,.F.);
#4645=ADVANCED_FACE('',(#643),#343,.T.);
#4646=ADVANCED_FACE('',(#644),#344,.T.);
#4647=ADVANCED_FACE('',(#645),#345,.T.);
#4648=ADVANCED_FACE('',(#646),#346,.T.);
#4649=ADVANCED_FACE('',(#647),#347,.T.);
#4650=ADVANCED_FACE('',(#648),#348,.F.);
#4651=ADVANCED_FACE('',(#649),#349,.T.);
#4652=ADVANCED_FACE('',(#650),#350,.T.);
#4653=ADVANCED_FACE('',(#651),#351,.T.);
#4654=ADVANCED_FACE('',(#652),#352,.T.);
#4655=ADVANCED_FACE('',(#653),#353,.T.);
#4656=ADVANCED_FACE('',(#654),#354,.F.);
#4657=ADVANCED_FACE('',(#655),#355,.T.);
#4658=ADVANCED_FACE('',(#656),#356,.T.);
#4659=ADVANCED_FACE('',(#657),#357,.T.);
#4660=ADVANCED_FACE('',(#658),#358,.T.);
#4661=ADVANCED_FACE('',(#659),#359,.T.);
#4662=ADVANCED_FACE('',(#660),#360,.F.);
#4663=ADVANCED_FACE('',(#661),#361,.T.);
#4664=ADVANCED_FACE('',(#662),#362,.T.);
#4665=ADVANCED_FACE('',(#663),#363,.T.);
#4666=ADVANCED_FACE('',(#664),#364,.T.);
#4667=ADVANCED_FACE('',(#665),#365,.T.);
#4668=ADVANCED_FACE('',(#666),#366,.F.);
#4669=ADVANCED_FACE('',(#667),#367,.T.);
#4670=ADVANCED_FACE('',(#668),#368,.T.);
#4671=ADVANCED_FACE('',(#669),#369,.T.);
#4672=ADVANCED_FACE('',(#670),#370,.T.);
#4673=ADVANCED_FACE('',(#671),#371,.T.);
#4674=ADVANCED_FACE('',(#672),#372,.F.);
#4675=ADVANCED_FACE('',(#673),#373,.T.);
#4676=ADVANCED_FACE('',(#674),#374,.T.);
#4677=ADVANCED_FACE('',(#675),#375,.T.);
#4678=ADVANCED_FACE('',(#676),#376,.T.);
#4679=ADVANCED_FACE('',(#677),#377,.T.);
#4680=ADVANCED_FACE('',(#678),#378,.F.);
#4681=ADVANCED_FACE('',(#679),#379,.T.);
#4682=ADVANCED_FACE('',(#680),#380,.T.);
#4683=ADVANCED_FACE('',(#681),#381,.T.);
#4684=ADVANCED_FACE('',(#682),#382,.T.);
#4685=ADVANCED_FACE('',(#683),#383,.T.);
#4686=ADVANCED_FACE('',(#684),#384,.F.);
#4687=ADVANCED_FACE('',(#685),#385,.T.);
#4688=ADVANCED_FACE('',(#686),#386,.T.);
#4689=ADVANCED_FACE('',(#687),#387,.T.);
#4690=ADVANCED_FACE('',(#688),#388,.T.);
#4691=ADVANCED_FACE('',(#689),#389,.T.);
#4692=ADVANCED_FACE('',(#690),#390,.F.);
#4693=ADVANCED_FACE('',(#691),#391,.T.);
#4694=ADVANCED_FACE('',(#692),#392,.T.);
#4695=ADVANCED_FACE('',(#693),#393,.T.);
#4696=ADVANCED_FACE('',(#694),#394,.T.);
#4697=ADVANCED_FACE('',(#695),#395,.T.);
#4698=ADVANCED_FACE('',(#696),#396,.F.);
#4699=ADVANCED_FACE('',(#697),#397,.T.);
#4700=ADVANCED_FACE('',(#698),#398,.T.);
#4701=ADVANCED_FACE('',(#699),#399,.T.);
#4702=ADVANCED_FACE('',(#700),#400,.T.);
#4703=ADVANCED_FACE('',(#701),#401,.T.);
#4704=ADVANCED_FACE('',(#702),#402,.F.);
#4705=ADVANCED_FACE('',(#703),#403,.T.);
#4706=ADVANCED_FACE('',(#704),#404,.T.);
#4707=ADVANCED_FACE('',(#705),#405,.T.);
#4708=ADVANCED_FACE('',(#706),#406,.T.);
#4709=ADVANCED_FACE('',(#707),#407,.T.);
#4710=ADVANCED_FACE('',(#708),#408,.F.);
#4711=ADVANCED_FACE('',(#709),#409,.T.);
#4712=ADVANCED_FACE('',(#710),#410,.T.);
#4713=ADVANCED_FACE('',(#711),#411,.T.);
#4714=ADVANCED_FACE('',(#712),#412,.T.);
#4715=ADVANCED_FACE('',(#713),#413,.T.);
#4716=ADVANCED_FACE('',(#714),#414,.F.);
#4717=CLOSED_SHELL('',(#4417,#4418,#4419,#4420,#4421,#4422));
#4718=CLOSED_SHELL('',(#4423,#4424,#4425,#4426,#4427,#4428));
#4719=CLOSED_SHELL('',(#4429,#4430,#4431,#4432,#4433,#4434));
#4720=CLOSED_SHELL('',(#4435,#4436,#4437,#4438,#4439,#4440));
#4721=CLOSED_SHELL('',(#4441,#4442,#4443,#4444,#4445,#4446));
#4722=CLOSED_SHELL('',(#4447,#4448,#4449,#4450,#4451,#4452));
#4723=CLOSED_SHELL('',(#4453,#4454,#4455,#4456,#4457,#4458));
#4724=CLOSED_SHELL('',(#4459,#4460,#4461,#4462,#4463,#4464));
#4725=CLOSED_SHELL('',(#4465,#4466,#4467,#4468,#4469,#4470));
#4726=CLOSED_SHELL('',(#4471,#4472,#4473,#4474,#4475,#4476));
#4727=CLOSED_SHELL('',(#4477,#4478,#4479,#4480,#4481,#4482));
#4728=CLOSED_SHELL('',(#4483,#4484,#4485,#4486,#4487,#4488));
#4729=CLOSED_SHELL('',(#4489,#4490,#4491,#4492,#4493,#4494));
#4730=CLOSED_SHELL('',(#4495,#4496,#4497,#4498,#4499,#4500));
#4731=CLOSED_SHELL('',(#4501,#4502,#4503,#4504,#4505,#4506));
#4732=CLOSED_SHELL('',(#4507,#4508,#4509,#4510,#4511,#4512));
#4733=CLOSED_SHELL('',(#4513,#4514,#4515,#4516,#4517,#4518));
#4734=CLOSED_SHELL('',(#4519,#4520,#4521,#4522,#4523,#4524));
#4735=CLOSED_SHELL('',(#4525,#4526,#4527,#4528,#4529,#4530));
#4736=CLOSED_SHELL('',(#4531,#4532,#4533,#4534,#4535,#4536));
#4737=CLOSED_SHELL('',(#4537,#4538,#4539,#4540,#4541,#4542));
#4738=CLOSED_SHELL('',(#4543,#4544,#4545,#4546,#4547,#4548));
#4739=CLOSED_SHELL('',(#4549,#4550,#4551,#4552,#4553,#4554));
#4740=CLOSED_SHELL('',(#4555,#4556,#4557,#4558,#4559,#4560));
#4741=CLOSED_SHELL('',(#4561,#4562,#4563,#4564,#4565,#4566));
#4742=CLOSED_SHELL('',(#4567,#4568,#4569,#4570,#4571,#4572));
#4743=CLOSED_SHELL('',(#4573,#4574,#4575,#4576,#4577,#4578));
#4744=CLOSED_SHELL('',(#4579,#4580,#4581,#4582,#4583,#4584));
#4745=CLOSED_SHELL('',(#4585,#4586,#4587,#4588,#4589,#4590));
#4746=CLOSED_SHELL('',(#4591,#4592,#4593,#4594,#4595,#4596));
#4747=CLOSED_SHELL('',(#4597,#4598,#4599,#4600,#4601,#4602));
#4748=CLOSED_SHELL('',(#4603,#4604,#4605,#4606,#4607,#4608));
#4749=CLOSED_SHELL('',(#4609,#4610,#4611,#4612,#4613,#4614));
#4750=CLOSED_SHELL('',(#4615,#4616,#4617,#4618,#4619,#4620));
#4751=CLOSED_SHELL('',(#4621,#4622,#4623,#4624,#4625,#4626));
#4752=CLOSED_SHELL('',(#4627,#4628,#4629,#4630,#4631,#4632));
#4753=CLOSED_SHELL('',(#4633,#4634,#4635,#4636,#4637,#4638));
#4754=CLOSED_SHELL('',(#4639,#4640,#4641,#4642,#4643,#4644));
#4755=CLOSED_SHELL('',(#4645,#4646,#4647,#4648,#4649,#4650));
#4756=CLOSED_SHELL('',(#4651,#4652,#4653,#4654,#4655,#4656));
#4757=CLOSED_SHELL('',(#4657,#4658,#4659,#4660,#4661,#4662));
#4758=CLOSED_SHELL('',(#4663,#4664,#4665,#4666,#4667,#4668));
#4759=CLOSED_SHELL('',(#4669,#4670,#4671,#4672,#4673,#4674));
#4760=CLOSED_SHELL('',(#4675,#4676,#4677,#4678,#4679,#4680));
#4761=CLOSED_SHELL('',(#4681,#4682,#4683,#4684,#4685,#4686));
#4762=CLOSED_SHELL('',(#4687,#4688,#4689,#4690,#4691,#4692));
#4763=CLOSED_SHELL('',(#4693,#4694,#4695,#4696,#4697,#4698));
#4764=CLOSED_SHELL('',(#4699,#4700,#4701,#4702,#4703,#4704));
#4765=CLOSED_SHELL('',(#4705,#4706,#4707,#4708,#4709,#4710));
#4766=CLOSED_SHELL('',(#4711,#4712,#4713,#4714,#4715,#4716));
#4767=DERIVED_UNIT_ELEMENT(#4769,1.);
#4768=DERIVED_UNIT_ELEMENT(#7604,-3.);
#4769=(
MASS_UNIT()
NAMED_UNIT(*)
SI_UNIT(.KILO.,.GRAM.)
);
#4770=DERIVED_UNIT((#4767,#4768));
#4771=MEASURE_REPRESENTATION_ITEM('density measure',
POSITIVE_RATIO_MEASURE(7850.),#4770);
#4772=PROPERTY_DEFINITION_REPRESENTATION(#4777,#4774);
#4773=PROPERTY_DEFINITION_REPRESENTATION(#4778,#4775);
#4774=REPRESENTATION('material name',(#4776),#7601);
#4775=REPRESENTATION('density',(#4771),#7601);
#4776=DESCRIPTIVE_REPRESENTATION_ITEM('Steel','Steel');
#4777=PROPERTY_DEFINITION('material property','material name',#7611);
#4778=PROPERTY_DEFINITION('material property','density of part',#7611);
#4779=AXIS2_PLACEMENT_3D('placement',#6298,#5088,#5089);
#4780=AXIS2_PLACEMENT_3D('',#6299,#5090,#5091);
#4781=AXIS2_PLACEMENT_3D('',#6301,#5092,#5093);
#4782=AXIS2_PLACEMENT_3D('',#6304,#5095,#5096);
#4783=AXIS2_PLACEMENT_3D('',#6305,#5097,#5098);
#4784=AXIS2_PLACEMENT_3D('',#6307,#5099,#5100);
#4785=AXIS2_PLACEMENT_3D('',#6310,#5102,#5103);
#4786=AXIS2_PLACEMENT_3D('',#6311,#5104,#5105);
#4787=AXIS2_PLACEMENT_3D('',#6313,#5106,#5107);
#4788=AXIS2_PLACEMENT_3D('',#6316,#5109,#5110);
#4789=AXIS2_PLACEMENT_3D('',#6317,#5111,#5112);
#4790=AXIS2_PLACEMENT_3D('',#6319,#5113,#5114);
#4791=AXIS2_PLACEMENT_3D('',#6322,#5116,#5117);
#4792=AXIS2_PLACEMENT_3D('',#6323,#5118,#5119);
#4793=AXIS2_PLACEMENT_3D('',#6324,#5120,#5121);
#4794=AXIS2_PLACEMENT_3D('',#6325,#5122,#5123);
#4795=AXIS2_PLACEMENT_3D('',#6334,#5128,#5129);
#4796=AXIS2_PLACEMENT_3D('',#6340,#5133,#5134);
#4797=AXIS2_PLACEMENT_3D('',#6346,#5138,#5139);
#4798=AXIS2_PLACEMENT_3D('',#6349,#5142,#5143);
#4799=AXIS2_PLACEMENT_3D('',#6350,#5144,#5145);
#4800=AXIS2_PLACEMENT_3D('',#6351,#5146,#5147);
#4801=AXIS2_PLACEMENT_3D('',#6360,#5152,#5153);
#4802=AXIS2_PLACEMENT_3D('',#6366,#5157,#5158);
#4803=AXIS2_PLACEMENT_3D('',#6372,#5162,#5163);
#4804=AXIS2_PLACEMENT_3D('',#6375,#5166,#5167);
#4805=AXIS2_PLACEMENT_3D('',#6376,#5168,#5169);
#4806=AXIS2_PLACEMENT_3D('',#6377,#5170,#5171);
#4807=AXIS2_PLACEMENT_3D('',#6386,#5176,#5177);
#4808=AXIS2_PLACEMENT_3D('',#6392,#5181,#5182);
#4809=AXIS2_PLACEMENT_3D('',#6398,#5186,#5187);
#4810=AXIS2_PLACEMENT_3D('',#6401,#5190,#5191);
#4811=AXIS2_PLACEMENT_3D('',#6402,#5192,#5193);
#4812=AXIS2_PLACEMENT_3D('',#6403,#5194,#5195);
#4813=AXIS2_PLACEMENT_3D('',#6412,#5200,#5201);
#4814=AXIS2_PLACEMENT_3D('',#6418,#5205,#5206);
#4815=AXIS2_PLACEMENT_3D('',#6424,#5210,#5211);
#4816=AXIS2_PLACEMENT_3D('',#6427,#5214,#5215);
#4817=AXIS2_PLACEMENT_3D('',#6428,#5216,#5217);
#4818=AXIS2_PLACEMENT_3D('',#6429,#5218,#5219);
#4819=AXIS2_PLACEMENT_3D('',#6438,#5224,#5225);
#4820=AXIS2_PLACEMENT_3D('',#6444,#5229,#5230);
#4821=AXIS2_PLACEMENT_3D('',#6450,#5234,#5235);
#4822=AXIS2_PLACEMENT_3D('',#6453,#5238,#5239);
#4823=AXIS2_PLACEMENT_3D('',#6454,#5240,#5241);
#4824=AXIS2_PLACEMENT_3D('',#6455,#5242,#5243);
#4825=AXIS2_PLACEMENT_3D('',#6464,#5248,#5249);
#4826=AXIS2_PLACEMENT_3D('',#6470,#5253,#5254);
#4827=AXIS2_PLACEMENT_3D('',#6476,#5258,#5259);
#4828=AXIS2_PLACEMENT_3D('',#6479,#5262,#5263);
#4829=AXIS2_PLACEMENT_3D('',#6480,#5264,#5265);
#4830=AXIS2_PLACEMENT_3D('',#6481,#5266,#5267);
#4831=AXIS2_PLACEMENT_3D('',#6490,#5272,#5273);
#4832=AXIS2_PLACEMENT_3D('',#6496,#5277,#5278);
#4833=AXIS2_PLACEMENT_3D('',#6502,#5282,#5283);
#4834=AXIS2_PLACEMENT_3D('',#6505,#5286,#5287);
#4835=AXIS2_PLACEMENT_3D('',#6506,#5288,#5289);
#4836=AXIS2_PLACEMENT_3D('',#6507,#5290,#5291);
#4837=AXIS2_PLACEMENT_3D('',#6516,#5296,#5297);
#4838=AXIS2_PLACEMENT_3D('',#6522,#5301,#5302);
#4839=AXIS2_PLACEMENT_3D('',#6528,#5306,#5307);
#4840=AXIS2_PLACEMENT_3D('',#6531,#5310,#5311);
#4841=AXIS2_PLACEMENT_3D('',#6532,#5312,#5313);
#4842=AXIS2_PLACEMENT_3D('',#6533,#5314,#5315);
#4843=AXIS2_PLACEMENT_3D('',#6542,#5320,#5321);
#4844=AXIS2_PLACEMENT_3D('',#6548,#5325,#5326);
#4845=AXIS2_PLACEMENT_3D('',#6554,#5330,#5331);
#4846=AXIS2_PLACEMENT_3D('',#6557,#5334,#5335);
#4847=AXIS2_PLACEMENT_3D('',#6558,#5336,#5337);
#4848=AXIS2_PLACEMENT_3D('',#6559,#5338,#5339);
#4849=AXIS2_PLACEMENT_3D('',#6568,#5344,#5345);
#4850=AXIS2_PLACEMENT_3D('',#6574,#5349,#5350);
#4851=AXIS2_PLACEMENT_3D('',#6580,#5354,#5355);
#4852=AXIS2_PLACEMENT_3D('',#6583,#5358,#5359);
#4853=AXIS2_PLACEMENT_3D('',#6584,#5360,#5361);
#4854=AXIS2_PLACEMENT_3D('',#6585,#5362,#5363);
#4855=AXIS2_PLACEMENT_3D('',#6594,#5368,#5369);
#4856=AXIS2_PLACEMENT_3D('',#6600,#5373,#5374);
#4857=AXIS2_PLACEMENT_3D('',#6606,#5378,#5379);
#4858=AXIS2_PLACEMENT_3D('',#6609,#5382,#5383);
#4859=AXIS2_PLACEMENT_3D('',#6610,#5384,#5385);
#4860=AXIS2_PLACEMENT_3D('',#6611,#5386,#5387);
#4861=AXIS2_PLACEMENT_3D('',#6620,#5392,#5393);
#4862=AXIS2_PLACEMENT_3D('',#6626,#5397,#5398);
#4863=AXIS2_PLACEMENT_3D('',#6632,#5402,#5403);
#4864=AXIS2_PLACEMENT_3D('',#6635,#5406,#5407);
#4865=AXIS2_PLACEMENT_3D('',#6636,#5408,#5409);
#4866=AXIS2_PLACEMENT_3D('',#6637,#5410,#5411);
#4867=AXIS2_PLACEMENT_3D('',#6646,#5416,#5417);
#4868=AXIS2_PLACEMENT_3D('',#6652,#5421,#5422);
#4869=AXIS2_PLACEMENT_3D('',#6658,#5426,#5427);
#4870=AXIS2_PLACEMENT_3D('',#6661,#5430,#5431);
#4871=AXIS2_PLACEMENT_3D('',#6662,#5432,#5433);
#4872=AXIS2_PLACEMENT_3D('',#6663,#5434,#5435);
#4873=AXIS2_PLACEMENT_3D('',#6672,#5440,#5441);
#4874=AXIS2_PLACEMENT_3D('',#6678,#5445,#5446);
#4875=AXIS2_PLACEMENT_3D('',#6684,#5450,#5451);
#4876=AXIS2_PLACEMENT_3D('',#6687,#5454,#5455);
#4877=AXIS2_PLACEMENT_3D('',#6688,#5456,#5457);
#4878=AXIS2_PLACEMENT_3D('',#6689,#5458,#5459);
#4879=AXIS2_PLACEMENT_3D('',#6698,#5464,#5465);
#4880=AXIS2_PLACEMENT_3D('',#6704,#5469,#5470);
#4881=AXIS2_PLACEMENT_3D('',#6710,#5474,#5475);
#4882=AXIS2_PLACEMENT_3D('',#6713,#5478,#5479);
#4883=AXIS2_PLACEMENT_3D('',#6714,#5480,#5481);
#4884=AXIS2_PLACEMENT_3D('',#6715,#5482,#5483);
#4885=AXIS2_PLACEMENT_3D('',#6724,#5488,#5489);
#4886=AXIS2_PLACEMENT_3D('',#6730,#5493,#5494);
#4887=AXIS2_PLACEMENT_3D('',#6736,#5498,#5499);
#4888=AXIS2_PLACEMENT_3D('',#6739,#5502,#5503);
#4889=AXIS2_PLACEMENT_3D('',#6740,#5504,#5505);
#4890=AXIS2_PLACEMENT_3D('',#6741,#5506,#5507);
#4891=AXIS2_PLACEMENT_3D('',#6750,#5512,#5513);
#4892=AXIS2_PLACEMENT_3D('',#6756,#5517,#5518);
#4893=AXIS2_PLACEMENT_3D('',#6762,#5522,#5523);
#4894=AXIS2_PLACEMENT_3D('',#6765,#5526,#5527);
#4895=AXIS2_PLACEMENT_3D('',#6766,#5528,#5529);
#4896=AXIS2_PLACEMENT_3D('',#6767,#5530,#5531);
#4897=AXIS2_PLACEMENT_3D('',#6776,#5536,#5537);
#4898=AXIS2_PLACEMENT_3D('',#6782,#5541,#5542);
#4899=AXIS2_PLACEMENT_3D('',#6788,#5546,#5547);
#4900=AXIS2_PLACEMENT_3D('',#6791,#5550,#5551);
#4901=AXIS2_PLACEMENT_3D('',#6792,#5552,#5553);
#4902=AXIS2_PLACEMENT_3D('',#6793,#5554,#5555);
#4903=AXIS2_PLACEMENT_3D('',#6802,#5560,#5561);
#4904=AXIS2_PLACEMENT_3D('',#6808,#5565,#5566);
#4905=AXIS2_PLACEMENT_3D('',#6814,#5570,#5571);
#4906=AXIS2_PLACEMENT_3D('',#6817,#5574,#5575);
#4907=AXIS2_PLACEMENT_3D('',#6818,#5576,#5577);
#4908=AXIS2_PLACEMENT_3D('',#6819,#5578,#5579);
#4909=AXIS2_PLACEMENT_3D('',#6828,#5584,#5585);
#4910=AXIS2_PLACEMENT_3D('',#6834,#5589,#5590);
#4911=AXIS2_PLACEMENT_3D('',#6840,#5594,#5595);
#4912=AXIS2_PLACEMENT_3D('',#6843,#5598,#5599);
#4913=AXIS2_PLACEMENT_3D('',#6844,#5600,#5601);
#4914=AXIS2_PLACEMENT_3D('',#6845,#5602,#5603);
#4915=AXIS2_PLACEMENT_3D('',#6854,#5608,#5609);
#4916=AXIS2_PLACEMENT_3D('',#6860,#5613,#5614);
#4917=AXIS2_PLACEMENT_3D('',#6866,#5618,#5619);
#4918=AXIS2_PLACEMENT_3D('',#6869,#5622,#5623);
#4919=AXIS2_PLACEMENT_3D('',#6870,#5624,#5625);
#4920=AXIS2_PLACEMENT_3D('',#6871,#5626,#5627);
#4921=AXIS2_PLACEMENT_3D('',#6880,#5632,#5633);
#4922=AXIS2_PLACEMENT_3D('',#6886,#5637,#5638);
#4923=AXIS2_PLACEMENT_3D('',#6892,#5642,#5643);
#4924=AXIS2_PLACEMENT_3D('',#6895,#5646,#5647);
#4925=AXIS2_PLACEMENT_3D('',#6896,#5648,#5649);
#4926=AXIS2_PLACEMENT_3D('',#6897,#5650,#5651);
#4927=AXIS2_PLACEMENT_3D('',#6906,#5656,#5657);
#4928=AXIS2_PLACEMENT_3D('',#6912,#5661,#5662);
#4929=AXIS2_PLACEMENT_3D('',#6918,#5666,#5667);
#4930=AXIS2_PLACEMENT_3D('',#6921,#5670,#5671);
#4931=AXIS2_PLACEMENT_3D('',#6922,#5672,#5673);
#4932=AXIS2_PLACEMENT_3D('',#6923,#5674,#5675);
#4933=AXIS2_PLACEMENT_3D('',#6932,#5680,#5681);
#4934=AXIS2_PLACEMENT_3D('',#6938,#5685,#5686);
#4935=AXIS2_PLACEMENT_3D('',#6944,#5690,#5691);
#4936=AXIS2_PLACEMENT_3D('',#6947,#5694,#5695);
#4937=AXIS2_PLACEMENT_3D('',#6948,#5696,#5697);
#4938=AXIS2_PLACEMENT_3D('',#6949,#5698,#5699);
#4939=AXIS2_PLACEMENT_3D('',#6958,#5704,#5705);
#4940=AXIS2_PLACEMENT_3D('',#6964,#5709,#5710);
#4941=AXIS2_PLACEMENT_3D('',#6970,#5714,#5715);
#4942=AXIS2_PLACEMENT_3D('',#6973,#5718,#5719);
#4943=AXIS2_PLACEMENT_3D('',#6974,#5720,#5721);
#4944=AXIS2_PLACEMENT_3D('',#6975,#5722,#5723);
#4945=AXIS2_PLACEMENT_3D('',#6984,#5728,#5729);
#4946=AXIS2_PLACEMENT_3D('',#6990,#5733,#5734);
#4947=AXIS2_PLACEMENT_3D('',#6996,#5738,#5739);
#4948=AXIS2_PLACEMENT_3D('',#6999,#5742,#5743);
#4949=AXIS2_PLACEMENT_3D('',#7000,#5744,#5745);
#4950=AXIS2_PLACEMENT_3D('',#7001,#5746,#5747);
#4951=AXIS2_PLACEMENT_3D('',#7010,#5752,#5753);
#4952=AXIS2_PLACEMENT_3D('',#7016,#5757,#5758);
#4953=AXIS2_PLACEMENT_3D('',#7022,#5762,#5763);
#4954=AXIS2_PLACEMENT_3D('',#7025,#5766,#5767);
#4955=AXIS2_PLACEMENT_3D('',#7026,#5768,#5769);
#4956=AXIS2_PLACEMENT_3D('',#7027,#5770,#5771);
#4957=AXIS2_PLACEMENT_3D('',#7036,#5776,#5777);
#4958=AXIS2_PLACEMENT_3D('',#7042,#5781,#5782);
#4959=AXIS2_PLACEMENT_3D('',#7048,#5786,#5787);
#4960=AXIS2_PLACEMENT_3D('',#7051,#5790,#5791);
#4961=AXIS2_PLACEMENT_3D('',#7052,#5792,#5793);
#4962=AXIS2_PLACEMENT_3D('',#7053,#5794,#5795);
#4963=AXIS2_PLACEMENT_3D('',#7062,#5800,#5801);
#4964=AXIS2_PLACEMENT_3D('',#7068,#5805,#5806);
#4965=AXIS2_PLACEMENT_3D('',#7074,#5810,#5811);
#4966=AXIS2_PLACEMENT_3D('',#7077,#5814,#5815);
#4967=AXIS2_PLACEMENT_3D('',#7078,#5816,#5817);
#4968=AXIS2_PLACEMENT_3D('',#7079,#5818,#5819);
#4969=AXIS2_PLACEMENT_3D('',#7088,#5824,#5825);
#4970=AXIS2_PLACEMENT_3D('',#7094,#5829,#5830);
#4971=AXIS2_PLACEMENT_3D('',#7100,#5834,#5835);
#4972=AXIS2_PLACEMENT_3D('',#7103,#5838,#5839);
#4973=AXIS2_PLACEMENT_3D('',#7104,#5840,#5841);
#4974=AXIS2_PLACEMENT_3D('',#7105,#5842,#5843);
#4975=AXIS2_PLACEMENT_3D('',#7114,#5848,#5849);
#4976=AXIS2_PLACEMENT_3D('',#7120,#5853,#5854);
#4977=AXIS2_PLACEMENT_3D('',#7126,#5858,#5859);
#4978=AXIS2_PLACEMENT_3D('',#7129,#5862,#5863);
#4979=AXIS2_PLACEMENT_3D('',#7130,#5864,#5865);
#4980=AXIS2_PLACEMENT_3D('',#7131,#5866,#5867);
#4981=AXIS2_PLACEMENT_3D('',#7140,#5872,#5873);
#4982=AXIS2_PLACEMENT_3D('',#7146,#5877,#5878);
#4983=AXIS2_PLACEMENT_3D('',#7152,#5882,#5883);
#4984=AXIS2_PLACEMENT_3D('',#7155,#5886,#5887);
#4985=AXIS2_PLACEMENT_3D('',#7156,#5888,#5889);
#4986=AXIS2_PLACEMENT_3D('',#7157,#5890,#5891);
#4987=AXIS2_PLACEMENT_3D('',#7166,#5896,#5897);
#4988=AXIS2_PLACEMENT_3D('',#7172,#5901,#5902);
#4989=AXIS2_PLACEMENT_3D('',#7178,#5906,#5907);
#4990=AXIS2_PLACEMENT_3D('',#7181,#5910,#5911);
#4991=AXIS2_PLACEMENT_3D('',#7182,#5912,#5913);
#4992=AXIS2_PLACEMENT_3D('',#7183,#5914,#5915);
#4993=AXIS2_PLACEMENT_3D('',#7192,#5920,#5921);
#4994=AXIS2_PLACEMENT_3D('',#7198,#5925,#5926);
#4995=AXIS2_PLACEMENT_3D('',#7204,#5930,#5931);
#4996=AXIS2_PLACEMENT_3D('',#7207,#5934,#5935);
#4997=AXIS2_PLACEMENT_3D('',#7208,#5936,#5937);
#4998=AXIS2_PLACEMENT_3D('',#7209,#5938,#5939);
#4999=AXIS2_PLACEMENT_3D('',#7218,#5944,#5945);
#5000=AXIS2_PLACEMENT_3D('',#7224,#5949,#5950);
#5001=AXIS2_PLACEMENT_3D('',#7230,#5954,#5955);
#5002=AXIS2_PLACEMENT_3D('',#7233,#5958,#5959);
#5003=AXIS2_PLACEMENT_3D('',#7234,#5960,#5961);
#5004=AXIS2_PLACEMENT_3D('',#7235,#5962,#5963);
#5005=AXIS2_PLACEMENT_3D('',#7244,#5968,#5969);
#5006=AXIS2_PLACEMENT_3D('',#7250,#5973,#5974);
#5007=AXIS2_PLACEMENT_3D('',#7256,#5978,#5979);
#5008=AXIS2_PLACEMENT_3D('',#7259,#5982,#5983);
#5009=AXIS2_PLACEMENT_3D('',#7260,#5984,#5985);
#5010=AXIS2_PLACEMENT_3D('',#7261,#5986,#5987);
#5011=AXIS2_PLACEMENT_3D('',#7270,#5992,#5993);
#5012=AXIS2_PLACEMENT_3D('',#7276,#5997,#5998);
#5013=AXIS2_PLACEMENT_3D('',#7282,#6002,#6003);
#5014=AXIS2_PLACEMENT_3D('',#7285,#6006,#6007);
#5015=AXIS2_PLACEMENT_3D('',#7286,#6008,#6009);
#5016=AXIS2_PLACEMENT_3D('',#7287,#6010,#6011);
#5017=AXIS2_PLACEMENT_3D('',#7296,#6016,#6017);
#5018=AXIS2_PLACEMENT_3D('',#7302,#6021,#6022);
#5019=AXIS2_PLACEMENT_3D('',#7308,#6026,#6027);
#5020=AXIS2_PLACEMENT_3D('',#7311,#6030,#6031);
#5021=AXIS2_PLACEMENT_3D('',#7312,#6032,#6033);
#5022=AXIS2_PLACEMENT_3D('',#7313,#6034,#6035);
#5023=AXIS2_PLACEMENT_3D('',#7322,#6040,#6041);
#5024=AXIS2_PLACEMENT_3D('',#7328,#6045,#6046);
#5025=AXIS2_PLACEMENT_3D('',#7334,#6050,#6051);
#5026=AXIS2_PLACEMENT_3D('',#7337,#6054,#6055);
#5027=AXIS2_PLACEMENT_3D('',#7338,#6056,#6057);
#5028=AXIS2_PLACEMENT_3D('',#7339,#6058,#6059);
#5029=AXIS2_PLACEMENT_3D('',#7348,#6064,#6065);
#5030=AXIS2_PLACEMENT_3D('',#7354,#6069,#6070);
#5031=AXIS2_PLACEMENT_3D('',#7360,#6074,#6075);
#5032=AXIS2_PLACEMENT_3D('',#7363,#6078,#6079);
#5033=AXIS2_PLACEMENT_3D('',#7364,#6080,#6081);
#5034=AXIS2_PLACEMENT_3D('',#7365,#6082,#6083);
#5035=AXIS2_PLACEMENT_3D('',#7374,#6088,#6089);
#5036=AXIS2_PLACEMENT_3D('',#7380,#6093,#6094);
#5037=AXIS2_PLACEMENT_3D('',#7386,#6098,#6099);
#5038=AXIS2_PLACEMENT_3D('',#7389,#6102,#6103);
#5039=AXIS2_PLACEMENT_3D('',#7390,#6104,#6105);
#5040=AXIS2_PLACEMENT_3D('',#7391,#6106,#6107);
#5041=AXIS2_PLACEMENT_3D('',#7400,#6112,#6113);
#5042=AXIS2_PLACEMENT_3D('',#7406,#6117,#6118);
#5043=AXIS2_PLACEMENT_3D('',#7412,#6122,#6123);
#5044=AXIS2_PLACEMENT_3D('',#7415,#6126,#6127);
#5045=AXIS2_PLACEMENT_3D('',#7416,#6128,#6129);
#5046=AXIS2_PLACEMENT_3D('',#7417,#6130,#6131);
#5047=AXIS2_PLACEMENT_3D('',#7426,#6136,#6137);
#5048=AXIS2_PLACEMENT_3D('',#7432,#6141,#6142);
#5049=AXIS2_PLACEMENT_3D('',#7438,#6146,#6147);
#5050=AXIS2_PLACEMENT_3D('',#7441,#6150,#6151);
#5051=AXIS2_PLACEMENT_3D('',#7442,#6152,#6153);
#5052=AXIS2_PLACEMENT_3D('',#7443,#6154,#6155);
#5053=AXIS2_PLACEMENT_3D('',#7452,#6160,#6161);
#5054=AXIS2_PLACEMENT_3D('',#7458,#6165,#6166);
#5055=AXIS2_PLACEMENT_3D('',#7464,#6170,#6171);
#5056=AXIS2_PLACEMENT_3D('',#7467,#6174,#6175);
#5057=AXIS2_PLACEMENT_3D('',#7468,#6176,#6177);
#5058=AXIS2_PLACEMENT_3D('',#7469,#6178,#6179);
#5059=AXIS2_PLACEMENT_3D('',#7478,#6184,#6185);
#5060=AXIS2_PLACEMENT_3D('',#7484,#6189,#6190);
#5061=AXIS2_PLACEMENT_3D('',#7490,#6194,#6195);
#5062=AXIS2_PLACEMENT_3D('',#7493,#6198,#6199);
#5063=AXIS2_PLACEMENT_3D('',#7494,#6200,#6201);
#5064=AXIS2_PLACEMENT_3D('',#7495,#6202,#6203);
#5065=AXIS2_PLACEMENT_3D('',#7504,#6208,#6209);
#5066=AXIS2_PLACEMENT_3D('',#7510,#6213,#6214);
#5067=AXIS2_PLACEMENT_3D('',#7516,#6218,#6219);
#5068=AXIS2_PLACEMENT_3D('',#7519,#6222,#6223);
#5069=AXIS2_PLACEMENT_3D('',#7520,#6224,#6225);
#5070=AXIS2_PLACEMENT_3D('',#7521,#6226,#6227);
#5071=AXIS2_PLACEMENT_3D('',#7530,#6232,#6233);
#5072=AXIS2_PLACEMENT_3D('',#7536,#6237,#6238);
#5073=AXIS2_PLACEMENT_3D('',#7542,#6242,#6243);
#5074=AXIS2_PLACEMENT_3D('',#7545,#6246,#6247);
#5075=AXIS2_PLACEMENT_3D('',#7546,#6248,#6249);
#5076=AXIS2_PLACEMENT_3D('',#7547,#6250,#6251);
#5077=AXIS2_PLACEMENT_3D('',#7556,#6256,#6257);
#5078=AXIS2_PLACEMENT_3D('',#7562,#6261,#6262);
#5079=AXIS2_PLACEMENT_3D('',#7568,#6266,#6267);
#5080=AXIS2_PLACEMENT_3D('',#7571,#6270,#6271);
#5081=AXIS2_PLACEMENT_3D('',#7572,#6272,#6273);
#5082=AXIS2_PLACEMENT_3D('',#7573,#6274,#6275);
#5083=AXIS2_PLACEMENT_3D('',#7582,#6280,#6281);
#5084=AXIS2_PLACEMENT_3D('',#7588,#6285,#6286);
#5085=AXIS2_PLACEMENT_3D('',#7594,#6290,#6291);
#5086=AXIS2_PLACEMENT_3D('',#7597,#6294,#6295);
#5087=AXIS2_PLACEMENT_3D('',#7598,#6296,#6297);
#5088=DIRECTION('axis',(0.,0.,1.));
#5089=DIRECTION('refdir',(1.,0.,0.));
#5090=DIRECTION('center_axis',(0.,0.,-1.));
#5091=DIRECTION('ref_axis',(-1.,0.,0.));
#5092=DIRECTION('center_axis',(0.,0.,-1.));
#5093=DIRECTION('ref_axis',(-1.,0.,0.));
#5094=DIRECTION('',(0.,0.,-1.));
#5095=DIRECTION('center_axis',(0.,0.,1.));
#5096=DIRECTION('ref_axis',(-1.,0.,0.));
#5097=DIRECTION('center_axis',(0.,0.,-1.));
#5098=DIRECTION('ref_axis',(-1.,0.,0.));
#5099=DIRECTION('center_axis',(0.,0.,-1.));
#5100=DIRECTION('ref_axis',(-1.,0.,0.));
#5101=DIRECTION('',(0.,0.,-1.));
#5102=DIRECTION('center_axis',(0.,0.,1.));
#5103=DIRECTION('ref_axis',(-1.,0.,0.));
#5104=DIRECTION('center_axis',(0.,0.,1.));
#5105=DIRECTION('ref_axis',(1.,0.,0.));
#5106=DIRECTION('center_axis',(0.,0.,-1.));
#5107=DIRECTION('ref_axis',(1.,0.,0.));
#5108=DIRECTION('',(0.,0.,-1.));
#5109=DIRECTION('center_axis',(0.,0.,-1.));
#5110=DIRECTION('ref_axis',(1.,0.,0.));
#5111=DIRECTION('center_axis',(0.,0.,1.));
#5112=DIRECTION('ref_axis',(1.,0.,0.));
#5113=DIRECTION('center_axis',(0.,0.,1.));
#5114=DIRECTION('ref_axis',(1.,0.,0.));
#5115=DIRECTION('',(0.,0.,-1.));
#5116=DIRECTION('center_axis',(0.,0.,1.));
#5117=DIRECTION('ref_axis',(1.,0.,0.));
#5118=DIRECTION('center_axis',(0.,0.,1.));
#5119=DIRECTION('ref_axis',(1.,0.,0.));
#5120=DIRECTION('center_axis',(0.,0.,1.));
#5121=DIRECTION('ref_axis',(1.,0.,0.));
#5122=DIRECTION('center_axis',(-1.,0.,0.));
#5123=DIRECTION('ref_axis',(0.,-1.,0.));
#5124=DIRECTION('',(0.,1.,0.));
#5125=DIRECTION('',(0.,0.,1.));
#5126=DIRECTION('',(0.,-1.,0.));
#5127=DIRECTION('',(0.,0.,1.));
#5128=DIRECTION('center_axis',(0.,1.,0.));
#5129=DIRECTION('ref_axis',(-1.,0.,0.));
#5130=DIRECTION('',(1.,0.,0.));
#5131=DIRECTION('',(-1.,0.,0.));
#5132=DIRECTION('',(0.,0.,1.));
#5133=DIRECTION('center_axis',(1.,0.,0.));
#5134=DIRECTION('ref_axis',(0.,1.,0.));
#5135=DIRECTION('',(0.,-1.,0.));
#5136=DIRECTION('',(0.,1.,0.));
#5137=DIRECTION('',(0.,0.,1.));
#5138=DIRECTION('center_axis',(0.,-1.,0.));
#5139=DIRECTION('ref_axis',(1.,0.,0.));
#5140=DIRECTION('',(-1.,0.,0.));
#5141=DIRECTION('',(1.,0.,0.));
#5142=DIRECTION('center_axis',(0.,0.,1.));
#5143=DIRECTION('ref_axis',(1.,0.,0.));
#5144=DIRECTION('center_axis',(0.,0.,1.));
#5145=DIRECTION('ref_axis',(-1.,0.,0.));
#5146=DIRECTION('center_axis',(-0.965925826289068,-0.258819045102521,0.));
#5147=DIRECTION('ref_axis',(0.258819045102521,-0.965925826289068,0.));
#5148=DIRECTION('',(-0.258819045102521,0.965925826289068,0.));
#5149=DIRECTION('',(0.,0.,1.));
#5150=DIRECTION('',(0.258819045102521,-0.965925826289068,0.));
#5151=DIRECTION('',(0.,0.,1.));
#5152=DIRECTION('center_axis',(-0.258819045102521,0.965925826289068,0.));
#5153=DIRECTION('ref_axis',(-0.965925826289068,-0.258819045102521,0.));
#5154=DIRECTION('',(0.965925826289068,0.258819045102521,0.));
#5155=DIRECTION('',(-0.965925826289068,-0.258819045102521,0.));
#5156=DIRECTION('',(0.,0.,1.));
#5157=DIRECTION('center_axis',(0.965925826289068,0.258819045102521,0.));
#5158=DIRECTION('ref_axis',(-0.258819045102521,0.965925826289068,0.));
#5159=DIRECTION('',(0.258819045102521,-0.965925826289068,0.));
#5160=DIRECTION('',(-0.258819045102521,0.965925826289068,0.));
#5161=DIRECTION('',(0.,0.,1.));
#5162=DIRECTION('center_axis',(0.258819045102521,-0.965925826289068,0.));
#5163=DIRECTION('ref_axis',(0.965925826289068,0.258819045102521,0.));
#5164=DIRECTION('',(-0.965925826289068,-0.258819045102521,0.));
#5165=DIRECTION('',(0.965925826289068,0.258819045102521,0.));
#5166=DIRECTION('center_axis',(0.,0.,1.));
#5167=DIRECTION('ref_axis',(0.965925826289068,0.258819045102521,0.));
#5168=DIRECTION('center_axis',(0.,0.,1.));
#5169=DIRECTION('ref_axis',(-0.965925826289068,-0.258819045102521,0.));
#5170=DIRECTION('center_axis',(-0.866025403784439,-0.5,0.));
#5171=DIRECTION('ref_axis',(0.5,-0.866025403784439,0.));
#5172=DIRECTION('',(-0.5,0.866025403784439,0.));
#5173=DIRECTION('',(0.,0.,1.));
#5174=DIRECTION('',(0.5,-0.866025403784439,0.));
#5175=DIRECTION('',(0.,0.,1.));
#5176=DIRECTION('center_axis',(-0.5,0.866025403784439,0.));
#5177=DIRECTION('ref_axis',(-0.866025403784439,-0.5,0.));
#5178=DIRECTION('',(0.866025403784439,0.5,0.));
#5179=DIRECTION('',(-0.866025403784439,-0.5,0.));
#5180=DIRECTION('',(0.,0.,1.));
#5181=DIRECTION('center_axis',(0.866025403784439,0.5,0.));
#5182=DIRECTION('ref_axis',(-0.5,0.866025403784439,0.));
#5183=DIRECTION('',(0.5,-0.866025403784439,0.));
#5184=DIRECTION('',(-0.5,0.866025403784439,0.));
#5185=DIRECTION('',(0.,0.,1.));
#5186=DIRECTION('center_axis',(0.5,-0.866025403784439,0.));
#5187=DIRECTION('ref_axis',(0.866025403784439,0.5,0.));
#5188=DIRECTION('',(-0.866025403784439,-0.5,0.));
#5189=DIRECTION('',(0.866025403784439,0.5,0.));
#5190=DIRECTION('center_axis',(0.,0.,1.));
#5191=DIRECTION('ref_axis',(0.866025403784439,0.5,0.));
#5192=DIRECTION('center_axis',(0.,0.,1.));
#5193=DIRECTION('ref_axis',(-0.866025403784439,-0.5,0.));
#5194=DIRECTION('center_axis',(-0.707106781186548,-0.707106781186548,0.));
#5195=DIRECTION('ref_axis',(0.707106781186548,-0.707106781186548,0.));
#5196=DIRECTION('',(-0.707106781186548,0.707106781186548,0.));
#5197=DIRECTION('',(0.,0.,1.));
#5198=DIRECTION('',(0.707106781186548,-0.707106781186548,0.));
#5199=DIRECTION('',(0.,0.,1.));
#5200=DIRECTION('center_axis',(-0.707106781186548,0.707106781186548,0.));
#5201=DIRECTION('ref_axis',(-0.707106781186548,-0.707106781186548,0.));
#5202=DIRECTION('',(0.707106781186548,0.707106781186548,0.));
#5203=DIRECTION('',(-0.707106781186548,-0.707106781186548,0.));
#5204=DIRECTION('',(0.,0.,1.));
#5205=DIRECTION('center_axis',(0.707106781186548,0.707106781186548,0.));
#5206=DIRECTION('ref_axis',(-0.707106781186548,0.707106781186548,0.));
#5207=DIRECTION('',(0.707106781186548,-0.707106781186548,0.));
#5208=DIRECTION('',(-0.707106781186548,0.707106781186548,0.));
#5209=DIRECTION('',(0.,0.,1.));
#5210=DIRECTION('center_axis',(0.707106781186548,-0.707106781186548,0.));
#5211=DIRECTION('ref_axis',(0.707106781186548,0.707106781186548,0.));
#5212=DIRECTION('',(-0.707106781186548,-0.707106781186548,0.));
#5213=DIRECTION('',(0.707106781186548,0.707106781186548,0.));
#5214=DIRECTION('center_axis',(0.,0.,1.));
#5215=DIRECTION('ref_axis',(0.707106781186548,0.707106781186548,0.));
#5216=DIRECTION('center_axis',(0.,0.,1.));
#5217=DIRECTION('ref_axis',(-0.707106781186548,-0.707106781186548,0.));
#5218=DIRECTION('center_axis',(-0.5,-0.866025403784439,0.));
#5219=DIRECTION('ref_axis',(0.866025403784439,-0.5,0.));
#5220=DIRECTION('',(-0.866025403784439,0.5,0.));
#5221=DIRECTION('',(0.,0.,1.));
#5222=DIRECTION('',(0.866025403784439,-0.5,0.));
#5223=DIRECTION('',(0.,0.,1.));
#5224=DIRECTION('center_axis',(-0.866025403784439,0.5,0.));
#5225=DIRECTION('ref_axis',(-0.5,-0.866025403784439,0.));
#5226=DIRECTION('',(0.5,0.866025403784439,0.));
#5227=DIRECTION('',(-0.5,-0.866025403784439,0.));
#5228=DIRECTION('',(0.,0.,1.));
#5229=DIRECTION('center_axis',(0.5,0.866025403784439,0.));
#5230=DIRECTION('ref_axis',(-0.866025403784439,0.5,0.));
#5231=DIRECTION('',(0.866025403784439,-0.5,0.));
#5232=DIRECTION('',(-0.866025403784439,0.5,0.));
#5233=DIRECTION('',(0.,0.,1.));
#5234=DIRECTION('center_axis',(0.866025403784439,-0.5,0.));
#5235=DIRECTION('ref_axis',(0.5,0.866025403784439,0.));
#5236=DIRECTION('',(-0.5,-0.866025403784439,0.));
#5237=DIRECTION('',(0.5,0.866025403784439,0.));
#5238=DIRECTION('center_axis',(0.,0.,1.));
#5239=DIRECTION('ref_axis',(0.5,0.866025403784439,0.));
#5240=DIRECTION('center_axis',(0.,0.,1.));
#5241=DIRECTION('ref_axis',(-0.5,-0.866025403784439,0.));
#5242=DIRECTION('center_axis',(-0.258819045102521,-0.965925826289068,0.));
#5243=DIRECTION('ref_axis',(0.965925826289068,-0.258819045102521,0.));
#5244=DIRECTION('',(-0.965925826289068,0.258819045102521,0.));
#5245=DIRECTION('',(0.,0.,1.));
#5246=DIRECTION('',(0.965925826289068,-0.258819045102521,0.));
#5247=DIRECTION('',(0.,0.,1.));
#5248=DIRECTION('center_axis',(-0.965925826289068,0.258819045102521,0.));
#5249=DIRECTION('ref_axis',(-0.258819045102521,-0.965925826289068,0.));
#5250=DIRECTION('',(0.258819045102521,0.965925826289068,0.));
#5251=DIRECTION('',(-0.258819045102521,-0.965925826289068,0.));
#5252=DIRECTION('',(0.,0.,1.));
#5253=DIRECTION('center_axis',(0.258819045102521,0.965925826289068,0.));
#5254=DIRECTION('ref_axis',(-0.965925826289068,0.258819045102521,0.));
#5255=DIRECTION('',(0.965925826289068,-0.258819045102521,0.));
#5256=DIRECTION('',(-0.965925826289068,0.258819045102521,0.));
#5257=DIRECTION('',(0.,0.,1.));
#5258=DIRECTION('center_axis',(0.965925826289068,-0.258819045102521,0.));
#5259=DIRECTION('ref_axis',(0.258819045102521,0.965925826289068,0.));
#5260=DIRECTION('',(-0.258819045102521,-0.965925826289068,0.));
#5261=DIRECTION('',(0.258819045102521,0.965925826289068,0.));
#5262=DIRECTION('center_axis',(0.,0.,1.));
#5263=DIRECTION('ref_axis',(0.258819045102521,0.965925826289068,0.));
#5264=DIRECTION('center_axis',(0.,0.,1.));
#5265=DIRECTION('ref_axis',(-0.258819045102521,-0.965925826289068,0.));
#5266=DIRECTION('center_axis',(-6.12323399573677E-17,-1.,0.));
#5267=DIRECTION('ref_axis',(1.,-6.12323399573677E-17,0.));
#5268=DIRECTION('',(-1.,6.12323399573677E-17,0.));
#5269=DIRECTION('',(0.,0.,1.));
#5270=DIRECTION('',(1.,-6.12323399573677E-17,0.));
#5271=DIRECTION('',(0.,0.,1.));
#5272=DIRECTION('center_axis',(-1.,6.12323399573677E-17,0.));
#5273=DIRECTION('ref_axis',(-6.12323399573677E-17,-1.,0.));
#5274=DIRECTION('',(6.12323399573677E-17,1.,0.));
#5275=DIRECTION('',(-6.12323399573677E-17,-1.,0.));
#5276=DIRECTION('',(0.,0.,1.));
#5277=DIRECTION('center_axis',(6.12323399573677E-17,1.,0.));
#5278=DIRECTION('ref_axis',(-1.,6.12323399573677E-17,0.));
#5279=DIRECTION('',(1.,-6.12323399573677E-17,0.));
#5280=DIRECTION('',(-1.,6.12323399573677E-17,0.));
#5281=DIRECTION('',(0.,0.,1.));
#5282=DIRECTION('center_axis',(1.,-6.12323399573677E-17,0.));
#5283=DIRECTION('ref_axis',(6.12323399573677E-17,1.,0.));
#5284=DIRECTION('',(-6.12323399573677E-17,-1.,0.));
#5285=DIRECTION('',(6.12323399573677E-17,1.,0.));
#5286=DIRECTION('center_axis',(0.,0.,1.));
#5287=DIRECTION('ref_axis',(6.12323399573677E-17,1.,0.));
#5288=DIRECTION('center_axis',(0.,0.,1.));
#5289=DIRECTION('ref_axis',(-6.12323399573677E-17,-1.,0.));
#5290=DIRECTION('center_axis',(0.258819045102521,-0.965925826289068,0.));
#5291=DIRECTION('ref_axis',(0.965925826289068,0.258819045102521,0.));
#5292=DIRECTION('',(-0.965925826289068,-0.258819045102521,0.));
#5293=DIRECTION('',(0.,0.,1.));
#5294=DIRECTION('',(0.965925826289068,0.258819045102521,0.));
#5295=DIRECTION('',(0.,0.,1.));
#5296=DIRECTION('center_axis',(-0.965925826289068,-0.258819045102521,0.));
#5297=DIRECTION('ref_axis',(0.258819045102521,-0.965925826289068,0.));
#5298=DIRECTION('',(-0.258819045102521,0.965925826289068,0.));
#5299=DIRECTION('',(0.258819045102521,-0.965925826289068,0.));
#5300=DIRECTION('',(0.,0.,1.));
#5301=DIRECTION('center_axis',(-0.258819045102521,0.965925826289068,0.));
#5302=DIRECTION('ref_axis',(-0.965925826289068,-0.258819045102521,0.));
#5303=DIRECTION('',(0.965925826289068,0.258819045102521,0.));
#5304=DIRECTION('',(-0.965925826289068,-0.258819045102521,0.));
#5305=DIRECTION('',(0.,0.,1.));
#5306=DIRECTION('center_axis',(0.965925826289068,0.258819045102521,0.));
#5307=DIRECTION('ref_axis',(-0.258819045102521,0.965925826289068,0.));
#5308=DIRECTION('',(0.258819045102521,-0.965925826289068,0.));
#5309=DIRECTION('',(-0.258819045102521,0.965925826289068,0.));
#5310=DIRECTION('center_axis',(0.,0.,1.));
#5311=DIRECTION('ref_axis',(-0.258819045102521,0.965925826289068,0.));
#5312=DIRECTION('center_axis',(0.,0.,1.));
#5313=DIRECTION('ref_axis',(0.258819045102521,-0.965925826289068,0.));
#5314=DIRECTION('center_axis',(0.5,-0.866025403784439,0.));
#5315=DIRECTION('ref_axis',(0.866025403784439,0.5,0.));
#5316=DIRECTION('',(-0.866025403784439,-0.5,0.));
#5317=DIRECTION('',(0.,0.,1.));
#5318=DIRECTION('',(0.866025403784439,0.5,0.));
#5319=DIRECTION('',(0.,0.,1.));
#5320=DIRECTION('center_axis',(-0.866025403784439,-0.5,0.));
#5321=DIRECTION('ref_axis',(0.5,-0.866025403784439,0.));
#5322=DIRECTION('',(-0.5,0.866025403784439,0.));
#5323=DIRECTION('',(0.5,-0.866025403784439,0.));
#5324=DIRECTION('',(0.,0.,1.));
#5325=DIRECTION('center_axis',(-0.5,0.866025403784439,0.));
#5326=DIRECTION('ref_axis',(-0.866025403784439,-0.5,0.));
#5327=DIRECTION('',(0.866025403784439,0.5,0.));
#5328=DIRECTION('',(-0.866025403784439,-0.5,0.));
#5329=DIRECTION('',(0.,0.,1.));
#5330=DIRECTION('center_axis',(0.866025403784439,0.5,0.));
#5331=DIRECTION('ref_axis',(-0.5,0.866025403784439,0.));
#5332=DIRECTION('',(0.5,-0.866025403784439,0.));
#5333=DIRECTION('',(-0.5,0.866025403784439,0.));
#5334=DIRECTION('center_axis',(0.,0.,1.));
#5335=DIRECTION('ref_axis',(-0.5,0.866025403784439,0.));
#5336=DIRECTION('center_axis',(0.,0.,1.));
#5337=DIRECTION('ref_axis',(0.5,-0.866025403784439,0.));
#5338=DIRECTION('center_axis',(0.707106781186547,-0.707106781186548,0.));
#5339=DIRECTION('ref_axis',(0.707106781186548,0.707106781186547,0.));
#5340=DIRECTION('',(-0.707106781186548,-0.707106781186547,0.));
#5341=DIRECTION('',(0.,0.,1.));
#5342=DIRECTION('',(0.707106781186548,0.707106781186547,0.));
#5343=DIRECTION('',(0.,0.,1.));
#5344=DIRECTION('center_axis',(-0.707106781186548,-0.707106781186547,0.));
#5345=DIRECTION('ref_axis',(0.707106781186547,-0.707106781186548,0.));
#5346=DIRECTION('',(-0.707106781186547,0.707106781186548,0.));
#5347=DIRECTION('',(0.707106781186547,-0.707106781186548,0.));
#5348=DIRECTION('',(0.,0.,1.));
#5349=DIRECTION('center_axis',(-0.707106781186547,0.707106781186548,0.));
#5350=DIRECTION('ref_axis',(-0.707106781186548,-0.707106781186547,0.));
#5351=DIRECTION('',(0.707106781186548,0.707106781186547,0.));
#5352=DIRECTION('',(-0.707106781186548,-0.707106781186547,0.));
#5353=DIRECTION('',(0.,0.,1.));
#5354=DIRECTION('center_axis',(0.707106781186548,0.707106781186547,0.));
#5355=DIRECTION('ref_axis',(-0.707106781186547,0.707106781186548,0.));
#5356=DIRECTION('',(0.707106781186547,-0.707106781186548,0.));
#5357=DIRECTION('',(-0.707106781186547,0.707106781186548,0.));
#5358=DIRECTION('center_axis',(0.,0.,1.));
#5359=DIRECTION('ref_axis',(-0.707106781186547,0.707106781186548,0.));
#5360=DIRECTION('center_axis',(0.,0.,1.));
#5361=DIRECTION('ref_axis',(0.707106781186547,-0.707106781186548,0.));
#5362=DIRECTION('center_axis',(0.866025403784438,-0.5,0.));
#5363=DIRECTION('ref_axis',(0.5,0.866025403784438,0.));
#5364=DIRECTION('',(-0.5,-0.866025403784438,0.));
#5365=DIRECTION('',(0.,0.,1.));
#5366=DIRECTION('',(0.5,0.866025403784438,0.));
#5367=DIRECTION('',(0.,0.,1.));
#5368=DIRECTION('center_axis',(-0.5,-0.866025403784438,0.));
#5369=DIRECTION('ref_axis',(0.866025403784438,-0.5,0.));
#5370=DIRECTION('',(-0.866025403784438,0.5,0.));
#5371=DIRECTION('',(0.866025403784438,-0.5,0.));
#5372=DIRECTION('',(0.,0.,1.));
#5373=DIRECTION('center_axis',(-0.866025403784438,0.5,0.));
#5374=DIRECTION('ref_axis',(-0.5,-0.866025403784438,0.));
#5375=DIRECTION('',(0.5,0.866025403784438,0.));
#5376=DIRECTION('',(-0.5,-0.866025403784438,0.));
#5377=DIRECTION('',(0.,0.,1.));
#5378=DIRECTION('center_axis',(0.5,0.866025403784438,0.));
#5379=DIRECTION('ref_axis',(-0.866025403784438,0.5,0.));
#5380=DIRECTION('',(0.866025403784438,-0.5,0.));
#5381=DIRECTION('',(-0.866025403784438,0.5,0.));
#5382=DIRECTION('center_axis',(0.,0.,1.));
#5383=DIRECTION('ref_axis',(-0.866025403784438,0.5,0.));
#5384=DIRECTION('center_axis',(0.,0.,1.));
#5385=DIRECTION('ref_axis',(0.866025403784438,-0.5,0.));
#5386=DIRECTION('center_axis',(0.965925826289068,-0.258819045102521,0.));
#5387=DIRECTION('ref_axis',(0.258819045102521,0.965925826289068,0.));
#5388=DIRECTION('',(-0.258819045102521,-0.965925826289068,0.));
#5389=DIRECTION('',(0.,0.,1.));
#5390=DIRECTION('',(0.258819045102521,0.965925826289068,0.));
#5391=DIRECTION('',(0.,0.,1.));
#5392=DIRECTION('center_axis',(-0.258819045102521,-0.965925826289068,0.));
#5393=DIRECTION('ref_axis',(0.965925826289068,-0.258819045102521,0.));
#5394=DIRECTION('',(-0.965925826289068,0.258819045102521,0.));
#5395=DIRECTION('',(0.965925826289068,-0.258819045102521,0.));
#5396=DIRECTION('',(0.,0.,1.));
#5397=DIRECTION('center_axis',(-0.965925826289068,0.258819045102521,0.));
#5398=DIRECTION('ref_axis',(-0.258819045102521,-0.965925826289068,0.));
#5399=DIRECTION('',(0.258819045102521,0.965925826289068,0.));
#5400=DIRECTION('',(-0.258819045102521,-0.965925826289068,0.));
#5401=DIRECTION('',(0.,0.,1.));
#5402=DIRECTION('center_axis',(0.258819045102521,0.965925826289068,0.));
#5403=DIRECTION('ref_axis',(-0.965925826289068,0.258819045102521,0.));
#5404=DIRECTION('',(0.965925826289068,-0.258819045102521,0.));
#5405=DIRECTION('',(-0.965925826289068,0.258819045102521,0.));
#5406=DIRECTION('center_axis',(0.,0.,1.));
#5407=DIRECTION('ref_axis',(-0.965925826289068,0.258819045102521,0.));
#5408=DIRECTION('center_axis',(0.,0.,1.));
#5409=DIRECTION('ref_axis',(0.965925826289068,-0.258819045102521,0.));
#5410=DIRECTION('center_axis',(1.,-1.22464679914735E-16,0.));
#5411=DIRECTION('ref_axis',(1.22464679914735E-16,1.,0.));
#5412=DIRECTION('',(-1.22464679914735E-16,-1.,0.));
#5413=DIRECTION('',(0.,0.,1.));
#5414=DIRECTION('',(1.22464679914735E-16,1.,0.));
#5415=DIRECTION('',(0.,0.,1.));
#5416=DIRECTION('center_axis',(-1.22464679914735E-16,-1.,0.));
#5417=DIRECTION('ref_axis',(1.,-1.22464679914735E-16,0.));
#5418=DIRECTION('',(-1.,1.22464679914735E-16,0.));
#5419=DIRECTION('',(1.,-1.22464679914735E-16,0.));
#5420=DIRECTION('',(0.,0.,1.));
#5421=DIRECTION('center_axis',(-1.,1.22464679914735E-16,0.));
#5422=DIRECTION('ref_axis',(-1.22464679914735E-16,-1.,0.));
#5423=DIRECTION('',(1.22464679914735E-16,1.,0.));
#5424=DIRECTION('',(-1.22464679914735E-16,-1.,0.));
#5425=DIRECTION('',(0.,0.,1.));
#5426=DIRECTION('center_axis',(1.22464679914735E-16,1.,0.));
#5427=DIRECTION('ref_axis',(-1.,1.22464679914735E-16,0.));
#5428=DIRECTION('',(1.,-1.22464679914735E-16,0.));
#5429=DIRECTION('',(-1.,1.22464679914735E-16,0.));
#5430=DIRECTION('center_axis',(0.,0.,1.));
#5431=DIRECTION('ref_axis',(-1.,1.22464679914735E-16,0.));
#5432=DIRECTION('center_axis',(0.,0.,1.));
#5433=DIRECTION('ref_axis',(1.,-1.22464679914735E-16,0.));
#5434=DIRECTION('center_axis',(0.965925826289068,0.25881904510252,0.));
#5435=DIRECTION('ref_axis',(-0.25881904510252,0.965925826289068,0.));
#5436=DIRECTION('',(0.25881904510252,-0.965925826289068,0.));
#5437=DIRECTION('',(0.,0.,1.));
#5438=DIRECTION('',(-0.25881904510252,0.965925826289068,0.));
#5439=DIRECTION('',(0.,0.,1.));
#5440=DIRECTION('center_axis',(0.25881904510252,-0.965925826289068,0.));
#5441=DIRECTION('ref_axis',(0.965925826289068,0.25881904510252,0.));
#5442=DIRECTION('',(-0.965925826289068,-0.25881904510252,0.));
#5443=DIRECTION('',(0.965925826289068,0.25881904510252,0.));
#5444=DIRECTION('',(0.,0.,1.));
#5445=DIRECTION('center_axis',(-0.965925826289068,-0.25881904510252,0.));
#5446=DIRECTION('ref_axis',(0.25881904510252,-0.965925826289068,0.));
#5447=DIRECTION('',(-0.25881904510252,0.965925826289068,0.));
#5448=DIRECTION('',(0.25881904510252,-0.965925826289068,0.));
#5449=DIRECTION('',(0.,0.,1.));
#5450=DIRECTION('center_axis',(-0.25881904510252,0.965925826289068,0.));
#5451=DIRECTION('ref_axis',(-0.965925826289068,-0.25881904510252,0.));
#5452=DIRECTION('',(0.965925826289068,0.25881904510252,0.));
#5453=DIRECTION('',(-0.965925826289068,-0.25881904510252,0.));
#5454=DIRECTION('center_axis',(0.,0.,1.));
#5455=DIRECTION('ref_axis',(-0.965925826289068,-0.25881904510252,0.));
#5456=DIRECTION('center_axis',(0.,0.,1.));
#5457=DIRECTION('ref_axis',(0.965925826289068,0.25881904510252,0.));
#5458=DIRECTION('center_axis',(0.866025403784439,0.5,0.));
#5459=DIRECTION('ref_axis',(-0.5,0.866025403784439,0.));
#5460=DIRECTION('',(0.5,-0.866025403784439,0.));
#5461=DIRECTION('',(0.,0.,1.));
#5462=DIRECTION('',(-0.5,0.866025403784439,0.));
#5463=DIRECTION('',(0.,0.,1.));
#5464=DIRECTION('center_axis',(0.5,-0.866025403784439,0.));
#5465=DIRECTION('ref_axis',(0.866025403784439,0.5,0.));
#5466=DIRECTION('',(-0.866025403784439,-0.5,0.));
#5467=DIRECTION('',(0.866025403784439,0.5,0.));
#5468=DIRECTION('',(0.,0.,1.));
#5469=DIRECTION('center_axis',(-0.866025403784439,-0.5,0.));
#5470=DIRECTION('ref_axis',(0.5,-0.866025403784439,0.));
#5471=DIRECTION('',(-0.5,0.866025403784439,0.));
#5472=DIRECTION('',(0.5,-0.866025403784439,0.));
#5473=DIRECTION('',(0.,0.,1.));
#5474=DIRECTION('center_axis',(-0.5,0.866025403784439,0.));
#5475=DIRECTION('ref_axis',(-0.866025403784439,-0.5,0.));
#5476=DIRECTION('',(0.866025403784439,0.5,0.));
#5477=DIRECTION('',(-0.866025403784439,-0.5,0.));
#5478=DIRECTION('center_axis',(0.,0.,1.));
#5479=DIRECTION('ref_axis',(-0.866025403784439,-0.5,0.));
#5480=DIRECTION('center_axis',(0.,0.,1.));
#5481=DIRECTION('ref_axis',(0.866025403784439,0.5,0.));
#5482=DIRECTION('center_axis',(0.707106781186548,0.707106781186547,0.));
#5483=DIRECTION('ref_axis',(-0.707106781186547,0.707106781186548,0.));
#5484=DIRECTION('',(0.707106781186547,-0.707106781186548,0.));
#5485=DIRECTION('',(0.,0.,1.));
#5486=DIRECTION('',(-0.707106781186547,0.707106781186548,0.));
#5487=DIRECTION('',(0.,0.,1.));
#5488=DIRECTION('center_axis',(0.707106781186547,-0.707106781186548,0.));
#5489=DIRECTION('ref_axis',(0.707106781186548,0.707106781186547,0.));
#5490=DIRECTION('',(-0.707106781186548,-0.707106781186547,0.));
#5491=DIRECTION('',(0.707106781186548,0.707106781186547,0.));
#5492=DIRECTION('',(0.,0.,1.));
#5493=DIRECTION('center_axis',(-0.707106781186548,-0.707106781186547,0.));
#5494=DIRECTION('ref_axis',(0.707106781186547,-0.707106781186548,0.));
#5495=DIRECTION('',(-0.707106781186547,0.707106781186548,0.));
#5496=DIRECTION('',(0.707106781186547,-0.707106781186548,0.));
#5497=DIRECTION('',(0.,0.,1.));
#5498=DIRECTION('center_axis',(-0.707106781186547,0.707106781186548,0.));
#5499=DIRECTION('ref_axis',(-0.707106781186548,-0.707106781186547,0.));
#5500=DIRECTION('',(0.707106781186548,0.707106781186547,0.));
#5501=DIRECTION('',(-0.707106781186548,-0.707106781186547,0.));
#5502=DIRECTION('center_axis',(0.,0.,1.));
#5503=DIRECTION('ref_axis',(-0.707106781186548,-0.707106781186547,0.));
#5504=DIRECTION('center_axis',(0.,0.,1.));
#5505=DIRECTION('ref_axis',(0.707106781186548,0.707106781186547,0.));
#5506=DIRECTION('center_axis',(0.5,0.866025403784438,0.));
#5507=DIRECTION('ref_axis',(-0.866025403784438,0.5,0.));
#5508=DIRECTION('',(0.866025403784438,-0.5,0.));
#5509=DIRECTION('',(0.,0.,1.));
#5510=DIRECTION('',(-0.866025403784438,0.5,0.));
#5511=DIRECTION('',(0.,0.,1.));
#5512=DIRECTION('center_axis',(0.866025403784438,-0.5,0.));
#5513=DIRECTION('ref_axis',(0.5,0.866025403784438,0.));
#5514=DIRECTION('',(-0.5,-0.866025403784438,0.));
#5515=DIRECTION('',(0.5,0.866025403784438,0.));
#5516=DIRECTION('',(0.,0.,1.));
#5517=DIRECTION('center_axis',(-0.5,-0.866025403784438,0.));
#5518=DIRECTION('ref_axis',(0.866025403784438,-0.5,0.));
#5519=DIRECTION('',(-0.866025403784438,0.5,0.));
#5520=DIRECTION('',(0.866025403784438,-0.5,0.));
#5521=DIRECTION('',(0.,0.,1.));
#5522=DIRECTION('center_axis',(-0.866025403784438,0.5,0.));
#5523=DIRECTION('ref_axis',(-0.5,-0.866025403784438,0.));
#5524=DIRECTION('',(0.5,0.866025403784438,0.));
#5525=DIRECTION('',(-0.5,-0.866025403784438,0.));
#5526=DIRECTION('center_axis',(0.,0.,1.));
#5527=DIRECTION('ref_axis',(-0.5,-0.866025403784438,0.));
#5528=DIRECTION('center_axis',(0.,0.,1.));
#5529=DIRECTION('ref_axis',(0.5,0.866025403784438,0.));
#5530=DIRECTION('center_axis',(0.258819045102522,0.965925826289068,0.));
#5531=DIRECTION('ref_axis',(-0.965925826289068,0.258819045102522,0.));
#5532=DIRECTION('',(0.965925826289068,-0.258819045102522,0.));
#5533=DIRECTION('',(0.,0.,1.));
#5534=DIRECTION('',(-0.965925826289068,0.258819045102522,0.));
#5535=DIRECTION('',(0.,0.,1.));
#5536=DIRECTION('center_axis',(0.965925826289068,-0.258819045102522,0.));
#5537=DIRECTION('ref_axis',(0.258819045102522,0.965925826289068,0.));
#5538=DIRECTION('',(-0.258819045102522,-0.965925826289068,0.));
#5539=DIRECTION('',(0.258819045102522,0.965925826289068,0.));
#5540=DIRECTION('',(0.,0.,1.));
#5541=DIRECTION('center_axis',(-0.258819045102522,-0.965925826289068,0.));
#5542=DIRECTION('ref_axis',(0.965925826289068,-0.258819045102522,0.));
#5543=DIRECTION('',(-0.965925826289068,0.258819045102522,0.));
#5544=DIRECTION('',(0.965925826289068,-0.258819045102522,0.));
#5545=DIRECTION('',(0.,0.,1.));
#5546=DIRECTION('center_axis',(-0.965925826289068,0.258819045102522,0.));
#5547=DIRECTION('ref_axis',(-0.258819045102522,-0.965925826289068,0.));
#5548=DIRECTION('',(0.258819045102522,0.965925826289068,0.));
#5549=DIRECTION('',(-0.258819045102522,-0.965925826289068,0.));
#5550=DIRECTION('center_axis',(0.,0.,1.));
#5551=DIRECTION('ref_axis',(-0.258819045102522,-0.965925826289068,0.));
#5552=DIRECTION('center_axis',(0.,0.,1.));
#5553=DIRECTION('ref_axis',(0.258819045102522,0.965925826289068,0.));
#5554=DIRECTION('center_axis',(1.83697019872103E-16,1.,0.));
#5555=DIRECTION('ref_axis',(-1.,1.83697019872103E-16,0.));
#5556=DIRECTION('',(1.,-1.83697019872103E-16,0.));
#5557=DIRECTION('',(0.,0.,1.));
#5558=DIRECTION('',(-1.,1.83697019872103E-16,0.));
#5559=DIRECTION('',(0.,0.,1.));
#5560=DIRECTION('center_axis',(1.,-1.83697019872103E-16,0.));
#5561=DIRECTION('ref_axis',(1.83697019872103E-16,1.,0.));
#5562=DIRECTION('',(-1.83697019872103E-16,-1.,0.));
#5563=DIRECTION('',(1.83697019872103E-16,1.,0.));
#5564=DIRECTION('',(0.,0.,1.));
#5565=DIRECTION('center_axis',(-1.83697019872103E-16,-1.,0.));
#5566=DIRECTION('ref_axis',(1.,-1.83697019872103E-16,0.));
#5567=DIRECTION('',(-1.,1.83697019872103E-16,0.));
#5568=DIRECTION('',(1.,-1.83697019872103E-16,0.));
#5569=DIRECTION('',(0.,0.,1.));
#5570=DIRECTION('center_axis',(-1.,1.83697019872103E-16,0.));
#5571=DIRECTION('ref_axis',(-1.83697019872103E-16,-1.,0.));
#5572=DIRECTION('',(1.83697019872103E-16,1.,0.));
#5573=DIRECTION('',(-1.83697019872103E-16,-1.,0.));
#5574=DIRECTION('center_axis',(0.,0.,1.));
#5575=DIRECTION('ref_axis',(-1.83697019872103E-16,-1.,0.));
#5576=DIRECTION('center_axis',(0.,0.,1.));
#5577=DIRECTION('ref_axis',(1.83697019872103E-16,1.,0.));
#5578=DIRECTION('center_axis',(-0.25881904510252,0.965925826289068,0.));
#5579=DIRECTION('ref_axis',(-0.965925826289068,-0.25881904510252,0.));
#5580=DIRECTION('',(0.965925826289068,0.25881904510252,0.));
#5581=DIRECTION('',(0.,0.,1.));
#5582=DIRECTION('',(-0.965925826289068,-0.25881904510252,0.));
#5583=DIRECTION('',(0.,0.,1.));
#5584=DIRECTION('center_axis',(0.965925826289068,0.25881904510252,0.));
#5585=DIRECTION('ref_axis',(-0.25881904510252,0.965925826289068,0.));
#5586=DIRECTION('',(0.25881904510252,-0.965925826289068,0.));
#5587=DIRECTION('',(-0.25881904510252,0.965925826289068,0.));
#5588=DIRECTION('',(0.,0.,1.));
#5589=DIRECTION('center_axis',(0.25881904510252,-0.965925826289068,0.));
#5590=DIRECTION('ref_axis',(0.965925826289068,0.25881904510252,0.));
#5591=DIRECTION('',(-0.965925826289068,-0.25881904510252,0.));
#5592=DIRECTION('',(0.965925826289068,0.25881904510252,0.));
#5593=DIRECTION('',(0.,0.,1.));
#5594=DIRECTION('center_axis',(-0.965925826289068,-0.25881904510252,0.));
#5595=DIRECTION('ref_axis',(0.25881904510252,-0.965925826289068,0.));
#5596=DIRECTION('',(-0.25881904510252,0.965925826289068,0.));
#5597=DIRECTION('',(0.25881904510252,-0.965925826289068,0.));
#5598=DIRECTION('center_axis',(0.,0.,1.));
#5599=DIRECTION('ref_axis',(0.25881904510252,-0.965925826289068,0.));
#5600=DIRECTION('center_axis',(0.,0.,1.));
#5601=DIRECTION('ref_axis',(-0.25881904510252,0.965925826289068,0.));
#5602=DIRECTION('center_axis',(-0.499999999999999,0.866025403784439,0.));
#5603=DIRECTION('ref_axis',(-0.866025403784439,-0.499999999999999,0.));
#5604=DIRECTION('',(0.866025403784439,0.499999999999999,0.));
#5605=DIRECTION('',(0.,0.,1.));
#5606=DIRECTION('',(-0.866025403784439,-0.499999999999999,0.));
#5607=DIRECTION('',(0.,0.,1.));
#5608=DIRECTION('center_axis',(0.866025403784439,0.499999999999999,0.));
#5609=DIRECTION('ref_axis',(-0.499999999999999,0.866025403784439,0.));
#5610=DIRECTION('',(0.499999999999999,-0.866025403784439,0.));
#5611=DIRECTION('',(-0.499999999999999,0.866025403784439,0.));
#5612=DIRECTION('',(0.,0.,1.));
#5613=DIRECTION('center_axis',(0.499999999999999,-0.866025403784439,0.));
#5614=DIRECTION('ref_axis',(0.866025403784439,0.499999999999999,0.));
#5615=DIRECTION('',(-0.866025403784439,-0.499999999999999,0.));
#5616=DIRECTION('',(0.866025403784439,0.499999999999999,0.));
#5617=DIRECTION('',(0.,0.,1.));
#5618=DIRECTION('center_axis',(-0.866025403784439,-0.499999999999999,0.));
#5619=DIRECTION('ref_axis',(0.499999999999999,-0.866025403784439,0.));
#5620=DIRECTION('',(-0.499999999999999,0.866025403784439,0.));
#5621=DIRECTION('',(0.499999999999999,-0.866025403784439,0.));
#5622=DIRECTION('center_axis',(0.,0.,1.));
#5623=DIRECTION('ref_axis',(0.499999999999999,-0.866025403784439,0.));
#5624=DIRECTION('center_axis',(0.,0.,1.));
#5625=DIRECTION('ref_axis',(-0.499999999999999,0.866025403784439,0.));
#5626=DIRECTION('center_axis',(-0.707106781186547,0.707106781186548,0.));
#5627=DIRECTION('ref_axis',(-0.707106781186548,-0.707106781186547,0.));
#5628=DIRECTION('',(0.707106781186548,0.707106781186547,0.));
#5629=DIRECTION('',(0.,0.,1.));
#5630=DIRECTION('',(-0.707106781186548,-0.707106781186547,0.));
#5631=DIRECTION('',(0.,0.,1.));
#5632=DIRECTION('center_axis',(0.707106781186548,0.707106781186547,0.));
#5633=DIRECTION('ref_axis',(-0.707106781186547,0.707106781186548,0.));
#5634=DIRECTION('',(0.707106781186547,-0.707106781186548,0.));
#5635=DIRECTION('',(-0.707106781186547,0.707106781186548,0.));
#5636=DIRECTION('',(0.,0.,1.));
#5637=DIRECTION('center_axis',(0.707106781186547,-0.707106781186548,0.));
#5638=DIRECTION('ref_axis',(0.707106781186548,0.707106781186547,0.));
#5639=DIRECTION('',(-0.707106781186548,-0.707106781186547,0.));
#5640=DIRECTION('',(0.707106781186548,0.707106781186547,0.));
#5641=DIRECTION('',(0.,0.,1.));
#5642=DIRECTION('center_axis',(-0.707106781186548,-0.707106781186547,0.));
#5643=DIRECTION('ref_axis',(0.707106781186547,-0.707106781186548,0.));
#5644=DIRECTION('',(-0.707106781186547,0.707106781186548,0.));
#5645=DIRECTION('',(0.707106781186547,-0.707106781186548,0.));
#5646=DIRECTION('center_axis',(0.,0.,1.));
#5647=DIRECTION('ref_axis',(0.707106781186547,-0.707106781186548,0.));
#5648=DIRECTION('center_axis',(0.,0.,1.));
#5649=DIRECTION('ref_axis',(-0.707106781186547,0.707106781186548,0.));
#5650=DIRECTION('center_axis',(-0.866025403784438,0.5,0.));
#5651=DIRECTION('ref_axis',(-0.5,-0.866025403784438,0.));
#5652=DIRECTION('',(0.5,0.866025403784438,0.));
#5653=DIRECTION('',(0.,0.,1.));
#5654=DIRECTION('',(-0.5,-0.866025403784438,0.));
#5655=DIRECTION('',(0.,0.,1.));
#5656=DIRECTION('center_axis',(0.5,0.866025403784438,0.));
#5657=DIRECTION('ref_axis',(-0.866025403784438,0.5,0.));
#5658=DIRECTION('',(0.866025403784438,-0.5,0.));
#5659=DIRECTION('',(-0.866025403784438,0.5,0.));
#5660=DIRECTION('',(0.,0.,1.));
#5661=DIRECTION('center_axis',(0.866025403784438,-0.5,0.));
#5662=DIRECTION('ref_axis',(0.5,0.866025403784438,0.));
#5663=DIRECTION('',(-0.5,-0.866025403784438,0.));
#5664=DIRECTION('',(0.5,0.866025403784438,0.));
#5665=DIRECTION('',(0.,0.,1.));
#5666=DIRECTION('center_axis',(-0.5,-0.866025403784438,0.));
#5667=DIRECTION('ref_axis',(0.866025403784438,-0.5,0.));
#5668=DIRECTION('',(-0.866025403784438,0.5,0.));
#5669=DIRECTION('',(0.866025403784438,-0.5,0.));
#5670=DIRECTION('center_axis',(0.,0.,1.));
#5671=DIRECTION('ref_axis',(0.866025403784438,-0.5,0.));
#5672=DIRECTION('center_axis',(0.,0.,1.));
#5673=DIRECTION('ref_axis',(-0.866025403784438,0.5,0.));
#5674=DIRECTION('center_axis',(-0.965925826289068,0.258819045102522,0.));
#5675=DIRECTION('ref_axis',(-0.258819045102522,-0.965925826289068,0.));
#5676=DIRECTION('',(0.258819045102522,0.965925826289068,0.));
#5677=DIRECTION('',(0.,0.,1.));
#5678=DIRECTION('',(-0.258819045102522,-0.965925826289068,0.));
#5679=DIRECTION('',(0.,0.,1.));
#5680=DIRECTION('center_axis',(0.258819045102522,0.965925826289068,0.));
#5681=DIRECTION('ref_axis',(-0.965925826289068,0.258819045102522,0.));
#5682=DIRECTION('',(0.965925826289068,-0.258819045102522,0.));
#5683=DIRECTION('',(-0.965925826289068,0.258819045102522,0.));
#5684=DIRECTION('',(0.,0.,1.));
#5685=DIRECTION('center_axis',(0.965925826289068,-0.258819045102522,0.));
#5686=DIRECTION('ref_axis',(0.258819045102522,0.965925826289068,0.));
#5687=DIRECTION('',(-0.258819045102522,-0.965925826289068,0.));
#5688=DIRECTION('',(0.258819045102522,0.965925826289068,0.));
#5689=DIRECTION('',(0.,0.,1.));
#5690=DIRECTION('center_axis',(-0.258819045102522,-0.965925826289068,0.));
#5691=DIRECTION('ref_axis',(0.965925826289068,-0.258819045102522,0.));
#5692=DIRECTION('',(-0.965925826289068,0.258819045102522,0.));
#5693=DIRECTION('',(0.965925826289068,-0.258819045102522,0.));
#5694=DIRECTION('center_axis',(0.,0.,1.));
#5695=DIRECTION('ref_axis',(0.965925826289068,-0.258819045102522,0.));
#5696=DIRECTION('center_axis',(0.,0.,1.));
#5697=DIRECTION('ref_axis',(-0.965925826289068,0.258819045102522,0.));
#5698=DIRECTION('center_axis',(-0.984807753012208,0.17364817766693,0.));
#5699=DIRECTION('ref_axis',(-0.17364817766693,-0.984807753012208,0.));
#5700=DIRECTION('',(0.17364817766693,0.984807753012208,0.));
#5701=DIRECTION('',(0.,0.,1.));
#5702=DIRECTION('',(-0.17364817766693,-0.984807753012208,0.));
#5703=DIRECTION('',(0.,0.,1.));
#5704=DIRECTION('center_axis',(0.17364817766693,0.984807753012208,0.));
#5705=DIRECTION('ref_axis',(-0.984807753012208,0.17364817766693,0.));
#5706=DIRECTION('',(0.984807753012208,-0.17364817766693,0.));
#5707=DIRECTION('',(-0.984807753012208,0.17364817766693,0.));
#5708=DIRECTION('',(0.,0.,1.));
#5709=DIRECTION('center_axis',(0.984807753012208,-0.17364817766693,0.));
#5710=DIRECTION('ref_axis',(0.17364817766693,0.984807753012208,0.));
#5711=DIRECTION('',(-0.17364817766693,-0.984807753012208,0.));
#5712=DIRECTION('',(0.17364817766693,0.984807753012208,0.));
#5713=DIRECTION('',(0.,0.,1.));
#5714=DIRECTION('center_axis',(-0.17364817766693,-0.984807753012208,0.));
#5715=DIRECTION('ref_axis',(0.984807753012208,-0.17364817766693,0.));
#5716=DIRECTION('',(-0.984807753012208,0.17364817766693,0.));
#5717=DIRECTION('',(0.984807753012208,-0.17364817766693,0.));
#5718=DIRECTION('center_axis',(0.,0.,1.));
#5719=DIRECTION('ref_axis',(0.984807753012208,-0.17364817766693,0.));
#5720=DIRECTION('center_axis',(0.,0.,1.));
#5721=DIRECTION('ref_axis',(-0.984807753012208,0.17364817766693,0.));
#5722=DIRECTION('center_axis',(-0.996194698091746,-0.0871557427476584,0.));
#5723=DIRECTION('ref_axis',(0.0871557427476584,-0.996194698091746,0.));
#5724=DIRECTION('',(-0.0871557427476584,0.996194698091746,0.));
#5725=DIRECTION('',(0.,0.,1.));
#5726=DIRECTION('',(0.0871557427476584,-0.996194698091746,0.));
#5727=DIRECTION('',(0.,0.,1.));
#5728=DIRECTION('center_axis',(-0.0871557427476584,0.996194698091746,0.));
#5729=DIRECTION('ref_axis',(-0.996194698091746,-0.0871557427476584,0.));
#5730=DIRECTION('',(0.996194698091746,0.0871557427476584,0.));
#5731=DIRECTION('',(-0.996194698091746,-0.0871557427476584,0.));
#5732=DIRECTION('',(0.,0.,1.));
#5733=DIRECTION('center_axis',(0.996194698091746,0.0871557427476584,0.));
#5734=DIRECTION('ref_axis',(-0.0871557427476584,0.996194698091746,0.));
#5735=DIRECTION('',(0.0871557427476584,-0.996194698091746,0.));
#5736=DIRECTION('',(-0.0871557427476584,0.996194698091746,0.));
#5737=DIRECTION('',(0.,0.,1.));
#5738=DIRECTION('center_axis',(0.0871557427476584,-0.996194698091746,0.));
#5739=DIRECTION('ref_axis',(0.996194698091746,0.0871557427476584,0.));
#5740=DIRECTION('',(-0.996194698091746,-0.0871557427476584,0.));
#5741=DIRECTION('',(0.996194698091746,0.0871557427476584,0.));
#5742=DIRECTION('center_axis',(0.,0.,1.));
#5743=DIRECTION('ref_axis',(0.996194698091746,0.0871557427476584,0.));
#5744=DIRECTION('center_axis',(0.,0.,1.));
#5745=DIRECTION('ref_axis',(-0.996194698091746,-0.0871557427476584,0.));
#5746=DIRECTION('center_axis',(-0.939692620785908,-0.342020143325669,0.));
#5747=DIRECTION('ref_axis',(0.342020143325669,-0.939692620785908,0.));
#5748=DIRECTION('',(-0.342020143325669,0.939692620785908,0.));
#5749=DIRECTION('',(0.,0.,1.));
#5750=DIRECTION('',(0.342020143325669,-0.939692620785908,0.));
#5751=DIRECTION('',(0.,0.,1.));
#5752=DIRECTION('center_axis',(-0.342020143325669,0.939692620785908,0.));
#5753=DIRECTION('ref_axis',(-0.939692620785908,-0.342020143325669,0.));
#5754=DIRECTION('',(0.939692620785908,0.342020143325669,0.));
#5755=DIRECTION('',(-0.939692620785908,-0.342020143325669,0.));
#5756=DIRECTION('',(0.,0.,1.));
#5757=DIRECTION('center_axis',(0.939692620785908,0.342020143325669,0.));
#5758=DIRECTION('ref_axis',(-0.342020143325669,0.939692620785908,0.));
#5759=DIRECTION('',(0.342020143325669,-0.939692620785908,0.));
#5760=DIRECTION('',(-0.342020143325669,0.939692620785908,0.));
#5761=DIRECTION('',(0.,0.,1.));
#5762=DIRECTION('center_axis',(0.342020143325669,-0.939692620785908,0.));
#5763=DIRECTION('ref_axis',(0.939692620785908,0.342020143325669,0.));
#5764=DIRECTION('',(-0.939692620785908,-0.342020143325669,0.));
#5765=DIRECTION('',(0.939692620785908,0.342020143325669,0.));
#5766=DIRECTION('center_axis',(0.,0.,1.));
#5767=DIRECTION('ref_axis',(0.939692620785908,0.342020143325669,0.));
#5768=DIRECTION('center_axis',(0.,0.,1.));
#5769=DIRECTION('ref_axis',(-0.939692620785908,-0.342020143325669,0.));
#5770=DIRECTION('center_axis',(-0.819152044288992,-0.573576436351046,0.));
#5771=DIRECTION('ref_axis',(0.573576436351046,-0.819152044288992,0.));
#5772=DIRECTION('',(-0.573576436351046,0.819152044288992,0.));
#5773=DIRECTION('',(0.,0.,1.));
#5774=DIRECTION('',(0.573576436351046,-0.819152044288992,0.));
#5775=DIRECTION('',(0.,0.,1.));
#5776=DIRECTION('center_axis',(-0.573576436351046,0.819152044288992,0.));
#5777=DIRECTION('ref_axis',(-0.819152044288992,-0.573576436351046,0.));
#5778=DIRECTION('',(0.819152044288992,0.573576436351046,0.));
#5779=DIRECTION('',(-0.819152044288992,-0.573576436351046,0.));
#5780=DIRECTION('',(0.,0.,1.));
#5781=DIRECTION('center_axis',(0.819152044288992,0.573576436351046,0.));
#5782=DIRECTION('ref_axis',(-0.573576436351046,0.819152044288992,0.));
#5783=DIRECTION('',(0.573576436351046,-0.819152044288992,0.));
#5784=DIRECTION('',(-0.573576436351046,0.819152044288992,0.));
#5785=DIRECTION('',(0.,0.,1.));
#5786=DIRECTION('center_axis',(0.573576436351046,-0.819152044288992,0.));
#5787=DIRECTION('ref_axis',(0.819152044288992,0.573576436351046,0.));
#5788=DIRECTION('',(-0.819152044288992,-0.573576436351046,0.));
#5789=DIRECTION('',(0.819152044288992,0.573576436351046,0.));
#5790=DIRECTION('center_axis',(0.,0.,1.));
#5791=DIRECTION('ref_axis',(0.819152044288992,0.573576436351046,0.));
#5792=DIRECTION('center_axis',(0.,0.,1.));
#5793=DIRECTION('ref_axis',(-0.819152044288992,-0.573576436351046,0.));
#5794=DIRECTION('center_axis',(-0.642787609686539,-0.766044443118978,0.));
#5795=DIRECTION('ref_axis',(0.766044443118978,-0.642787609686539,0.));
#5796=DIRECTION('',(-0.766044443118978,0.642787609686539,0.));
#5797=DIRECTION('',(0.,0.,1.));
#5798=DIRECTION('',(0.766044443118978,-0.642787609686539,0.));
#5799=DIRECTION('',(0.,0.,1.));
#5800=DIRECTION('center_axis',(-0.766044443118978,0.642787609686539,0.));
#5801=DIRECTION('ref_axis',(-0.642787609686539,-0.766044443118978,0.));
#5802=DIRECTION('',(0.642787609686539,0.766044443118978,0.));
#5803=DIRECTION('',(-0.642787609686539,-0.766044443118978,0.));
#5804=DIRECTION('',(0.,0.,1.));
#5805=DIRECTION('center_axis',(0.642787609686539,0.766044443118978,0.));
#5806=DIRECTION('ref_axis',(-0.766044443118978,0.642787609686539,0.));
#5807=DIRECTION('',(0.766044443118978,-0.642787609686539,0.));
#5808=DIRECTION('',(-0.766044443118978,0.642787609686539,0.));
#5809=DIRECTION('',(0.,0.,1.));
#5810=DIRECTION('center_axis',(0.766044443118978,-0.642787609686539,0.));
#5811=DIRECTION('ref_axis',(0.642787609686539,0.766044443118978,0.));
#5812=DIRECTION('',(-0.642787609686539,-0.766044443118978,0.));
#5813=DIRECTION('',(0.642787609686539,0.766044443118978,0.));
#5814=DIRECTION('center_axis',(0.,0.,1.));
#5815=DIRECTION('ref_axis',(0.642787609686539,0.766044443118978,0.));
#5816=DIRECTION('center_axis',(0.,0.,1.));
#5817=DIRECTION('ref_axis',(-0.642787609686539,-0.766044443118978,0.));
#5818=DIRECTION('center_axis',(-0.422618261740699,-0.90630778703665,0.));
#5819=DIRECTION('ref_axis',(0.90630778703665,-0.422618261740699,0.));
#5820=DIRECTION('',(-0.90630778703665,0.422618261740699,0.));
#5821=DIRECTION('',(0.,0.,1.));
#5822=DIRECTION('',(0.90630778703665,-0.422618261740699,0.));
#5823=DIRECTION('',(0.,0.,1.));
#5824=DIRECTION('center_axis',(-0.90630778703665,0.422618261740699,0.));
#5825=DIRECTION('ref_axis',(-0.422618261740699,-0.90630778703665,0.));
#5826=DIRECTION('',(0.422618261740699,0.90630778703665,0.));
#5827=DIRECTION('',(-0.422618261740699,-0.90630778703665,0.));
#5828=DIRECTION('',(0.,0.,1.));
#5829=DIRECTION('center_axis',(0.422618261740699,0.90630778703665,0.));
#5830=DIRECTION('ref_axis',(-0.90630778703665,0.422618261740699,0.));
#5831=DIRECTION('',(0.90630778703665,-0.422618261740699,0.));
#5832=DIRECTION('',(-0.90630778703665,0.422618261740699,0.));
#5833=DIRECTION('',(0.,0.,1.));
#5834=DIRECTION('center_axis',(0.90630778703665,-0.422618261740699,0.));
#5835=DIRECTION('ref_axis',(0.422618261740699,0.90630778703665,0.));
#5836=DIRECTION('',(-0.422618261740699,-0.90630778703665,0.));
#5837=DIRECTION('',(0.422618261740699,0.90630778703665,0.));
#5838=DIRECTION('center_axis',(0.,0.,1.));
#5839=DIRECTION('ref_axis',(0.422618261740699,0.90630778703665,0.));
#5840=DIRECTION('center_axis',(0.,0.,1.));
#5841=DIRECTION('ref_axis',(-0.422618261740699,-0.90630778703665,0.));
#5842=DIRECTION('center_axis',(0.0871557427476583,-0.996194698091746,0.));
#5843=DIRECTION('ref_axis',(0.996194698091746,0.0871557427476583,0.));
#5844=DIRECTION('',(-0.996194698091746,-0.0871557427476583,0.));
#5845=DIRECTION('',(0.,0.,1.));
#5846=DIRECTION('',(0.996194698091746,0.0871557427476583,0.));
#5847=DIRECTION('',(0.,0.,1.));
#5848=DIRECTION('center_axis',(-0.996194698091746,-0.0871557427476583,0.));
#5849=DIRECTION('ref_axis',(0.0871557427476583,-0.996194698091746,0.));
#5850=DIRECTION('',(-0.0871557427476583,0.996194698091746,0.));
#5851=DIRECTION('',(0.0871557427476583,-0.996194698091746,0.));
#5852=DIRECTION('',(0.,0.,1.));
#5853=DIRECTION('center_axis',(-0.0871557427476583,0.996194698091746,0.));
#5854=DIRECTION('ref_axis',(-0.996194698091746,-0.0871557427476583,0.));
#5855=DIRECTION('',(0.996194698091746,0.0871557427476583,0.));
#5856=DIRECTION('',(-0.996194698091746,-0.0871557427476583,0.));
#5857=DIRECTION('',(0.,0.,1.));
#5858=DIRECTION('center_axis',(0.996194698091746,0.0871557427476583,0.));
#5859=DIRECTION('ref_axis',(-0.0871557427476583,0.996194698091746,0.));
#5860=DIRECTION('',(0.0871557427476583,-0.996194698091746,0.));
#5861=DIRECTION('',(-0.0871557427476583,0.996194698091746,0.));
#5862=DIRECTION('center_axis',(0.,0.,1.));
#5863=DIRECTION('ref_axis',(-0.0871557427476583,0.996194698091746,0.));
#5864=DIRECTION('center_axis',(0.,0.,1.));
#5865=DIRECTION('ref_axis',(0.0871557427476583,-0.996194698091746,0.));
#5866=DIRECTION('center_axis',(0.342020143325669,-0.939692620785908,0.));
#5867=DIRECTION('ref_axis',(0.939692620785908,0.342020143325669,0.));
#5868=DIRECTION('',(-0.939692620785908,-0.342020143325669,0.));
#5869=DIRECTION('',(0.,0.,1.));
#5870=DIRECTION('',(0.939692620785908,0.342020143325669,0.));
#5871=DIRECTION('',(0.,0.,1.));
#5872=DIRECTION('center_axis',(-0.939692620785908,-0.342020143325669,0.));
#5873=DIRECTION('ref_axis',(0.342020143325669,-0.939692620785908,0.));
#5874=DIRECTION('',(-0.342020143325669,0.939692620785908,0.));
#5875=DIRECTION('',(0.342020143325669,-0.939692620785908,0.));
#5876=DIRECTION('',(0.,0.,1.));
#5877=DIRECTION('center_axis',(-0.342020143325669,0.939692620785908,0.));
#5878=DIRECTION('ref_axis',(-0.939692620785908,-0.342020143325669,0.));
#5879=DIRECTION('',(0.939692620785908,0.342020143325669,0.));
#5880=DIRECTION('',(-0.939692620785908,-0.342020143325669,0.));
#5881=DIRECTION('',(0.,0.,1.));
#5882=DIRECTION('center_axis',(0.939692620785908,0.342020143325669,0.));
#5883=DIRECTION('ref_axis',(-0.342020143325669,0.939692620785908,0.));
#5884=DIRECTION('',(0.342020143325669,-0.939692620785908,0.));
#5885=DIRECTION('',(-0.342020143325669,0.939692620785908,0.));
#5886=DIRECTION('center_axis',(0.,0.,1.));
#5887=DIRECTION('ref_axis',(-0.342020143325669,0.939692620785908,0.));
#5888=DIRECTION('center_axis',(0.,0.,1.));
#5889=DIRECTION('ref_axis',(0.342020143325669,-0.939692620785908,0.));
#5890=DIRECTION('center_axis',(0.573576436351046,-0.819152044288992,0.));
#5891=DIRECTION('ref_axis',(0.819152044288992,0.573576436351046,0.));
#5892=DIRECTION('',(-0.819152044288992,-0.573576436351046,0.));
#5893=DIRECTION('',(0.,0.,1.));
#5894=DIRECTION('',(0.819152044288992,0.573576436351046,0.));
#5895=DIRECTION('',(0.,0.,1.));
#5896=DIRECTION('center_axis',(-0.819152044288992,-0.573576436351046,0.));
#5897=DIRECTION('ref_axis',(0.573576436351046,-0.819152044288992,0.));
#5898=DIRECTION('',(-0.573576436351046,0.819152044288992,0.));
#5899=DIRECTION('',(0.573576436351046,-0.819152044288992,0.));
#5900=DIRECTION('',(0.,0.,1.));
#5901=DIRECTION('center_axis',(-0.573576436351046,0.819152044288992,0.));
#5902=DIRECTION('ref_axis',(-0.819152044288992,-0.573576436351046,0.));
#5903=DIRECTION('',(0.819152044288992,0.573576436351046,0.));
#5904=DIRECTION('',(-0.819152044288992,-0.573576436351046,0.));
#5905=DIRECTION('',(0.,0.,1.));
#5906=DIRECTION('center_axis',(0.819152044288992,0.573576436351046,0.));
#5907=DIRECTION('ref_axis',(-0.573576436351046,0.819152044288992,0.));
#5908=DIRECTION('',(0.573576436351046,-0.819152044288992,0.));
#5909=DIRECTION('',(-0.573576436351046,0.819152044288992,0.));
#5910=DIRECTION('center_axis',(0.,0.,1.));
#5911=DIRECTION('ref_axis',(-0.573576436351046,0.819152044288992,0.));
#5912=DIRECTION('center_axis',(0.,0.,1.));
#5913=DIRECTION('ref_axis',(0.573576436351046,-0.819152044288992,0.));
#5914=DIRECTION('center_axis',(0.766044443118978,-0.642787609686539,0.));
#5915=DIRECTION('ref_axis',(0.642787609686539,0.766044443118978,0.));
#5916=DIRECTION('',(-0.642787609686539,-0.766044443118978,0.));
#5917=DIRECTION('',(0.,0.,1.));
#5918=DIRECTION('',(0.642787609686539,0.766044443118978,0.));
#5919=DIRECTION('',(0.,0.,1.));
#5920=DIRECTION('center_axis',(-0.642787609686539,-0.766044443118978,0.));
#5921=DIRECTION('ref_axis',(0.766044443118978,-0.642787609686539,0.));
#5922=DIRECTION('',(-0.766044443118978,0.642787609686539,0.));
#5923=DIRECTION('',(0.766044443118978,-0.642787609686539,0.));
#5924=DIRECTION('',(0.,0.,1.));
#5925=DIRECTION('center_axis',(-0.766044443118978,0.642787609686539,0.));
#5926=DIRECTION('ref_axis',(-0.642787609686539,-0.766044443118978,0.));
#5927=DIRECTION('',(0.642787609686539,0.766044443118978,0.));
#5928=DIRECTION('',(-0.642787609686539,-0.766044443118978,0.));
#5929=DIRECTION('',(0.,0.,1.));
#5930=DIRECTION('center_axis',(0.642787609686539,0.766044443118978,0.));
#5931=DIRECTION('ref_axis',(-0.766044443118978,0.642787609686539,0.));
#5932=DIRECTION('',(0.766044443118978,-0.642787609686539,0.));
#5933=DIRECTION('',(-0.766044443118978,0.642787609686539,0.));
#5934=DIRECTION('center_axis',(0.,0.,1.));
#5935=DIRECTION('ref_axis',(-0.766044443118978,0.642787609686539,0.));
#5936=DIRECTION('center_axis',(0.,0.,1.));
#5937=DIRECTION('ref_axis',(0.766044443118978,-0.642787609686539,0.));
#5938=DIRECTION('center_axis',(0.90630778703665,-0.422618261740699,0.));
#5939=DIRECTION('ref_axis',(0.422618261740699,0.90630778703665,0.));
#5940=DIRECTION('',(-0.422618261740699,-0.90630778703665,0.));
#5941=DIRECTION('',(0.,0.,1.));
#5942=DIRECTION('',(0.422618261740699,0.90630778703665,0.));
#5943=DIRECTION('',(0.,0.,1.));
#5944=DIRECTION('center_axis',(-0.422618261740699,-0.90630778703665,0.));
#5945=DIRECTION('ref_axis',(0.90630778703665,-0.422618261740699,0.));
#5946=DIRECTION('',(-0.90630778703665,0.422618261740699,0.));
#5947=DIRECTION('',(0.90630778703665,-0.422618261740699,0.));
#5948=DIRECTION('',(0.,0.,1.));
#5949=DIRECTION('center_axis',(-0.90630778703665,0.422618261740699,0.));
#5950=DIRECTION('ref_axis',(-0.422618261740699,-0.90630778703665,0.));
#5951=DIRECTION('',(0.422618261740699,0.90630778703665,0.));
#5952=DIRECTION('',(-0.422618261740699,-0.90630778703665,0.));
#5953=DIRECTION('',(0.,0.,1.));
#5954=DIRECTION('center_axis',(0.422618261740699,0.90630778703665,0.));
#5955=DIRECTION('ref_axis',(-0.90630778703665,0.422618261740699,0.));
#5956=DIRECTION('',(0.90630778703665,-0.422618261740699,0.));
#5957=DIRECTION('',(-0.90630778703665,0.422618261740699,0.));
#5958=DIRECTION('center_axis',(0.,0.,1.));
#5959=DIRECTION('ref_axis',(-0.90630778703665,0.422618261740699,0.));
#5960=DIRECTION('center_axis',(0.,0.,1.));
#5961=DIRECTION('ref_axis',(0.90630778703665,-0.422618261740699,0.));
#5962=DIRECTION('center_axis',(0.984807753012208,-0.17364817766693,0.));
#5963=DIRECTION('ref_axis',(0.17364817766693,0.984807753012208,0.));
#5964=DIRECTION('',(-0.17364817766693,-0.984807753012208,0.));
#5965=DIRECTION('',(0.,0.,1.));
#5966=DIRECTION('',(0.17364817766693,0.984807753012208,0.));
#5967=DIRECTION('',(0.,0.,1.));
#5968=DIRECTION('center_axis',(-0.17364817766693,-0.984807753012208,0.));
#5969=DIRECTION('ref_axis',(0.984807753012208,-0.17364817766693,0.));
#5970=DIRECTION('',(-0.984807753012208,0.17364817766693,0.));
#5971=DIRECTION('',(0.984807753012208,-0.17364817766693,0.));
#5972=DIRECTION('',(0.,0.,1.));
#5973=DIRECTION('center_axis',(-0.984807753012208,0.17364817766693,0.));
#5974=DIRECTION('ref_axis',(-0.17364817766693,-0.984807753012208,0.));
#5975=DIRECTION('',(0.17364817766693,0.984807753012208,0.));
#5976=DIRECTION('',(-0.17364817766693,-0.984807753012208,0.));
#5977=DIRECTION('',(0.,0.,1.));
#5978=DIRECTION('center_axis',(0.17364817766693,0.984807753012208,0.));
#5979=DIRECTION('ref_axis',(-0.984807753012208,0.17364817766693,0.));
#5980=DIRECTION('',(0.984807753012208,-0.17364817766693,0.));
#5981=DIRECTION('',(-0.984807753012208,0.17364817766693,0.));
#5982=DIRECTION('center_axis',(0.,0.,1.));
#5983=DIRECTION('ref_axis',(-0.984807753012208,0.17364817766693,0.));
#5984=DIRECTION('center_axis',(0.,0.,1.));
#5985=DIRECTION('ref_axis',(0.984807753012208,-0.17364817766693,0.));
#5986=DIRECTION('center_axis',(0.996194698091746,0.087155742747658,0.));
#5987=DIRECTION('ref_axis',(-0.087155742747658,0.996194698091746,0.));
#5988=DIRECTION('',(0.087155742747658,-0.996194698091746,0.));
#5989=DIRECTION('',(0.,0.,1.));
#5990=DIRECTION('',(-0.087155742747658,0.996194698091746,0.));
#5991=DIRECTION('',(0.,0.,1.));
#5992=DIRECTION('center_axis',(0.087155742747658,-0.996194698091746,0.));
#5993=DIRECTION('ref_axis',(0.996194698091746,0.087155742747658,0.));
#5994=DIRECTION('',(-0.996194698091746,-0.087155742747658,0.));
#5995=DIRECTION('',(0.996194698091746,0.087155742747658,0.));
#5996=DIRECTION('',(0.,0.,1.));
#5997=DIRECTION('center_axis',(-0.996194698091746,-0.087155742747658,0.));
#5998=DIRECTION('ref_axis',(0.087155742747658,-0.996194698091746,0.));
#5999=DIRECTION('',(-0.087155742747658,0.996194698091746,0.));
#6000=DIRECTION('',(0.087155742747658,-0.996194698091746,0.));
#6001=DIRECTION('',(0.,0.,1.));
#6002=DIRECTION('center_axis',(-0.087155742747658,0.996194698091746,0.));
#6003=DIRECTION('ref_axis',(-0.996194698091746,-0.087155742747658,0.));
#6004=DIRECTION('',(0.996194698091746,0.087155742747658,0.));
#6005=DIRECTION('',(-0.996194698091746,-0.087155742747658,0.));
#6006=DIRECTION('center_axis',(0.,0.,1.));
#6007=DIRECTION('ref_axis',(-0.996194698091746,-0.087155742747658,0.));
#6008=DIRECTION('center_axis',(0.,0.,1.));
#6009=DIRECTION('ref_axis',(0.996194698091746,0.087155742747658,0.));
#6010=DIRECTION('center_axis',(0.939692620785908,0.342020143325669,0.));
#6011=DIRECTION('ref_axis',(-0.342020143325669,0.939692620785909,0.));
#6012=DIRECTION('',(0.342020143325669,-0.939692620785909,0.));
#6013=DIRECTION('',(0.,0.,1.));
#6014=DIRECTION('',(-0.342020143325669,0.939692620785909,0.));
#6015=DIRECTION('',(0.,0.,1.));
#6016=DIRECTION('center_axis',(0.342020143325669,-0.939692620785908,0.));
#6017=DIRECTION('ref_axis',(0.939692620785909,0.342020143325669,0.));
#6018=DIRECTION('',(-0.939692620785909,-0.342020143325669,0.));
#6019=DIRECTION('',(0.939692620785909,0.342020143325669,0.));
#6020=DIRECTION('',(0.,0.,1.));
#6021=DIRECTION('center_axis',(-0.939692620785908,-0.342020143325669,0.));
#6022=DIRECTION('ref_axis',(0.342020143325669,-0.939692620785909,0.));
#6023=DIRECTION('',(-0.342020143325669,0.939692620785909,0.));
#6024=DIRECTION('',(0.342020143325669,-0.939692620785909,0.));
#6025=DIRECTION('',(0.,0.,1.));
#6026=DIRECTION('center_axis',(-0.342020143325669,0.939692620785908,0.));
#6027=DIRECTION('ref_axis',(-0.939692620785909,-0.342020143325669,0.));
#6028=DIRECTION('',(0.939692620785909,0.342020143325669,0.));
#6029=DIRECTION('',(-0.939692620785909,-0.342020143325669,0.));
#6030=DIRECTION('center_axis',(0.,0.,1.));
#6031=DIRECTION('ref_axis',(-0.939692620785909,-0.342020143325669,0.));
#6032=DIRECTION('center_axis',(0.,0.,1.));
#6033=DIRECTION('ref_axis',(0.939692620785909,0.342020143325669,0.));
#6034=DIRECTION('center_axis',(0.819152044288992,0.573576436351046,0.));
#6035=DIRECTION('ref_axis',(-0.573576436351046,0.819152044288992,0.));
#6036=DIRECTION('',(0.573576436351046,-0.819152044288992,0.));
#6037=DIRECTION('',(0.,0.,1.));
#6038=DIRECTION('',(-0.573576436351046,0.819152044288992,0.));
#6039=DIRECTION('',(0.,0.,1.));
#6040=DIRECTION('center_axis',(0.573576436351046,-0.819152044288992,0.));
#6041=DIRECTION('ref_axis',(0.819152044288992,0.573576436351046,0.));
#6042=DIRECTION('',(-0.819152044288992,-0.573576436351046,0.));
#6043=DIRECTION('',(0.819152044288992,0.573576436351046,0.));
#6044=DIRECTION('',(0.,0.,1.));
#6045=DIRECTION('center_axis',(-0.819152044288992,-0.573576436351046,0.));
#6046=DIRECTION('ref_axis',(0.573576436351046,-0.819152044288992,0.));
#6047=DIRECTION('',(-0.573576436351046,0.819152044288992,0.));
#6048=DIRECTION('',(0.573576436351046,-0.819152044288992,0.));
#6049=DIRECTION('',(0.,0.,1.));
#6050=DIRECTION('center_axis',(-0.573576436351046,0.819152044288992,0.));
#6051=DIRECTION('ref_axis',(-0.819152044288992,-0.573576436351046,0.));
#6052=DIRECTION('',(0.819152044288992,0.573576436351046,0.));
#6053=DIRECTION('',(-0.819152044288992,-0.573576436351046,0.));
#6054=DIRECTION('center_axis',(0.,0.,1.));
#6055=DIRECTION('ref_axis',(-0.819152044288992,-0.573576436351046,0.));
#6056=DIRECTION('center_axis',(0.,0.,1.));
#6057=DIRECTION('ref_axis',(0.819152044288992,0.573576436351046,0.));
#6058=DIRECTION('center_axis',(0.64278760968654,0.766044443118978,0.));
#6059=DIRECTION('ref_axis',(-0.766044443118978,0.642787609686539,0.));
#6060=DIRECTION('',(0.766044443118978,-0.642787609686539,0.));
#6061=DIRECTION('',(0.,0.,1.));
#6062=DIRECTION('',(-0.766044443118978,0.642787609686539,0.));
#6063=DIRECTION('',(0.,0.,1.));
#6064=DIRECTION('center_axis',(0.766044443118978,-0.64278760968654,0.));
#6065=DIRECTION('ref_axis',(0.642787609686539,0.766044443118978,0.));
#6066=DIRECTION('',(-0.642787609686539,-0.766044443118978,0.));
#6067=DIRECTION('',(0.642787609686539,0.766044443118978,0.));
#6068=DIRECTION('',(0.,0.,1.));
#6069=DIRECTION('center_axis',(-0.64278760968654,-0.766044443118978,0.));
#6070=DIRECTION('ref_axis',(0.766044443118978,-0.642787609686539,0.));
#6071=DIRECTION('',(-0.766044443118978,0.642787609686539,0.));
#6072=DIRECTION('',(0.766044443118978,-0.642787609686539,0.));
#6073=DIRECTION('',(0.,0.,1.));
#6074=DIRECTION('center_axis',(-0.766044443118978,0.64278760968654,0.));
#6075=DIRECTION('ref_axis',(-0.642787609686539,-0.766044443118978,0.));
#6076=DIRECTION('',(0.642787609686539,0.766044443118978,0.));
#6077=DIRECTION('',(-0.642787609686539,-0.766044443118978,0.));
#6078=DIRECTION('center_axis',(0.,0.,1.));
#6079=DIRECTION('ref_axis',(-0.642787609686539,-0.766044443118978,0.));
#6080=DIRECTION('center_axis',(0.,0.,1.));
#6081=DIRECTION('ref_axis',(0.642787609686539,0.766044443118978,0.));
#6082=DIRECTION('center_axis',(0.4226182617407,0.90630778703665,0.));
#6083=DIRECTION('ref_axis',(-0.90630778703665,0.4226182617407,0.));
#6084=DIRECTION('',(0.90630778703665,-0.4226182617407,0.));
#6085=DIRECTION('',(0.,0.,1.));
#6086=DIRECTION('',(-0.90630778703665,0.4226182617407,0.));
#6087=DIRECTION('',(0.,0.,1.));
#6088=DIRECTION('center_axis',(0.90630778703665,-0.4226182617407,0.));
#6089=DIRECTION('ref_axis',(0.4226182617407,0.90630778703665,0.));
#6090=DIRECTION('',(-0.4226182617407,-0.90630778703665,0.));
#6091=DIRECTION('',(0.4226182617407,0.90630778703665,0.));
#6092=DIRECTION('',(0.,0.,1.));
#6093=DIRECTION('center_axis',(-0.4226182617407,-0.90630778703665,0.));
#6094=DIRECTION('ref_axis',(0.90630778703665,-0.4226182617407,0.));
#6095=DIRECTION('',(-0.90630778703665,0.4226182617407,0.));
#6096=DIRECTION('',(0.90630778703665,-0.4226182617407,0.));
#6097=DIRECTION('',(0.,0.,1.));
#6098=DIRECTION('center_axis',(-0.90630778703665,0.4226182617407,0.));
#6099=DIRECTION('ref_axis',(-0.4226182617407,-0.90630778703665,0.));
#6100=DIRECTION('',(0.4226182617407,0.90630778703665,0.));
#6101=DIRECTION('',(-0.4226182617407,-0.90630778703665,0.));
#6102=DIRECTION('center_axis',(0.,0.,1.));
#6103=DIRECTION('ref_axis',(-0.4226182617407,-0.90630778703665,0.));
#6104=DIRECTION('center_axis',(0.,0.,1.));
#6105=DIRECTION('ref_axis',(0.4226182617407,0.90630778703665,0.));
#6106=DIRECTION('center_axis',(-0.0871557427476579,0.996194698091746,0.));
#6107=DIRECTION('ref_axis',(-0.996194698091746,-0.0871557427476579,0.));
#6108=DIRECTION('',(0.996194698091746,0.0871557427476579,0.));
#6109=DIRECTION('',(0.,0.,1.));
#6110=DIRECTION('',(-0.996194698091746,-0.0871557427476579,0.));
#6111=DIRECTION('',(0.,0.,1.));
#6112=DIRECTION('center_axis',(0.996194698091746,0.0871557427476579,0.));
#6113=DIRECTION('ref_axis',(-0.0871557427476579,0.996194698091746,0.));
#6114=DIRECTION('',(0.0871557427476579,-0.996194698091746,0.));
#6115=DIRECTION('',(-0.0871557427476579,0.996194698091746,0.));
#6116=DIRECTION('',(0.,0.,1.));
#6117=DIRECTION('center_axis',(0.0871557427476579,-0.996194698091746,0.));
#6118=DIRECTION('ref_axis',(0.996194698091746,0.0871557427476579,0.));
#6119=DIRECTION('',(-0.996194698091746,-0.0871557427476579,0.));
#6120=DIRECTION('',(0.996194698091746,0.0871557427476579,0.));
#6121=DIRECTION('',(0.,0.,1.));
#6122=DIRECTION('center_axis',(-0.996194698091746,-0.0871557427476579,0.));
#6123=DIRECTION('ref_axis',(0.0871557427476579,-0.996194698091746,0.));
#6124=DIRECTION('',(-0.0871557427476579,0.996194698091746,0.));
#6125=DIRECTION('',(0.0871557427476579,-0.996194698091746,0.));
#6126=DIRECTION('center_axis',(0.,0.,1.));
#6127=DIRECTION('ref_axis',(0.0871557427476579,-0.996194698091746,0.));
#6128=DIRECTION('center_axis',(0.,0.,1.));
#6129=DIRECTION('ref_axis',(-0.0871557427476579,0.996194698091746,0.));
#6130=DIRECTION('center_axis',(-0.342020143325668,0.939692620785909,0.));
#6131=DIRECTION('ref_axis',(-0.939692620785909,-0.342020143325668,0.));
#6132=DIRECTION('',(0.939692620785909,0.342020143325668,0.));
#6133=DIRECTION('',(0.,0.,1.));
#6134=DIRECTION('',(-0.939692620785909,-0.342020143325668,0.));
#6135=DIRECTION('',(0.,0.,1.));
#6136=DIRECTION('center_axis',(0.939692620785909,0.342020143325668,0.));
#6137=DIRECTION('ref_axis',(-0.342020143325668,0.939692620785909,0.));
#6138=DIRECTION('',(0.342020143325668,-0.939692620785909,0.));
#6139=DIRECTION('',(-0.342020143325668,0.939692620785909,0.));
#6140=DIRECTION('',(0.,0.,1.));
#6141=DIRECTION('center_axis',(0.342020143325668,-0.939692620785909,0.));
#6142=DIRECTION('ref_axis',(0.939692620785909,0.342020143325668,0.));
#6143=DIRECTION('',(-0.939692620785909,-0.342020143325668,0.));
#6144=DIRECTION('',(0.939692620785909,0.342020143325668,0.));
#6145=DIRECTION('',(0.,0.,1.));
#6146=DIRECTION('center_axis',(-0.939692620785909,-0.342020143325668,0.));
#6147=DIRECTION('ref_axis',(0.342020143325668,-0.939692620785909,0.));
#6148=DIRECTION('',(-0.342020143325668,0.939692620785909,0.));
#6149=DIRECTION('',(0.342020143325668,-0.939692620785909,0.));
#6150=DIRECTION('center_axis',(0.,0.,1.));
#6151=DIRECTION('ref_axis',(0.342020143325668,-0.939692620785909,0.));
#6152=DIRECTION('center_axis',(0.,0.,1.));
#6153=DIRECTION('ref_axis',(-0.342020143325668,0.939692620785909,0.));
#6154=DIRECTION('center_axis',(-0.573576436351046,0.819152044288992,0.));
#6155=DIRECTION('ref_axis',(-0.819152044288992,-0.573576436351046,0.));
#6156=DIRECTION('',(0.819152044288992,0.573576436351046,0.));
#6157=DIRECTION('',(0.,0.,1.));
#6158=DIRECTION('',(-0.819152044288992,-0.573576436351046,0.));
#6159=DIRECTION('',(0.,0.,1.));
#6160=DIRECTION('center_axis',(0.819152044288992,0.573576436351046,0.));
#6161=DIRECTION('ref_axis',(-0.573576436351046,0.819152044288992,0.));
#6162=DIRECTION('',(0.573576436351046,-0.819152044288992,0.));
#6163=DIRECTION('',(-0.573576436351046,0.819152044288992,0.));
#6164=DIRECTION('',(0.,0.,1.));
#6165=DIRECTION('center_axis',(0.573576436351046,-0.819152044288992,0.));
#6166=DIRECTION('ref_axis',(0.819152044288992,0.573576436351046,0.));
#6167=DIRECTION('',(-0.819152044288992,-0.573576436351046,0.));
#6168=DIRECTION('',(0.819152044288992,0.573576436351046,0.));
#6169=DIRECTION('',(0.,0.,1.));
#6170=DIRECTION('center_axis',(-0.819152044288992,-0.573576436351046,0.));
#6171=DIRECTION('ref_axis',(0.573576436351046,-0.819152044288992,0.));
#6172=DIRECTION('',(-0.573576436351046,0.819152044288992,0.));
#6173=DIRECTION('',(0.573576436351046,-0.819152044288992,0.));
#6174=DIRECTION('center_axis',(0.,0.,1.));
#6175=DIRECTION('ref_axis',(0.573576436351046,-0.819152044288992,0.));
#6176=DIRECTION('center_axis',(0.,0.,1.));
#6177=DIRECTION('ref_axis',(-0.573576436351046,0.819152044288992,0.));
#6178=DIRECTION('center_axis',(-0.766044443118978,0.64278760968654,0.));
#6179=DIRECTION('ref_axis',(-0.64278760968654,-0.766044443118978,0.));
#6180=DIRECTION('',(0.64278760968654,0.766044443118978,0.));
#6181=DIRECTION('',(0.,0.,1.));
#6182=DIRECTION('',(-0.64278760968654,-0.766044443118978,0.));
#6183=DIRECTION('',(0.,0.,1.));
#6184=DIRECTION('center_axis',(0.64278760968654,0.766044443118978,0.));
#6185=DIRECTION('ref_axis',(-0.766044443118978,0.64278760968654,0.));
#6186=DIRECTION('',(0.766044443118978,-0.64278760968654,0.));
#6187=DIRECTION('',(-0.766044443118978,0.64278760968654,0.));
#6188=DIRECTION('',(0.,0.,1.));
#6189=DIRECTION('center_axis',(0.766044443118978,-0.64278760968654,0.));
#6190=DIRECTION('ref_axis',(0.64278760968654,0.766044443118978,0.));
#6191=DIRECTION('',(-0.64278760968654,-0.766044443118978,0.));
#6192=DIRECTION('',(0.64278760968654,0.766044443118978,0.));
#6193=DIRECTION('',(0.,0.,1.));
#6194=DIRECTION('center_axis',(-0.64278760968654,-0.766044443118978,0.));
#6195=DIRECTION('ref_axis',(0.766044443118978,-0.64278760968654,0.));
#6196=DIRECTION('',(-0.766044443118978,0.64278760968654,0.));
#6197=DIRECTION('',(0.766044443118978,-0.64278760968654,0.));
#6198=DIRECTION('center_axis',(0.,0.,1.));
#6199=DIRECTION('ref_axis',(0.766044443118978,-0.64278760968654,0.));
#6200=DIRECTION('center_axis',(0.,0.,1.));
#6201=DIRECTION('ref_axis',(-0.766044443118978,0.64278760968654,0.));
#6202=DIRECTION('center_axis',(-0.90630778703665,0.4226182617407,0.));
#6203=DIRECTION('ref_axis',(-0.4226182617407,-0.90630778703665,0.));
#6204=DIRECTION('',(0.4226182617407,0.90630778703665,0.));
#6205=DIRECTION('',(0.,0.,1.));
#6206=DIRECTION('',(-0.4226182617407,-0.90630778703665,0.));
#6207=DIRECTION('',(0.,0.,1.));
#6208=DIRECTION('center_axis',(0.4226182617407,0.90630778703665,0.));
#6209=DIRECTION('ref_axis',(-0.90630778703665,0.4226182617407,0.));
#6210=DIRECTION('',(0.90630778703665,-0.4226182617407,0.));
#6211=DIRECTION('',(-0.90630778703665,0.4226182617407,0.));
#6212=DIRECTION('',(0.,0.,1.));
#6213=DIRECTION('center_axis',(0.90630778703665,-0.4226182617407,0.));
#6214=DIRECTION('ref_axis',(0.4226182617407,0.90630778703665,0.));
#6215=DIRECTION('',(-0.4226182617407,-0.90630778703665,0.));
#6216=DIRECTION('',(0.4226182617407,0.90630778703665,0.));
#6217=DIRECTION('',(0.,0.,1.));
#6218=DIRECTION('center_axis',(-0.4226182617407,-0.90630778703665,0.));
#6219=DIRECTION('ref_axis',(0.90630778703665,-0.4226182617407,0.));
#6220=DIRECTION('',(-0.90630778703665,0.4226182617407,0.));
#6221=DIRECTION('',(0.90630778703665,-0.4226182617407,0.));
#6222=DIRECTION('center_axis',(0.,0.,1.));
#6223=DIRECTION('ref_axis',(0.90630778703665,-0.4226182617407,0.));
#6224=DIRECTION('center_axis',(0.,0.,1.));
#6225=DIRECTION('ref_axis',(-0.90630778703665,0.4226182617407,0.));
#6226=DIRECTION('center_axis',(-1.,0.,0.));
#6227=DIRECTION('ref_axis',(0.,1.,0.));
#6228=DIRECTION('',(0.,-1.,0.));
#6229=DIRECTION('',(0.,0.,-1.));
#6230=DIRECTION('',(0.,1.,0.));
#6231=DIRECTION('',(0.,0.,-1.));
#6232=DIRECTION('center_axis',(0.,-1.,0.));
#6233=DIRECTION('ref_axis',(-1.,0.,0.));
#6234=DIRECTION('',(1.,0.,0.));
#6235=DIRECTION('',(-1.,0.,0.));
#6236=DIRECTION('',(0.,0.,-1.));
#6237=DIRECTION('center_axis',(1.,0.,0.));
#6238=DIRECTION('ref_axis',(0.,-1.,0.));
#6239=DIRECTION('',(0.,1.,0.));
#6240=DIRECTION('',(0.,-1.,0.));
#6241=DIRECTION('',(0.,0.,-1.));
#6242=DIRECTION('center_axis',(0.,1.,0.));
#6243=DIRECTION('ref_axis',(1.,0.,0.));
#6244=DIRECTION('',(-1.,0.,0.));
#6245=DIRECTION('',(1.,0.,0.));
#6246=DIRECTION('center_axis',(0.,0.,-1.));
#6247=DIRECTION('ref_axis',(-1.,0.,0.));
#6248=DIRECTION('center_axis',(0.,0.,-1.));
#6249=DIRECTION('ref_axis',(1.,0.,0.));
#6250=DIRECTION('center_axis',(-1.,0.,0.));
#6251=DIRECTION('ref_axis',(0.,1.,0.));
#6252=DIRECTION('',(0.,-1.,0.));
#6253=DIRECTION('',(0.,0.,-1.));
#6254=DIRECTION('',(0.,1.,0.));
#6255=DIRECTION('',(0.,0.,-1.));
#6256=DIRECTION('center_axis',(0.,-1.,0.));
#6257=DIRECTION('ref_axis',(-1.,0.,0.));
#6258=DIRECTION('',(1.,0.,0.));
#6259=DIRECTION('',(-1.,0.,0.));
#6260=DIRECTION('',(0.,0.,-1.));
#6261=DIRECTION('center_axis',(1.,0.,0.));
#6262=DIRECTION('ref_axis',(0.,-1.,0.));
#6263=DIRECTION('',(0.,1.,0.));
#6264=DIRECTION('',(0.,-1.,0.));
#6265=DIRECTION('',(0.,0.,-1.));
#6266=DIRECTION('center_axis',(0.,1.,0.));
#6267=DIRECTION('ref_axis',(1.,0.,0.));
#6268=DIRECTION('',(-1.,0.,0.));
#6269=DIRECTION('',(1.,0.,0.));
#6270=DIRECTION('center_axis',(0.,0.,-1.));
#6271=DIRECTION('ref_axis',(-1.,0.,0.));
#6272=DIRECTION('center_axis',(0.,0.,-1.));
#6273=DIRECTION('ref_axis',(1.,0.,0.));
#6274=DIRECTION('center_axis',(-1.,0.,0.));
#6275=DIRECTION('ref_axis',(0.,1.,0.));
#6276=DIRECTION('',(0.,-1.,0.));
#6277=DIRECTION('',(0.,0.,-1.));
#6278=DIRECTION('',(0.,1.,0.));
#6279=DIRECTION('',(0.,0.,-1.));
#6280=DIRECTION('center_axis',(0.,-1.,0.));
#6281=DIRECTION('ref_axis',(-1.,0.,0.));
#6282=DIRECTION('',(1.,0.,0.));
#6283=DIRECTION('',(-1.,0.,0.));
#6284=DIRECTION('',(0.,0.,-1.));
#6285=DIRECTION('center_axis',(1.,0.,0.));
#6286=DIRECTION('ref_axis',(0.,-1.,0.));
#6287=DIRECTION('',(0.,1.,0.));
#6288=DIRECTION('',(0.,-1.,0.));
#6289=DIRECTION('',(0.,0.,-1.));
#6290=DIRECTION('center_axis',(0.,1.,0.));
#6291=DIRECTION('ref_axis',(1.,0.,0.));
#6292=DIRECTION('',(-1.,0.,0.));
#6293=DIRECTION('',(1.,0.,0.));
#6294=DIRECTION('center_axis',(0.,0.,-1.));
#6295=DIRECTION('ref_axis',(-1.,0.,0.));
#6296=DIRECTION('center_axis',(0.,0.,-1.));
#6297=DIRECTION('ref_axis',(1.,0.,0.));
#6298=CARTESIAN_POINT('',(0.,0.,0.));
#6299=CARTESIAN_POINT('Origin',(-31.7594610758183,4.19217802932231,1.5));
#6300=CARTESIAN_POINT('',(-31.2594610758183,4.19217802932231,1.5));
#6301=CARTESIAN_POINT('Origin',(-31.7594610758183,4.19217802932231,1.5));
#6302=CARTESIAN_POINT('',(-31.2594610758183,4.19217802932231,0.));
#6303=CARTESIAN_POINT('',(-31.2594610758183,4.19217802932231,1.5));
#6304=CARTESIAN_POINT('Origin',(-31.7594610758183,4.19217802932231,0.));
#6305=CARTESIAN_POINT('Origin',(31.7339585519867,-4.21301442812466,1.5));
#6306=CARTESIAN_POINT('',(32.2339585519867,-4.21301442812466,1.5));
#6307=CARTESIAN_POINT('Origin',(31.7339585519867,-4.21301442812466,1.5));
#6308=CARTESIAN_POINT('',(32.2339585519867,-4.21301442812466,0.));
#6309=CARTESIAN_POINT('',(32.2339585519867,-4.21301442812466,1.5));
#6310=CARTESIAN_POINT('Origin',(31.7339585519867,-4.21301442812466,0.));
#6311=CARTESIAN_POINT('Origin',(0.,0.,0.));
#6312=CARTESIAN_POINT('',(-27.,-3.30654635769785E-15,1.5));
#6313=CARTESIAN_POINT('Origin',(0.,0.,1.5));
#6314=CARTESIAN_POINT('',(-27.,-3.30654635769785E-15,0.));
#6315=CARTESIAN_POINT('',(-27.,-3.30654635769785E-15,0.));
#6316=CARTESIAN_POINT('Origin',(0.,0.,0.));
#6317=CARTESIAN_POINT('Origin',(0.,0.,0.));
#6318=CARTESIAN_POINT('',(-33.,-4.04133443718627E-15,1.5));
#6319=CARTESIAN_POINT('Origin',(0.,0.,1.5));
#6320=CARTESIAN_POINT('',(-33.,-4.04133443718627E-15,0.));
#6321=CARTESIAN_POINT('',(-33.,-4.04133443718627E-15,0.));
#6322=CARTESIAN_POINT('Origin',(0.,0.,0.));
#6323=CARTESIAN_POINT('Origin',(0.,0.,1.5));
#6324=CARTESIAN_POINT('Origin',(0.,0.,0.));
#6325=CARTESIAN_POINT('Origin',(-2.5,32.5000000745058,1.5));
#6326=CARTESIAN_POINT('',(-2.5,27.5,1.5));
#6327=CARTESIAN_POINT('',(-2.5,32.5000000745058,1.5));
#6328=CARTESIAN_POINT('',(-2.5,27.5,1.5));
#6329=CARTESIAN_POINT('',(-2.5,27.5,3.3));
#6330=CARTESIAN_POINT('',(-2.5,27.5,1.5));
#6331=CARTESIAN_POINT('',(-2.5,32.5000000745058,3.3));
#6332=CARTESIAN_POINT('',(-2.5,27.5,3.3));
#6333=CARTESIAN_POINT('',(-2.5,32.5000000745058,1.5));
#6334=CARTESIAN_POINT('Origin',(2.50000007450581,32.5000000745058,1.5));
#6335=CARTESIAN_POINT('',(2.50000007450581,32.5000000745058,1.5));
#6336=CARTESIAN_POINT('',(-2.5,32.5000000745058,1.5));
#6337=CARTESIAN_POINT('',(2.50000007450581,32.5000000745058,3.3));
#6338=CARTESIAN_POINT('',(-2.5,32.5000000745058,3.3));
#6339=CARTESIAN_POINT('',(2.50000007450581,32.5000000745058,1.5));
#6340=CARTESIAN_POINT('Origin',(2.50000007450581,27.5,1.5));
#6341=CARTESIAN_POINT('',(2.50000007450581,27.5,1.5));
#6342=CARTESIAN_POINT('',(2.50000007450581,32.5000000745058,1.5));
#6343=CARTESIAN_POINT('',(2.50000007450581,27.5,3.3));
#6344=CARTESIAN_POINT('',(2.50000007450581,32.5000000745058,3.3));
#6345=CARTESIAN_POINT('',(2.50000007450581,27.5,1.5));
#6346=CARTESIAN_POINT('Origin',(-2.5,27.5,1.5));
#6347=CARTESIAN_POINT('',(2.50000007450581,27.5,1.5));
#6348=CARTESIAN_POINT('',(2.50000007450581,27.5,3.3));
#6349=CARTESIAN_POINT('Origin',(3.72529029846191E-8,30.0000000372529,3.3));
#6350=CARTESIAN_POINT('Origin',(3.72529029846191E-8,30.0000000372529,1.5));
#6351=CARTESIAN_POINT('Origin',(-10.8264335508381,30.7455418136055,1.5));
#6352=CARTESIAN_POINT('',(-9.53233830604199,25.9159126101931,1.5));
#6353=CARTESIAN_POINT('',(-10.8264335508381,30.7455418136055,1.5));
#6354=CARTESIAN_POINT('',(-9.53233830604199,25.9159126101931,1.5));
#6355=CARTESIAN_POINT('',(-9.53233830604199,25.9159126101931,3.3));
#6356=CARTESIAN_POINT('',(-9.53233830604199,25.9159126101931,1.5));
#6357=CARTESIAN_POINT('',(-10.8264335508381,30.7455418136055,3.3));
#6358=CARTESIAN_POINT('',(-9.53233830604199,25.9159126101931,3.3));
#6359=CARTESIAN_POINT('',(-10.8264335508381,30.7455418136055,1.5));
#6360=CARTESIAN_POINT('Origin',(-5.99680434742569,32.0396370584016,1.5));
#6361=CARTESIAN_POINT('',(-5.99680434742569,32.0396370584016,1.5));
#6362=CARTESIAN_POINT('',(-10.8264335508381,30.7455418136055,1.5));
#6363=CARTESIAN_POINT('',(-5.99680434742569,32.0396370584016,3.3));
#6364=CARTESIAN_POINT('',(-10.8264335508381,30.7455418136055,3.3));
#6365=CARTESIAN_POINT('',(-5.99680434742569,32.0396370584016,1.5));
#6366=CARTESIAN_POINT('Origin',(-4.70270910262957,27.2100078549892,1.5));
#6367=CARTESIAN_POINT('',(-4.70270910262957,27.2100078549892,1.5));
#6368=CARTESIAN_POINT('',(-5.99680434742569,32.0396370584016,1.5));
#6369=CARTESIAN_POINT('',(-4.70270910262957,27.2100078549892,3.3));
#6370=CARTESIAN_POINT('',(-5.99680434742569,32.0396370584016,3.3));
#6371=CARTESIAN_POINT('',(-4.70270910262957,27.2100078549892,1.5));
#6372=CARTESIAN_POINT('Origin',(-9.53233830604199,25.9159126101931,1.5));
#6373=CARTESIAN_POINT('',(-4.70270910262957,27.2100078549892,1.5));
#6374=CARTESIAN_POINT('',(-4.70270910262957,27.2100078549892,3.3));
#6375=CARTESIAN_POINT('Origin',(-7.76457132673384,28.9777748342974,3.3));
#6376=CARTESIAN_POINT('Origin',(-7.76457132673384,28.9777748342974,1.5));
#6377=CARTESIAN_POINT('Origin',(-18.415063546714,26.8958256875182,1.5));
#6378=CARTESIAN_POINT('',(-15.9150635094611,22.5656986040721,1.5));
#6379=CARTESIAN_POINT('',(-18.415063546714,26.8958256875182,1.5));
#6380=CARTESIAN_POINT('',(-15.9150635094611,22.5656986040721,1.5));
#6381=CARTESIAN_POINT('',(-15.9150635094611,22.5656986040721,3.3));
#6382=CARTESIAN_POINT('',(-15.9150635094611,22.5656986040721,1.5));
#6383=CARTESIAN_POINT('',(-18.415063546714,26.8958256875182,3.3));
#6384=CARTESIAN_POINT('',(-15.9150635094611,22.5656986040721,3.3));
#6385=CARTESIAN_POINT('',(-18.415063546714,26.8958256875182,1.5));
#6386=CARTESIAN_POINT('Origin',(-14.0849364632679,29.3958257247711,1.5));
#6387=CARTESIAN_POINT('',(-14.0849364632679,29.3958257247711,1.5));
#6388=CARTESIAN_POINT('',(-18.415063546714,26.8958256875182,1.5));
#6389=CARTESIAN_POINT('',(-14.0849364632679,29.3958257247711,3.3));
#6390=CARTESIAN_POINT('',(-18.415063546714,26.8958256875182,3.3));
#6391=CARTESIAN_POINT('',(-14.0849364632679,29.3958257247711,1.5));
#6392=CARTESIAN_POINT('Origin',(-11.584936426015,25.065698641325,1.5));
#6393=CARTESIAN_POINT('',(-11.584936426015,25.065698641325,1.5));
#6394=CARTESIAN_POINT('',(-14.0849364632679,29.3958257247711,1.5));
#6395=CARTESIAN_POINT('',(-11.584936426015,25.065698641325,3.3));
#6396=CARTESIAN_POINT('',(-14.0849364632679,29.3958257247711,3.3));
#6397=CARTESIAN_POINT('',(-11.584936426015,25.065698641325,1.5));
#6398=CARTESIAN_POINT('Origin',(-15.9150635094611,22.5656986040721,1.5));
#6399=CARTESIAN_POINT('',(-11.584936426015,25.065698641325,1.5));
#6400=CARTESIAN_POINT('',(-11.584936426015,25.065698641325,3.3));
#6401=CARTESIAN_POINT('Origin',(-14.9999999863645,25.9807621644216,3.3));
#6402=CARTESIAN_POINT('Origin',(-14.9999999863645,25.9807621644216,1.5));
#6403=CARTESIAN_POINT('Origin',(-24.7487373942127,21.21320348828,1.5));
#6404=CARTESIAN_POINT('',(-21.2132034355964,17.6776695296637,1.5));
#6405=CARTESIAN_POINT('',(-24.7487373942127,21.21320348828,1.5));
#6406=CARTESIAN_POINT('',(-21.2132034355964,17.6776695296637,1.5));
#6407=CARTESIAN_POINT('',(-21.2132034355964,17.6776695296637,3.3));
#6408=CARTESIAN_POINT('',(-21.2132034355964,17.6776695296637,1.5));
#6409=CARTESIAN_POINT('',(-24.7487373942127,21.21320348828,3.3));
#6410=CARTESIAN_POINT('',(-21.2132034355964,17.6776695296637,3.3));
#6411=CARTESIAN_POINT('',(-24.7487373942127,21.21320348828,1.5));
#6412=CARTESIAN_POINT('Origin',(-21.2132034355964,24.7487374468963,1.5));
#6413=CARTESIAN_POINT('',(-21.2132034355964,24.7487374468963,1.5));
#6414=CARTESIAN_POINT('',(-24.7487373942127,21.21320348828,1.5));
#6415=CARTESIAN_POINT('',(-21.2132034355964,24.7487374468963,3.3));
#6416=CARTESIAN_POINT('',(-24.7487373942127,21.21320348828,3.3));
#6417=CARTESIAN_POINT('',(-21.2132034355964,24.7487374468963,1.5));
#6418=CARTESIAN_POINT('Origin',(-17.6776694769801,21.21320348828,1.5));
#6419=CARTESIAN_POINT('',(-17.6776694769801,21.21320348828,1.5));
#6420=CARTESIAN_POINT('',(-21.2132034355964,24.7487374468963,1.5));
#6421=CARTESIAN_POINT('',(-17.6776694769801,21.21320348828,3.3));
#6422=CARTESIAN_POINT('',(-21.2132034355964,24.7487374468963,3.3));
#6423=CARTESIAN_POINT('',(-17.6776694769801,21.21320348828,1.5));
#6424=CARTESIAN_POINT('Origin',(-21.2132034355964,17.6776695296637,1.5));
#6425=CARTESIAN_POINT('',(-17.6776694769801,21.21320348828,1.5));
#6426=CARTESIAN_POINT('',(-17.6776694769801,21.21320348828,3.3));
#6427=CARTESIAN_POINT('Origin',(-21.2132034355964,21.21320348828,3.3));
#6428=CARTESIAN_POINT('Origin',(-21.2132034355964,21.21320348828,1.5));
#6429=CARTESIAN_POINT('Origin',(-29.3958256875182,14.0849365277918,1.5));
#6430=CARTESIAN_POINT('',(-25.0656986040721,11.5849364905389,1.5));
#6431=CARTESIAN_POINT('',(-29.3958256875182,14.0849365277918,1.5));
#6432=CARTESIAN_POINT('',(-25.0656986040721,11.5849364905389,1.5));
#6433=CARTESIAN_POINT('',(-25.0656986040721,11.5849364905389,3.3));
#6434=CARTESIAN_POINT('',(-25.0656986040721,11.5849364905389,1.5));
#6435=CARTESIAN_POINT('',(-29.3958256875182,14.0849365277918,3.3));
#6436=CARTESIAN_POINT('',(-25.0656986040721,11.5849364905389,3.3));
#6437=CARTESIAN_POINT('',(-29.3958256875182,14.0849365277918,1.5));
#6438=CARTESIAN_POINT('Origin',(-26.8958256502653,18.4150636112379,1.5));
#6439=CARTESIAN_POINT('',(-26.8958256502653,18.4150636112379,1.5));
#6440=CARTESIAN_POINT('',(-29.3958256875182,14.0849365277918,1.5));
#6441=CARTESIAN_POINT('',(-26.8958256502653,18.4150636112379,3.3));
#6442=CARTESIAN_POINT('',(-29.3958256875182,14.0849365277918,3.3));
#6443=CARTESIAN_POINT('',(-26.8958256502653,18.4150636112379,1.5));
#6444=CARTESIAN_POINT('Origin',(-22.5656985668192,15.915063573985,1.5));
#6445=CARTESIAN_POINT('',(-22.5656985668192,15.915063573985,1.5));
#6446=CARTESIAN_POINT('',(-26.8958256502653,18.4150636112379,1.5));
#6447=CARTESIAN_POINT('',(-22.5656985668192,15.915063573985,3.3));
#6448=CARTESIAN_POINT('',(-26.8958256502653,18.4150636112379,3.3));
#6449=CARTESIAN_POINT('',(-22.5656985668192,15.915063573985,1.5));
#6450=CARTESIAN_POINT('Origin',(-25.0656986040721,11.5849364905389,1.5));
#6451=CARTESIAN_POINT('',(-22.5656985668192,15.915063573985,1.5));
#6452=CARTESIAN_POINT('',(-22.5656985668192,15.915063573985,3.3));
#6453=CARTESIAN_POINT('Origin',(-25.9807621271687,15.0000000508884,3.3));
#6454=CARTESIAN_POINT('Origin',(-25.9807621271687,15.0000000508884,1.5));
#6455=CARTESIAN_POINT('Origin',(-32.0396370391181,5.99680441939278,1.5));
#6456=CARTESIAN_POINT('',(-27.2100078357057,4.70270917459666,1.5));
#6457=CARTESIAN_POINT('',(-32.0396370391181,5.99680441939278,1.5));
#6458=CARTESIAN_POINT('',(-27.2100078357057,4.70270917459666,1.5));
#6459=CARTESIAN_POINT('',(-27.2100078357057,4.70270917459666,3.3));
#6460=CARTESIAN_POINT('',(-27.2100078357057,4.70270917459666,1.5));
#6461=CARTESIAN_POINT('',(-32.0396370391181,5.99680441939278,3.3));
#6462=CARTESIAN_POINT('',(-27.2100078357057,4.70270917459666,3.3));
#6463=CARTESIAN_POINT('',(-32.0396370391181,5.99680441939278,1.5));
#6464=CARTESIAN_POINT('Origin',(-30.745541794322,10.8264336228052,1.5));
#6465=CARTESIAN_POINT('',(-30.745541794322,10.8264336228052,1.5));
#6466=CARTESIAN_POINT('',(-32.0396370391181,5.99680441939278,1.5));
#6467=CARTESIAN_POINT('',(-30.745541794322,10.8264336228052,3.3));
#6468=CARTESIAN_POINT('',(-32.0396370391181,5.99680441939278,3.3));
#6469=CARTESIAN_POINT('',(-30.745541794322,10.8264336228052,1.5));
#6470=CARTESIAN_POINT('Origin',(-25.9159125909095,9.53233837800908,1.5));
#6471=CARTESIAN_POINT('',(-25.9159125909095,9.53233837800908,1.5));
#6472=CARTESIAN_POINT('',(-30.745541794322,10.8264336228052,1.5));
#6473=CARTESIAN_POINT('',(-25.9159125909095,9.53233837800908,3.3));
#6474=CARTESIAN_POINT('',(-30.745541794322,10.8264336228052,3.3));
#6475=CARTESIAN_POINT('',(-25.9159125909095,9.53233837800908,1.5));
#6476=CARTESIAN_POINT('Origin',(-27.2100078357057,4.70270917459666,1.5));
#6477=CARTESIAN_POINT('',(-25.9159125909095,9.53233837800908,1.5));
#6478=CARTESIAN_POINT('',(-25.9159125909095,9.53233837800908,3.3));
#6479=CARTESIAN_POINT('Origin',(-28.9777748150138,7.76457139870093,3.3));
#6480=CARTESIAN_POINT('Origin',(-28.9777748150138,7.76457139870093,1.5));
#6481=CARTESIAN_POINT('Origin',(-32.5000000745058,-2.5,1.5));
#6482=CARTESIAN_POINT('',(-27.5,-2.5,1.5));
#6483=CARTESIAN_POINT('',(-32.5000000745058,-2.5,1.5));
#6484=CARTESIAN_POINT('',(-27.5,-2.5,1.5));
#6485=CARTESIAN_POINT('',(-27.5,-2.5,3.3));
#6486=CARTESIAN_POINT('',(-27.5,-2.5,1.5));
#6487=CARTESIAN_POINT('',(-32.5000000745058,-2.5,3.3));
#6488=CARTESIAN_POINT('',(-27.5,-2.5,3.3));
#6489=CARTESIAN_POINT('',(-32.5000000745058,-2.5,1.5));
#6490=CARTESIAN_POINT('Origin',(-32.5000000745058,2.50000007450581,1.5));
#6491=CARTESIAN_POINT('',(-32.5000000745058,2.50000007450581,1.5));
#6492=CARTESIAN_POINT('',(-32.5000000745058,-2.5,1.5));
#6493=CARTESIAN_POINT('',(-32.5000000745058,2.50000007450581,3.3));
#6494=CARTESIAN_POINT('',(-32.5000000745058,-2.5,3.3));
#6495=CARTESIAN_POINT('',(-32.5000000745058,2.50000007450581,1.5));
#6496=CARTESIAN_POINT('Origin',(-27.5,2.50000007450581,1.5));
#6497=CARTESIAN_POINT('',(-27.5,2.50000007450581,1.5));
#6498=CARTESIAN_POINT('',(-32.5000000745058,2.50000007450581,1.5));
#6499=CARTESIAN_POINT('',(-27.5,2.50000007450581,3.3));
#6500=CARTESIAN_POINT('',(-32.5000000745058,2.50000007450581,3.3));
#6501=CARTESIAN_POINT('',(-27.5,2.50000007450581,1.5));
#6502=CARTESIAN_POINT('Origin',(-27.5,-2.5,1.5));
#6503=CARTESIAN_POINT('',(-27.5,2.50000007450581,1.5));
#6504=CARTESIAN_POINT('',(-27.5,2.50000007450581,3.3));
#6505=CARTESIAN_POINT('Origin',(-30.0000000372529,3.72529048215893E-8,3.3));
#6506=CARTESIAN_POINT('Origin',(-30.0000000372529,3.72529048215893E-8,1.5));
#6507=CARTESIAN_POINT('Origin',(-30.7455418136055,-10.8264335508381,1.5));
#6508=CARTESIAN_POINT('',(-25.9159126101931,-9.53233830604199,1.5));
#6509=CARTESIAN_POINT('',(-30.7455418136055,-10.8264335508381,1.5));
#6510=CARTESIAN_POINT('',(-25.9159126101931,-9.53233830604199,1.5));
#6511=CARTESIAN_POINT('',(-25.9159126101931,-9.53233830604199,3.3));
#6512=CARTESIAN_POINT('',(-25.9159126101931,-9.53233830604199,1.5));
#6513=CARTESIAN_POINT('',(-30.7455418136055,-10.8264335508381,3.3));
#6514=CARTESIAN_POINT('',(-25.9159126101931,-9.53233830604199,3.3));
#6515=CARTESIAN_POINT('',(-30.7455418136055,-10.8264335508381,1.5));
#6516=CARTESIAN_POINT('Origin',(-32.0396370584016,-5.99680434742569,1.5));
#6517=CARTESIAN_POINT('',(-32.0396370584016,-5.99680434742569,1.5));
#6518=CARTESIAN_POINT('',(-30.7455418136055,-10.8264335508381,1.5));
#6519=CARTESIAN_POINT('',(-32.0396370584016,-5.99680434742569,3.3));
#6520=CARTESIAN_POINT('',(-30.7455418136055,-10.8264335508381,3.3));
#6521=CARTESIAN_POINT('',(-32.0396370584016,-5.99680434742569,1.5));
#6522=CARTESIAN_POINT('Origin',(-27.2100078549892,-4.70270910262956,1.5));
#6523=CARTESIAN_POINT('',(-27.2100078549892,-4.70270910262956,1.5));
#6524=CARTESIAN_POINT('',(-32.0396370584016,-5.99680434742569,1.5));
#6525=CARTESIAN_POINT('',(-27.2100078549892,-4.70270910262956,3.3));
#6526=CARTESIAN_POINT('',(-32.0396370584016,-5.99680434742569,3.3));
#6527=CARTESIAN_POINT('',(-27.2100078549892,-4.70270910262956,1.5));
#6528=CARTESIAN_POINT('Origin',(-25.9159126101931,-9.53233830604199,1.5));
#6529=CARTESIAN_POINT('',(-27.2100078549892,-4.70270910262956,1.5));
#6530=CARTESIAN_POINT('',(-27.2100078549892,-4.70270910262956,3.3));
#6531=CARTESIAN_POINT('Origin',(-28.9777748342974,-7.76457132673384,3.3));
#6532=CARTESIAN_POINT('Origin',(-28.9777748342974,-7.76457132673384,1.5));
#6533=CARTESIAN_POINT('Origin',(-26.8958256875182,-18.415063546714,1.5));
#6534=CARTESIAN_POINT('',(-22.5656986040721,-15.9150635094611,1.5));
#6535=CARTESIAN_POINT('',(-26.8958256875182,-18.415063546714,1.5));
#6536=CARTESIAN_POINT('',(-22.5656986040721,-15.9150635094611,1.5));
#6537=CARTESIAN_POINT('',(-22.5656986040721,-15.9150635094611,3.3));
#6538=CARTESIAN_POINT('',(-22.5656986040721,-15.9150635094611,1.5));
#6539=CARTESIAN_POINT('',(-26.8958256875182,-18.415063546714,3.3));
#6540=CARTESIAN_POINT('',(-22.5656986040721,-15.9150635094611,3.3));
#6541=CARTESIAN_POINT('',(-26.8958256875182,-18.415063546714,1.5));
#6542=CARTESIAN_POINT('Origin',(-29.3958257247711,-14.0849364632679,1.5));
#6543=CARTESIAN_POINT('',(-29.3958257247711,-14.0849364632679,1.5));
#6544=CARTESIAN_POINT('',(-26.8958256875182,-18.415063546714,1.5));
#6545=CARTESIAN_POINT('',(-29.3958257247711,-14.0849364632679,3.3));
#6546=CARTESIAN_POINT('',(-26.8958256875182,-18.415063546714,3.3));
#6547=CARTESIAN_POINT('',(-29.3958257247711,-14.0849364632679,1.5));
#6548=CARTESIAN_POINT('Origin',(-25.065698641325,-11.584936426015,1.5));
#6549=CARTESIAN_POINT('',(-25.065698641325,-11.584936426015,1.5));
#6550=CARTESIAN_POINT('',(-29.3958257247711,-14.0849364632679,1.5));
#6551=CARTESIAN_POINT('',(-25.065698641325,-11.584936426015,3.3));
#6552=CARTESIAN_POINT('',(-29.3958257247711,-14.0849364632679,3.3));
#6553=CARTESIAN_POINT('',(-25.065698641325,-11.584936426015,1.5));
#6554=CARTESIAN_POINT('Origin',(-22.5656986040721,-15.9150635094611,1.5));
#6555=CARTESIAN_POINT('',(-25.065698641325,-11.584936426015,1.5));
#6556=CARTESIAN_POINT('',(-25.065698641325,-11.584936426015,3.3));
#6557=CARTESIAN_POINT('Origin',(-25.9807621644216,-14.9999999863645,3.3));
#6558=CARTESIAN_POINT('Origin',(-25.9807621644216,-14.9999999863645,1.5));
#6559=CARTESIAN_POINT('Origin',(-21.21320348828,-24.7487373942127,1.5));
#6560=CARTESIAN_POINT('',(-17.6776695296637,-21.2132034355964,1.5));
#6561=CARTESIAN_POINT('',(-21.21320348828,-24.7487373942127,1.5));
#6562=CARTESIAN_POINT('',(-17.6776695296637,-21.2132034355964,1.5));
#6563=CARTESIAN_POINT('',(-17.6776695296637,-21.2132034355964,3.3));
#6564=CARTESIAN_POINT('',(-17.6776695296637,-21.2132034355964,1.5));
#6565=CARTESIAN_POINT('',(-21.21320348828,-24.7487373942127,3.3));
#6566=CARTESIAN_POINT('',(-17.6776695296637,-21.2132034355964,3.3));
#6567=CARTESIAN_POINT('',(-21.21320348828,-24.7487373942127,1.5));
#6568=CARTESIAN_POINT('Origin',(-24.7487374468963,-21.2132034355964,1.5));
#6569=CARTESIAN_POINT('',(-24.7487374468963,-21.2132034355964,1.5));
#6570=CARTESIAN_POINT('',(-21.21320348828,-24.7487373942127,1.5));
#6571=CARTESIAN_POINT('',(-24.7487374468963,-21.2132034355964,3.3));
#6572=CARTESIAN_POINT('',(-21.21320348828,-24.7487373942127,3.3));
#6573=CARTESIAN_POINT('',(-24.7487374468963,-21.2132034355964,1.5));
#6574=CARTESIAN_POINT('Origin',(-21.21320348828,-17.6776694769801,1.5));
#6575=CARTESIAN_POINT('',(-21.21320348828,-17.6776694769801,1.5));
#6576=CARTESIAN_POINT('',(-24.7487374468963,-21.2132034355964,1.5));
#6577=CARTESIAN_POINT('',(-21.21320348828,-17.6776694769801,3.3));
#6578=CARTESIAN_POINT('',(-24.7487374468963,-21.2132034355964,3.3));
#6579=CARTESIAN_POINT('',(-21.21320348828,-17.6776694769801,1.5));
#6580=CARTESIAN_POINT('Origin',(-17.6776695296637,-21.2132034355964,1.5));
#6581=CARTESIAN_POINT('',(-21.21320348828,-17.6776694769801,1.5));
#6582=CARTESIAN_POINT('',(-21.21320348828,-17.6776694769801,3.3));
#6583=CARTESIAN_POINT('Origin',(-21.21320348828,-21.2132034355964,3.3));
#6584=CARTESIAN_POINT('Origin',(-21.21320348828,-21.2132034355964,1.5));
#6585=CARTESIAN_POINT('Origin',(-14.0849365277918,-29.3958256875182,1.5));
#6586=CARTESIAN_POINT('',(-11.5849364905389,-25.0656986040721,1.5));
#6587=CARTESIAN_POINT('',(-14.0849365277918,-29.3958256875182,1.5));
#6588=CARTESIAN_POINT('',(-11.5849364905389,-25.0656986040721,1.5));
#6589=CARTESIAN_POINT('',(-11.5849364905389,-25.0656986040721,3.3));
#6590=CARTESIAN_POINT('',(-11.5849364905389,-25.0656986040721,1.5));
#6591=CARTESIAN_POINT('',(-14.0849365277918,-29.3958256875182,3.3));
#6592=CARTESIAN_POINT('',(-11.5849364905389,-25.0656986040721,3.3));
#6593=CARTESIAN_POINT('',(-14.0849365277918,-29.3958256875182,1.5));
#6594=CARTESIAN_POINT('Origin',(-18.4150636112379,-26.8958256502653,1.5));
#6595=CARTESIAN_POINT('',(-18.4150636112379,-26.8958256502653,1.5));
#6596=CARTESIAN_POINT('',(-14.0849365277918,-29.3958256875182,1.5));
#6597=CARTESIAN_POINT('',(-18.4150636112379,-26.8958256502653,3.3));
#6598=CARTESIAN_POINT('',(-14.0849365277918,-29.3958256875182,3.3));
#6599=CARTESIAN_POINT('',(-18.4150636112379,-26.8958256502653,1.5));
#6600=CARTESIAN_POINT('Origin',(-15.915063573985,-22.5656985668192,1.5));
#6601=CARTESIAN_POINT('',(-15.915063573985,-22.5656985668192,1.5));
#6602=CARTESIAN_POINT('',(-18.4150636112379,-26.8958256502653,1.5));
#6603=CARTESIAN_POINT('',(-15.915063573985,-22.5656985668192,3.3));
#6604=CARTESIAN_POINT('',(-18.4150636112379,-26.8958256502653,3.3));
#6605=CARTESIAN_POINT('',(-15.915063573985,-22.5656985668192,1.5));
#6606=CARTESIAN_POINT('Origin',(-11.5849364905389,-25.0656986040721,1.5));
#6607=CARTESIAN_POINT('',(-15.915063573985,-22.5656985668192,1.5));
#6608=CARTESIAN_POINT('',(-15.915063573985,-22.5656985668192,3.3));
#6609=CARTESIAN_POINT('Origin',(-15.0000000508884,-25.9807621271687,3.3));
#6610=CARTESIAN_POINT('Origin',(-15.0000000508884,-25.9807621271687,1.5));
#6611=CARTESIAN_POINT('Origin',(-5.99680441939278,-32.0396370391181,1.5));
#6612=CARTESIAN_POINT('',(-4.70270917459666,-27.2100078357057,1.5));
#6613=CARTESIAN_POINT('',(-5.99680441939278,-32.0396370391181,1.5));
#6614=CARTESIAN_POINT('',(-4.70270917459666,-27.2100078357057,1.5));
#6615=CARTESIAN_POINT('',(-4.70270917459666,-27.2100078357057,3.3));
#6616=CARTESIAN_POINT('',(-4.70270917459666,-27.2100078357057,1.5));
#6617=CARTESIAN_POINT('',(-5.99680441939278,-32.0396370391181,3.3));
#6618=CARTESIAN_POINT('',(-4.70270917459666,-27.2100078357057,3.3));
#6619=CARTESIAN_POINT('',(-5.99680441939278,-32.0396370391181,1.5));
#6620=CARTESIAN_POINT('Origin',(-10.8264336228052,-30.745541794322,1.5));
#6621=CARTESIAN_POINT('',(-10.8264336228052,-30.745541794322,1.5));
#6622=CARTESIAN_POINT('',(-5.99680441939278,-32.0396370391181,1.5));
#6623=CARTESIAN_POINT('',(-10.8264336228052,-30.745541794322,3.3));
#6624=CARTESIAN_POINT('',(-5.99680441939278,-32.0396370391181,3.3));
#6625=CARTESIAN_POINT('',(-10.8264336228052,-30.745541794322,1.5));
#6626=CARTESIAN_POINT('Origin',(-9.53233837800908,-25.9159125909095,1.5));
#6627=CARTESIAN_POINT('',(-9.53233837800908,-25.9159125909095,1.5));
#6628=CARTESIAN_POINT('',(-10.8264336228052,-30.745541794322,1.5));
#6629=CARTESIAN_POINT('',(-9.53233837800908,-25.9159125909095,3.3));
#6630=CARTESIAN_POINT('',(-10.8264336228052,-30.745541794322,3.3));
#6631=CARTESIAN_POINT('',(-9.53233837800908,-25.9159125909095,1.5));
#6632=CARTESIAN_POINT('Origin',(-4.70270917459666,-27.2100078357057,1.5));
#6633=CARTESIAN_POINT('',(-9.53233837800908,-25.9159125909095,1.5));
#6634=CARTESIAN_POINT('',(-9.53233837800908,-25.9159125909095,3.3));
#6635=CARTESIAN_POINT('Origin',(-7.76457139870093,-28.9777748150138,3.3));
#6636=CARTESIAN_POINT('Origin',(-7.76457139870093,-28.9777748150138,1.5));
#6637=CARTESIAN_POINT('Origin',(2.5,-32.5000000745058,1.5));
#6638=CARTESIAN_POINT('',(2.5,-27.5,1.5));
#6639=CARTESIAN_POINT('',(2.5,-32.5000000745058,1.5));
#6640=CARTESIAN_POINT('',(2.5,-27.5,1.5));
#6641=CARTESIAN_POINT('',(2.5,-27.5,3.3));
#6642=CARTESIAN_POINT('',(2.5,-27.5,1.5));
#6643=CARTESIAN_POINT('',(2.5,-32.5000000745058,3.3));
#6644=CARTESIAN_POINT('',(2.5,-27.5,3.3));
#6645=CARTESIAN_POINT('',(2.5,-32.5000000745058,1.5));
#6646=CARTESIAN_POINT('Origin',(-2.50000007450581,-32.5000000745058,1.5));
#6647=CARTESIAN_POINT('',(-2.50000007450581,-32.5000000745058,1.5));
#6648=CARTESIAN_POINT('',(2.5,-32.5000000745058,1.5));
#6649=CARTESIAN_POINT('',(-2.50000007450581,-32.5000000745058,3.3));
#6650=CARTESIAN_POINT('',(2.5,-32.5000000745058,3.3));
#6651=CARTESIAN_POINT('',(-2.50000007450581,-32.5000000745058,1.5));
#6652=CARTESIAN_POINT('Origin',(-2.50000007450581,-27.5,1.5));
#6653=CARTESIAN_POINT('',(-2.50000007450581,-27.5,1.5));
#6654=CARTESIAN_POINT('',(-2.50000007450581,-32.5000000745058,1.5));
#6655=CARTESIAN_POINT('',(-2.50000007450581,-27.5,3.3));
#6656=CARTESIAN_POINT('',(-2.50000007450581,-32.5000000745058,3.3));
#6657=CARTESIAN_POINT('',(-2.50000007450581,-27.5,1.5));
#6658=CARTESIAN_POINT('Origin',(2.5,-27.5,1.5));
#6659=CARTESIAN_POINT('',(-2.50000007450581,-27.5,1.5));
#6660=CARTESIAN_POINT('',(-2.50000007450581,-27.5,3.3));
#6661=CARTESIAN_POINT('Origin',(-3.72529066585595E-8,-30.0000000372529,
3.3));
#6662=CARTESIAN_POINT('Origin',(-3.72529066585595E-8,-30.0000000372529,
1.5));
#6663=CARTESIAN_POINT('Origin',(10.8264335508381,-30.7455418136055,1.5));
#6664=CARTESIAN_POINT('',(9.53233830604198,-25.9159126101931,1.5));
#6665=CARTESIAN_POINT('',(10.8264335508381,-30.7455418136055,1.5));
#6666=CARTESIAN_POINT('',(9.53233830604198,-25.9159126101931,1.5));
#6667=CARTESIAN_POINT('',(9.53233830604198,-25.9159126101931,3.3));
#6668=CARTESIAN_POINT('',(9.53233830604198,-25.9159126101931,1.5));
#6669=CARTESIAN_POINT('',(10.8264335508381,-30.7455418136055,3.3));
#6670=CARTESIAN_POINT('',(9.53233830604198,-25.9159126101931,3.3));
#6671=CARTESIAN_POINT('',(10.8264335508381,-30.7455418136055,1.5));
#6672=CARTESIAN_POINT('Origin',(5.99680434742568,-32.0396370584016,1.5));
#6673=CARTESIAN_POINT('',(5.99680434742568,-32.0396370584016,1.5));
#6674=CARTESIAN_POINT('',(10.8264335508381,-30.7455418136055,1.5));
#6675=CARTESIAN_POINT('',(5.99680434742568,-32.0396370584016,3.3));
#6676=CARTESIAN_POINT('',(10.8264335508381,-30.7455418136055,3.3));
#6677=CARTESIAN_POINT('',(5.99680434742568,-32.0396370584016,1.5));
#6678=CARTESIAN_POINT('Origin',(4.70270910262956,-27.2100078549892,1.5));
#6679=CARTESIAN_POINT('',(4.70270910262956,-27.2100078549892,1.5));
#6680=CARTESIAN_POINT('',(5.99680434742568,-32.0396370584016,1.5));
#6681=CARTESIAN_POINT('',(4.70270910262956,-27.2100078549892,3.3));
#6682=CARTESIAN_POINT('',(5.99680434742568,-32.0396370584016,3.3));
#6683=CARTESIAN_POINT('',(4.70270910262956,-27.2100078549892,1.5));
#6684=CARTESIAN_POINT('Origin',(9.53233830604198,-25.9159126101931,1.5));
#6685=CARTESIAN_POINT('',(4.70270910262956,-27.2100078549892,1.5));
#6686=CARTESIAN_POINT('',(4.70270910262956,-27.2100078549892,3.3));
#6687=CARTESIAN_POINT('Origin',(7.76457132673383,-28.9777748342974,3.3));
#6688=CARTESIAN_POINT('Origin',(7.76457132673383,-28.9777748342974,1.5));
#6689=CARTESIAN_POINT('Origin',(18.415063546714,-26.8958256875182,1.5));
#6690=CARTESIAN_POINT('',(15.9150635094611,-22.5656986040721,1.5));
#6691=CARTESIAN_POINT('',(18.415063546714,-26.8958256875182,1.5));
#6692=CARTESIAN_POINT('',(15.9150635094611,-22.5656986040721,1.5));
#6693=CARTESIAN_POINT('',(15.9150635094611,-22.5656986040721,3.3));
#6694=CARTESIAN_POINT('',(15.9150635094611,-22.5656986040721,1.5));
#6695=CARTESIAN_POINT('',(18.415063546714,-26.8958256875182,3.3));
#6696=CARTESIAN_POINT('',(15.9150635094611,-22.5656986040721,3.3));
#6697=CARTESIAN_POINT('',(18.415063546714,-26.8958256875182,1.5));
#6698=CARTESIAN_POINT('Origin',(14.0849364632679,-29.3958257247711,1.5));
#6699=CARTESIAN_POINT('',(14.0849364632679,-29.3958257247711,1.5));
#6700=CARTESIAN_POINT('',(18.415063546714,-26.8958256875182,1.5));
#6701=CARTESIAN_POINT('',(14.0849364632679,-29.3958257247711,3.3));
#6702=CARTESIAN_POINT('',(18.415063546714,-26.8958256875182,3.3));
#6703=CARTESIAN_POINT('',(14.0849364632679,-29.3958257247711,1.5));
#6704=CARTESIAN_POINT('Origin',(11.584936426015,-25.065698641325,1.5));
#6705=CARTESIAN_POINT('',(11.584936426015,-25.065698641325,1.5));
#6706=CARTESIAN_POINT('',(14.0849364632679,-29.3958257247711,1.5));
#6707=CARTESIAN_POINT('',(11.584936426015,-25.065698641325,3.3));
#6708=CARTESIAN_POINT('',(14.0849364632679,-29.3958257247711,3.3));
#6709=CARTESIAN_POINT('',(11.584936426015,-25.065698641325,1.5));
#6710=CARTESIAN_POINT('Origin',(15.9150635094611,-22.5656986040721,1.5));
#6711=CARTESIAN_POINT('',(11.584936426015,-25.065698641325,1.5));
#6712=CARTESIAN_POINT('',(11.584936426015,-25.065698641325,3.3));
#6713=CARTESIAN_POINT('Origin',(14.9999999863645,-25.9807621644216,3.3));
#6714=CARTESIAN_POINT('Origin',(14.9999999863645,-25.9807621644216,1.5));
#6715=CARTESIAN_POINT('Origin',(24.7487373942127,-21.21320348828,1.5));
#6716=CARTESIAN_POINT('',(21.2132034355964,-17.6776695296637,1.5));
#6717=CARTESIAN_POINT('',(24.7487373942127,-21.21320348828,1.5));
#6718=CARTESIAN_POINT('',(21.2132034355964,-17.6776695296637,1.5));
#6719=CARTESIAN_POINT('',(21.2132034355964,-17.6776695296637,3.3));
#6720=CARTESIAN_POINT('',(21.2132034355964,-17.6776695296637,1.5));
#6721=CARTESIAN_POINT('',(24.7487373942127,-21.21320348828,3.3));
#6722=CARTESIAN_POINT('',(21.2132034355964,-17.6776695296637,3.3));
#6723=CARTESIAN_POINT('',(24.7487373942127,-21.21320348828,1.5));
#6724=CARTESIAN_POINT('Origin',(21.2132034355964,-24.7487374468963,1.5));
#6725=CARTESIAN_POINT('',(21.2132034355964,-24.7487374468963,1.5));
#6726=CARTESIAN_POINT('',(24.7487373942127,-21.21320348828,1.5));
#6727=CARTESIAN_POINT('',(21.2132034355964,-24.7487374468963,3.3));
#6728=CARTESIAN_POINT('',(24.7487373942127,-21.21320348828,3.3));
#6729=CARTESIAN_POINT('',(21.2132034355964,-24.7487374468963,1.5));
#6730=CARTESIAN_POINT('Origin',(17.6776694769801,-21.21320348828,1.5));
#6731=CARTESIAN_POINT('',(17.6776694769801,-21.21320348828,1.5));
#6732=CARTESIAN_POINT('',(21.2132034355964,-24.7487374468963,1.5));
#6733=CARTESIAN_POINT('',(17.6776694769801,-21.21320348828,3.3));
#6734=CARTESIAN_POINT('',(21.2132034355964,-24.7487374468963,3.3));
#6735=CARTESIAN_POINT('',(17.6776694769801,-21.21320348828,1.5));
#6736=CARTESIAN_POINT('Origin',(21.2132034355964,-17.6776695296637,1.5));
#6737=CARTESIAN_POINT('',(17.6776694769801,-21.21320348828,1.5));
#6738=CARTESIAN_POINT('',(17.6776694769801,-21.21320348828,3.3));
#6739=CARTESIAN_POINT('Origin',(21.2132034355964,-21.21320348828,3.3));
#6740=CARTESIAN_POINT('Origin',(21.2132034355964,-21.21320348828,1.5));
#6741=CARTESIAN_POINT('Origin',(29.3958256875182,-14.0849365277918,1.5));
#6742=CARTESIAN_POINT('',(25.0656986040721,-11.5849364905389,1.5));
#6743=CARTESIAN_POINT('',(29.3958256875182,-14.0849365277918,1.5));
#6744=CARTESIAN_POINT('',(25.0656986040721,-11.5849364905389,1.5));
#6745=CARTESIAN_POINT('',(25.0656986040721,-11.5849364905389,3.3));
#6746=CARTESIAN_POINT('',(25.0656986040721,-11.5849364905389,1.5));
#6747=CARTESIAN_POINT('',(29.3958256875182,-14.0849365277918,3.3));
#6748=CARTESIAN_POINT('',(25.0656986040721,-11.5849364905389,3.3));
#6749=CARTESIAN_POINT('',(29.3958256875182,-14.0849365277918,1.5));
#6750=CARTESIAN_POINT('Origin',(26.8958256502653,-18.4150636112379,1.5));
#6751=CARTESIAN_POINT('',(26.8958256502653,-18.4150636112379,1.5));
#6752=CARTESIAN_POINT('',(29.3958256875182,-14.0849365277918,1.5));
#6753=CARTESIAN_POINT('',(26.8958256502653,-18.4150636112379,3.3));
#6754=CARTESIAN_POINT('',(29.3958256875182,-14.0849365277918,3.3));
#6755=CARTESIAN_POINT('',(26.8958256502653,-18.4150636112379,1.5));
#6756=CARTESIAN_POINT('Origin',(22.5656985668192,-15.915063573985,1.5));
#6757=CARTESIAN_POINT('',(22.5656985668192,-15.915063573985,1.5));
#6758=CARTESIAN_POINT('',(26.8958256502653,-18.4150636112379,1.5));
#6759=CARTESIAN_POINT('',(22.5656985668192,-15.915063573985,3.3));
#6760=CARTESIAN_POINT('',(26.8958256502653,-18.4150636112379,3.3));
#6761=CARTESIAN_POINT('',(22.5656985668192,-15.915063573985,1.5));
#6762=CARTESIAN_POINT('Origin',(25.0656986040721,-11.5849364905389,1.5));
#6763=CARTESIAN_POINT('',(22.5656985668192,-15.915063573985,1.5));
#6764=CARTESIAN_POINT('',(22.5656985668192,-15.915063573985,3.3));
#6765=CARTESIAN_POINT('Origin',(25.9807621271687,-15.0000000508884,3.3));
#6766=CARTESIAN_POINT('Origin',(25.9807621271687,-15.0000000508884,1.5));
#6767=CARTESIAN_POINT('Origin',(32.0396370391181,-5.9968044193928,1.5));
#6768=CARTESIAN_POINT('',(27.2100078357057,-4.70270917459667,1.5));
#6769=CARTESIAN_POINT('',(32.0396370391181,-5.9968044193928,1.5));
#6770=CARTESIAN_POINT('',(27.2100078357057,-4.70270917459667,1.5));
#6771=CARTESIAN_POINT('',(27.2100078357057,-4.70270917459667,3.3));
#6772=CARTESIAN_POINT('',(27.2100078357057,-4.70270917459667,1.5));
#6773=CARTESIAN_POINT('',(32.0396370391181,-5.9968044193928,3.3));
#6774=CARTESIAN_POINT('',(27.2100078357057,-4.70270917459667,3.3));
#6775=CARTESIAN_POINT('',(32.0396370391181,-5.9968044193928,1.5));
#6776=CARTESIAN_POINT('Origin',(30.745541794322,-10.8264336228052,1.5));
#6777=CARTESIAN_POINT('',(30.745541794322,-10.8264336228052,1.5));
#6778=CARTESIAN_POINT('',(32.0396370391181,-5.9968044193928,1.5));
#6779=CARTESIAN_POINT('',(30.745541794322,-10.8264336228052,3.3));
#6780=CARTESIAN_POINT('',(32.0396370391181,-5.9968044193928,3.3));
#6781=CARTESIAN_POINT('',(30.745541794322,-10.8264336228052,1.5));
#6782=CARTESIAN_POINT('Origin',(25.9159125909095,-9.53233837800909,1.5));
#6783=CARTESIAN_POINT('',(25.9159125909095,-9.53233837800909,1.5));
#6784=CARTESIAN_POINT('',(30.745541794322,-10.8264336228052,1.5));
#6785=CARTESIAN_POINT('',(25.9159125909095,-9.53233837800909,3.3));
#6786=CARTESIAN_POINT('',(30.745541794322,-10.8264336228052,3.3));
#6787=CARTESIAN_POINT('',(25.9159125909095,-9.53233837800909,1.5));
#6788=CARTESIAN_POINT('Origin',(27.2100078357057,-4.70270917459667,1.5));
#6789=CARTESIAN_POINT('',(25.9159125909095,-9.53233837800909,1.5));
#6790=CARTESIAN_POINT('',(25.9159125909095,-9.53233837800909,3.3));
#6791=CARTESIAN_POINT('Origin',(28.9777748150138,-7.76457139870095,3.3));
#6792=CARTESIAN_POINT('Origin',(28.9777748150138,-7.76457139870095,1.5));
#6793=CARTESIAN_POINT('Origin',(32.5000000745058,2.49999999999999,1.5));
#6794=CARTESIAN_POINT('',(27.5,2.5,1.5));
#6795=CARTESIAN_POINT('',(32.5000000745058,2.49999999999999,1.5));
#6796=CARTESIAN_POINT('',(27.5,2.5,1.5));
#6797=CARTESIAN_POINT('',(27.5,2.5,3.3));
#6798=CARTESIAN_POINT('',(27.5,2.5,1.5));
#6799=CARTESIAN_POINT('',(32.5000000745058,2.49999999999999,3.3));
#6800=CARTESIAN_POINT('',(27.5,2.5,3.3));
#6801=CARTESIAN_POINT('',(32.5000000745058,2.49999999999999,1.5));
#6802=CARTESIAN_POINT('Origin',(32.5000000745058,-2.50000007450581,1.5));
#6803=CARTESIAN_POINT('',(32.5000000745058,-2.50000007450581,1.5));
#6804=CARTESIAN_POINT('',(32.5000000745058,2.49999999999999,1.5));
#6805=CARTESIAN_POINT('',(32.5000000745058,-2.50000007450581,3.3));
#6806=CARTESIAN_POINT('',(32.5000000745058,2.49999999999999,3.3));
#6807=CARTESIAN_POINT('',(32.5000000745058,-2.50000007450581,1.5));
#6808=CARTESIAN_POINT('Origin',(27.5,-2.50000007450581,1.5));
#6809=CARTESIAN_POINT('',(27.5,-2.50000007450581,1.5));
#6810=CARTESIAN_POINT('',(32.5000000745058,-2.50000007450581,1.5));
#6811=CARTESIAN_POINT('',(27.5,-2.50000007450581,3.3));
#6812=CARTESIAN_POINT('',(32.5000000745058,-2.50000007450581,3.3));
#6813=CARTESIAN_POINT('',(27.5,-2.50000007450581,1.5));
#6814=CARTESIAN_POINT('Origin',(27.5,2.5,1.5));
#6815=CARTESIAN_POINT('',(27.5,-2.50000007450581,1.5));
#6816=CARTESIAN_POINT('',(27.5,-2.50000007450581,3.3));
#6817=CARTESIAN_POINT('Origin',(30.0000000372529,-3.72529084955297E-8,3.3));
#6818=CARTESIAN_POINT('Origin',(30.0000000372529,-3.72529084955297E-8,1.5));
#6819=CARTESIAN_POINT('Origin',(30.7455418136055,10.8264335508381,1.5));
#6820=CARTESIAN_POINT('',(25.9159126101931,9.53233830604198,1.5));
#6821=CARTESIAN_POINT('',(30.7455418136055,10.8264335508381,1.5));
#6822=CARTESIAN_POINT('',(25.9159126101931,9.53233830604198,1.5));
#6823=CARTESIAN_POINT('',(25.9159126101931,9.53233830604198,3.3));
#6824=CARTESIAN_POINT('',(25.9159126101931,9.53233830604198,1.5));
#6825=CARTESIAN_POINT('',(30.7455418136055,10.8264335508381,3.3));
#6826=CARTESIAN_POINT('',(25.9159126101931,9.53233830604198,3.3));
#6827=CARTESIAN_POINT('',(30.7455418136055,10.8264335508381,1.5));
#6828=CARTESIAN_POINT('Origin',(32.0396370584016,5.99680434742568,1.5));
#6829=CARTESIAN_POINT('',(32.0396370584016,5.99680434742568,1.5));
#6830=CARTESIAN_POINT('',(30.7455418136055,10.8264335508381,1.5));
#6831=CARTESIAN_POINT('',(32.0396370584016,5.99680434742568,3.3));
#6832=CARTESIAN_POINT('',(30.7455418136055,10.8264335508381,3.3));
#6833=CARTESIAN_POINT('',(32.0396370584016,5.99680434742568,1.5));
#6834=CARTESIAN_POINT('Origin',(27.2100078549892,4.70270910262956,1.5));
#6835=CARTESIAN_POINT('',(27.2100078549892,4.70270910262956,1.5));
#6836=CARTESIAN_POINT('',(32.0396370584016,5.99680434742568,1.5));
#6837=CARTESIAN_POINT('',(27.2100078549892,4.70270910262956,3.3));
#6838=CARTESIAN_POINT('',(32.0396370584016,5.99680434742568,3.3));
#6839=CARTESIAN_POINT('',(27.2100078549892,4.70270910262956,1.5));
#6840=CARTESIAN_POINT('Origin',(25.9159126101931,9.53233830604198,1.5));
#6841=CARTESIAN_POINT('',(27.2100078549892,4.70270910262956,1.5));
#6842=CARTESIAN_POINT('',(27.2100078549892,4.70270910262956,3.3));
#6843=CARTESIAN_POINT('Origin',(28.9777748342974,7.76457132673383,3.3));
#6844=CARTESIAN_POINT('Origin',(28.9777748342974,7.76457132673383,1.5));
#6845=CARTESIAN_POINT('Origin',(26.8958256875182,18.415063546714,1.5));
#6846=CARTESIAN_POINT('',(22.5656986040721,15.9150635094611,1.5));
#6847=CARTESIAN_POINT('',(26.8958256875182,18.415063546714,1.5));
#6848=CARTESIAN_POINT('',(22.5656986040721,15.9150635094611,1.5));
#6849=CARTESIAN_POINT('',(22.5656986040721,15.9150635094611,3.3));
#6850=CARTESIAN_POINT('',(22.5656986040721,15.9150635094611,1.5));
#6851=CARTESIAN_POINT('',(26.8958256875182,18.415063546714,3.3));
#6852=CARTESIAN_POINT('',(22.5656986040721,15.9150635094611,3.3));
#6853=CARTESIAN_POINT('',(26.8958256875182,18.415063546714,1.5));
#6854=CARTESIAN_POINT('Origin',(29.3958257247711,14.0849364632679,1.5));
#6855=CARTESIAN_POINT('',(29.3958257247711,14.0849364632679,1.5));
#6856=CARTESIAN_POINT('',(26.8958256875182,18.415063546714,1.5));
#6857=CARTESIAN_POINT('',(29.3958257247711,14.0849364632679,3.3));
#6858=CARTESIAN_POINT('',(26.8958256875182,18.415063546714,3.3));
#6859=CARTESIAN_POINT('',(29.3958257247711,14.0849364632679,1.5));
#6860=CARTESIAN_POINT('Origin',(25.065698641325,11.584936426015,1.5));
#6861=CARTESIAN_POINT('',(25.065698641325,11.584936426015,1.5));
#6862=CARTESIAN_POINT('',(29.3958257247711,14.0849364632679,1.5));
#6863=CARTESIAN_POINT('',(25.065698641325,11.584936426015,3.3));
#6864=CARTESIAN_POINT('',(29.3958257247711,14.0849364632679,3.3));
#6865=CARTESIAN_POINT('',(25.065698641325,11.584936426015,1.5));
#6866=CARTESIAN_POINT('Origin',(22.5656986040721,15.9150635094611,1.5));
#6867=CARTESIAN_POINT('',(25.065698641325,11.584936426015,1.5));
#6868=CARTESIAN_POINT('',(25.065698641325,11.584936426015,3.3));
#6869=CARTESIAN_POINT('Origin',(25.9807621644216,14.9999999863645,3.3));
#6870=CARTESIAN_POINT('Origin',(25.9807621644216,14.9999999863645,1.5));
#6871=CARTESIAN_POINT('Origin',(21.21320348828,24.7487373942127,1.5));
#6872=CARTESIAN_POINT('',(17.6776695296637,21.2132034355964,1.5));
#6873=CARTESIAN_POINT('',(21.21320348828,24.7487373942127,1.5));
#6874=CARTESIAN_POINT('',(17.6776695296637,21.2132034355964,1.5));
#6875=CARTESIAN_POINT('',(17.6776695296637,21.2132034355964,3.3));
#6876=CARTESIAN_POINT('',(17.6776695296637,21.2132034355964,1.5));
#6877=CARTESIAN_POINT('',(21.21320348828,24.7487373942127,3.3));
#6878=CARTESIAN_POINT('',(17.6776695296637,21.2132034355964,3.3));
#6879=CARTESIAN_POINT('',(21.21320348828,24.7487373942127,1.5));
#6880=CARTESIAN_POINT('Origin',(24.7487374468963,21.2132034355964,1.5));
#6881=CARTESIAN_POINT('',(24.7487374468963,21.2132034355964,1.5));
#6882=CARTESIAN_POINT('',(21.21320348828,24.7487373942127,1.5));
#6883=CARTESIAN_POINT('',(24.7487374468963,21.2132034355964,3.3));
#6884=CARTESIAN_POINT('',(21.21320348828,24.7487373942127,3.3));
#6885=CARTESIAN_POINT('',(24.7487374468963,21.2132034355964,1.5));
#6886=CARTESIAN_POINT('Origin',(21.21320348828,17.6776694769801,1.5));
#6887=CARTESIAN_POINT('',(21.21320348828,17.6776694769801,1.5));
#6888=CARTESIAN_POINT('',(24.7487374468963,21.2132034355964,1.5));
#6889=CARTESIAN_POINT('',(21.21320348828,17.6776694769801,3.3));
#6890=CARTESIAN_POINT('',(24.7487374468963,21.2132034355964,3.3));
#6891=CARTESIAN_POINT('',(21.21320348828,17.6776694769801,1.5));
#6892=CARTESIAN_POINT('Origin',(17.6776695296637,21.2132034355964,1.5));
#6893=CARTESIAN_POINT('',(21.21320348828,17.6776694769801,1.5));
#6894=CARTESIAN_POINT('',(21.21320348828,17.6776694769801,3.3));
#6895=CARTESIAN_POINT('Origin',(21.21320348828,21.2132034355964,3.3));
#6896=CARTESIAN_POINT('Origin',(21.21320348828,21.2132034355964,1.5));
#6897=CARTESIAN_POINT('Origin',(14.0849365277918,29.3958256875182,1.5));
#6898=CARTESIAN_POINT('',(11.5849364905389,25.0656986040721,1.5));
#6899=CARTESIAN_POINT('',(14.0849365277918,29.3958256875182,1.5));
#6900=CARTESIAN_POINT('',(11.5849364905389,25.0656986040721,1.5));
#6901=CARTESIAN_POINT('',(11.5849364905389,25.0656986040721,3.3));
#6902=CARTESIAN_POINT('',(11.5849364905389,25.0656986040721,1.5));
#6903=CARTESIAN_POINT('',(14.0849365277918,29.3958256875182,3.3));
#6904=CARTESIAN_POINT('',(11.5849364905389,25.0656986040721,3.3));
#6905=CARTESIAN_POINT('',(14.0849365277918,29.3958256875182,1.5));
#6906=CARTESIAN_POINT('Origin',(18.4150636112379,26.8958256502653,1.5));
#6907=CARTESIAN_POINT('',(18.4150636112379,26.8958256502653,1.5));
#6908=CARTESIAN_POINT('',(14.0849365277918,29.3958256875182,1.5));
#6909=CARTESIAN_POINT('',(18.4150636112379,26.8958256502653,3.3));
#6910=CARTESIAN_POINT('',(14.0849365277918,29.3958256875182,3.3));
#6911=CARTESIAN_POINT('',(18.4150636112379,26.8958256502653,1.5));
#6912=CARTESIAN_POINT('Origin',(15.915063573985,22.5656985668192,1.5));
#6913=CARTESIAN_POINT('',(15.915063573985,22.5656985668192,1.5));
#6914=CARTESIAN_POINT('',(18.4150636112379,26.8958256502653,1.5));
#6915=CARTESIAN_POINT('',(15.915063573985,22.5656985668192,3.3));
#6916=CARTESIAN_POINT('',(18.4150636112379,26.8958256502653,3.3));
#6917=CARTESIAN_POINT('',(15.915063573985,22.5656985668192,1.5));
#6918=CARTESIAN_POINT('Origin',(11.5849364905389,25.0656986040721,1.5));
#6919=CARTESIAN_POINT('',(15.915063573985,22.5656985668192,1.5));
#6920=CARTESIAN_POINT('',(15.915063573985,22.5656985668192,3.3));
#6921=CARTESIAN_POINT('Origin',(15.0000000508884,25.9807621271687,3.3));
#6922=CARTESIAN_POINT('Origin',(15.0000000508884,25.9807621271687,1.5));
#6923=CARTESIAN_POINT('Origin',(5.9968044193928,32.0396370391181,1.5));
#6924=CARTESIAN_POINT('',(4.70270917459667,27.2100078357057,1.5));
#6925=CARTESIAN_POINT('',(5.9968044193928,32.0396370391181,1.5));
#6926=CARTESIAN_POINT('',(4.70270917459667,27.2100078357057,1.5));
#6927=CARTESIAN_POINT('',(4.70270917459667,27.2100078357057,3.3));
#6928=CARTESIAN_POINT('',(4.70270917459667,27.2100078357057,1.5));
#6929=CARTESIAN_POINT('',(5.9968044193928,32.0396370391181,3.3));
#6930=CARTESIAN_POINT('',(4.70270917459667,27.2100078357057,3.3));
#6931=CARTESIAN_POINT('',(5.9968044193928,32.0396370391181,1.5));
#6932=CARTESIAN_POINT('Origin',(10.8264336228052,30.745541794322,1.5));
#6933=CARTESIAN_POINT('',(10.8264336228052,30.745541794322,1.5));
#6934=CARTESIAN_POINT('',(5.9968044193928,32.0396370391181,1.5));
#6935=CARTESIAN_POINT('',(10.8264336228052,30.745541794322,3.3));
#6936=CARTESIAN_POINT('',(5.9968044193928,32.0396370391181,3.3));
#6937=CARTESIAN_POINT('',(10.8264336228052,30.745541794322,1.5));
#6938=CARTESIAN_POINT('Origin',(9.5323383780091,25.9159125909095,1.5));
#6939=CARTESIAN_POINT('',(9.5323383780091,25.9159125909095,1.5));
#6940=CARTESIAN_POINT('',(10.8264336228052,30.745541794322,1.5));
#6941=CARTESIAN_POINT('',(9.5323383780091,25.9159125909095,3.3));
#6942=CARTESIAN_POINT('',(10.8264336228052,30.745541794322,3.3));
#6943=CARTESIAN_POINT('',(9.5323383780091,25.9159125909095,1.5));
#6944=CARTESIAN_POINT('Origin',(4.70270917459667,27.2100078357057,1.5));
#6945=CARTESIAN_POINT('',(9.5323383780091,25.9159125909095,1.5));
#6946=CARTESIAN_POINT('',(9.5323383780091,25.9159125909095,3.3));
#6947=CARTESIAN_POINT('Origin',(7.76457139870095,28.9777748150138,3.3));
#6948=CARTESIAN_POINT('Origin',(7.76457139870095,28.9777748150138,1.5));
#6949=CARTESIAN_POINT('Origin',(3.79190595936476,32.0796059610934,1.5));
#6950=CARTESIAN_POINT('',(3.4446096040309,30.1099904550689,1.5));
#6951=CARTESIAN_POINT('',(3.79190595936476,32.0796059610934,1.5));
#6952=CARTESIAN_POINT('',(3.4446096040309,30.1099904550689,1.5));
#6953=CARTESIAN_POINT('',(3.4446096040309,30.1099904550689,2.5));
#6954=CARTESIAN_POINT('',(3.4446096040309,30.1099904550689,1.5));
#6955=CARTESIAN_POINT('',(3.79190595936476,32.0796059610934,2.5));
#6956=CARTESIAN_POINT('',(3.4446096040309,30.1099904550689,2.5));
#6957=CARTESIAN_POINT('',(3.79190595936476,32.0796059610934,1.5));
#6958=CARTESIAN_POINT('Origin',(4.77671371237697,31.9059577834264,1.5));
#6959=CARTESIAN_POINT('',(4.77671371237697,31.9059577834264,1.5));
#6960=CARTESIAN_POINT('',(3.79190595936476,32.0796059610934,1.5));
#6961=CARTESIAN_POINT('',(4.77671371237697,31.9059577834264,2.5));
#6962=CARTESIAN_POINT('',(3.79190595936476,32.0796059610934,2.5));
#6963=CARTESIAN_POINT('',(4.77671371237697,31.9059577834264,1.5));
#6964=CARTESIAN_POINT('Origin',(4.42941735704311,29.936342277402,1.5));
#6965=CARTESIAN_POINT('',(4.42941735704311,29.936342277402,1.5));
#6966=CARTESIAN_POINT('',(4.77671371237697,31.9059577834264,1.5));
#6967=CARTESIAN_POINT('',(4.42941735704311,29.936342277402,2.5));
#6968=CARTESIAN_POINT('',(4.77671371237697,31.9059577834264,2.5));
#6969=CARTESIAN_POINT('',(4.42941735704311,29.936342277402,1.5));
#6970=CARTESIAN_POINT('Origin',(3.4446096040309,30.1099904550689,1.5));
#6971=CARTESIAN_POINT('',(4.42941735704311,29.936342277402,1.5));
#6972=CARTESIAN_POINT('',(4.42941735704311,29.936342277402,2.5));
#6973=CARTESIAN_POINT('Origin',(4.11066165820394,31.0079741192477,2.5));
#6974=CARTESIAN_POINT('Origin',(4.11066165820394,31.0079741192477,1.5));
#6975=CARTESIAN_POINT('Origin',(-4.64011308510547,31.9679373745182,1.5));
#6976=CARTESIAN_POINT('',(-4.46580159961015,29.9755479783347,1.5));
#6977=CARTESIAN_POINT('',(-4.64011308510547,31.9679373745182,1.5));
#6978=CARTESIAN_POINT('',(-4.46580159961015,29.9755479783347,1.5));
#6979=CARTESIAN_POINT('',(-4.46580159961015,29.9755479783347,2.5));
#6980=CARTESIAN_POINT('',(-4.46580159961015,29.9755479783347,1.5));
#6981=CARTESIAN_POINT('',(-4.64011308510547,31.9679373745182,2.5));
#6982=CARTESIAN_POINT('',(-4.46580159961015,29.9755479783347,2.5));
#6983=CARTESIAN_POINT('',(-4.64011308510547,31.9679373745182,1.5));
#6984=CARTESIAN_POINT('Origin',(-3.64391838701372,32.0550931172658,1.5));
#6985=CARTESIAN_POINT('',(-3.64391838701372,32.0550931172658,1.5));
#6986=CARTESIAN_POINT('',(-4.64011308510547,31.9679373745182,1.5));
#6987=CARTESIAN_POINT('',(-3.64391838701372,32.0550931172658,2.5));
#6988=CARTESIAN_POINT('',(-4.64011308510547,31.9679373745182,2.5));
#6989=CARTESIAN_POINT('',(-3.64391838701372,32.0550931172658,1.5));
#6990=CARTESIAN_POINT('Origin',(-3.46960690151841,30.0627037210823,1.5));
#6991=CARTESIAN_POINT('',(-3.46960690151841,30.0627037210823,1.5));
#6992=CARTESIAN_POINT('',(-3.64391838701372,32.0550931172658,1.5));
#6993=CARTESIAN_POINT('',(-3.46960690151841,30.0627037210823,2.5));
#6994=CARTESIAN_POINT('',(-3.64391838701372,32.0550931172658,2.5));
#6995=CARTESIAN_POINT('',(-3.46960690151841,30.0627037210823,1.5));
#6996=CARTESIAN_POINT('Origin',(-4.46580159961015,29.9755479783347,1.5));
#6997=CARTESIAN_POINT('',(-3.46960690151841,30.0627037210823,1.5));
#6998=CARTESIAN_POINT('',(-3.46960690151841,30.0627037210823,2.5));
#6999=CARTESIAN_POINT('Origin',(-4.05485999331194,31.0153205478003,2.5));
#7000=CARTESIAN_POINT('Origin',(-4.05485999331194,31.0153205478003,1.5));
#7001=CARTESIAN_POINT('Origin',(-12.7559160909752,29.677706685384,1.5));
#7002=CARTESIAN_POINT('',(-12.0718758043239,27.7983214438121,1.5));
#7003=CARTESIAN_POINT('',(-12.7559160909752,29.677706685384,1.5));
#7004=CARTESIAN_POINT('',(-12.0718758043239,27.7983214438121,1.5));
#7005=CARTESIAN_POINT('',(-12.0718758043239,27.7983214438121,2.5));
#7006=CARTESIAN_POINT('',(-12.0718758043239,27.7983214438121,1.5));
#7007=CARTESIAN_POINT('',(-12.7559160909752,29.677706685384,2.5));
#7008=CARTESIAN_POINT('',(-12.0718758043239,27.7983214438121,2.5));
#7009=CARTESIAN_POINT('',(-12.7559160909752,29.677706685384,1.5));
#7010=CARTESIAN_POINT('Origin',(-11.8162234701893,30.0197268287096,1.5));
#7011=CARTESIAN_POINT('',(-11.8162234701893,30.0197268287096,1.5));
#7012=CARTESIAN_POINT('',(-12.7559160909752,29.677706685384,1.5));
#7013=CARTESIAN_POINT('',(-11.8162234701893,30.0197268287096,2.5));
#7014=CARTESIAN_POINT('',(-12.7559160909752,29.677706685384,2.5));
#7015=CARTESIAN_POINT('',(-11.8162234701893,30.0197268287096,1.5));
#7016=CARTESIAN_POINT('Origin',(-11.1321831835379,28.1403415871378,1.5));
#7017=CARTESIAN_POINT('',(-11.1321831835379,28.1403415871378,1.5));
#7018=CARTESIAN_POINT('',(-11.8162234701893,30.0197268287096,1.5));
#7019=CARTESIAN_POINT('',(-11.1321831835379,28.1403415871378,2.5));
#7020=CARTESIAN_POINT('',(-11.8162234701893,30.0197268287096,2.5));
#7021=CARTESIAN_POINT('',(-11.1321831835379,28.1403415871378,1.5));
#7022=CARTESIAN_POINT('Origin',(-12.0718758043239,27.7983214438121,1.5));
#7023=CARTESIAN_POINT('',(-11.1321831835379,28.1403415871378,1.5));
#7024=CARTESIAN_POINT('',(-11.1321831835379,28.1403415871378,2.5));
#7025=CARTESIAN_POINT('Origin',(-11.9440496372566,28.9090241362609,2.5));
#7026=CARTESIAN_POINT('Origin',(-11.9440496372566,28.9090241362609,1.5));
#7027=CARTESIAN_POINT('Origin',(-20.002424495393,25.36498933037,1.5));
#7028=CARTESIAN_POINT('',(-18.8552716226909,23.726685241792,1.5));
#7029=CARTESIAN_POINT('',(-20.002424495393,25.36498933037,1.5));
#7030=CARTESIAN_POINT('',(-18.8552716226909,23.726685241792,1.5));
#7031=CARTESIAN_POINT('',(-18.8552716226909,23.726685241792,2.5));
#7032=CARTESIAN_POINT('',(-18.8552716226909,23.726685241792,1.5));
#7033=CARTESIAN_POINT('',(-20.002424495393,25.36498933037,2.5));
#7034=CARTESIAN_POINT('',(-18.8552716226909,23.726685241792,2.5));
#7035=CARTESIAN_POINT('',(-20.002424495393,25.36498933037,1.5));
#7036=CARTESIAN_POINT('Origin',(-19.183272451104,25.9385657667211,1.5));
#7037=CARTESIAN_POINT('',(-19.183272451104,25.9385657667211,1.5));
#7038=CARTESIAN_POINT('',(-20.002424495393,25.36498933037,1.5));
#7039=CARTESIAN_POINT('',(-19.183272451104,25.9385657667211,2.5));
#7040=CARTESIAN_POINT('',(-20.002424495393,25.36498933037,2.5));
#7041=CARTESIAN_POINT('',(-19.183272451104,25.9385657667211,1.5));
#7042=CARTESIAN_POINT('Origin',(-18.0361195784019,24.3002616781431,1.5));
#7043=CARTESIAN_POINT('',(-18.0361195784019,24.3002616781431,1.5));
#7044=CARTESIAN_POINT('',(-19.183272451104,25.9385657667211,1.5));
#7045=CARTESIAN_POINT('',(-18.0361195784019,24.3002616781431,2.5));
#7046=CARTESIAN_POINT('',(-19.183272451104,25.9385657667211,2.5));
#7047=CARTESIAN_POINT('',(-18.0361195784019,24.3002616781431,1.5));
#7048=CARTESIAN_POINT('Origin',(-18.8552716226909,23.726685241792,1.5));
#7049=CARTESIAN_POINT('',(-18.0361195784019,24.3002616781431,1.5));
#7050=CARTESIAN_POINT('',(-18.0361195784019,24.3002616781431,2.5));
#7051=CARTESIAN_POINT('Origin',(-19.0192720368975,24.8326255042566,2.5));
#7052=CARTESIAN_POINT('Origin',(-19.0192720368975,24.8326255042566,1.5));
#7053=CARTESIAN_POINT('Origin',(-25.8858007260192,19.3236898701182,1.5));
#7054=CARTESIAN_POINT('',(-24.3537118397812,18.0381146507451,1.5));
#7055=CARTESIAN_POINT('',(-25.8858007260192,19.3236898701182,1.5));
#7056=CARTESIAN_POINT('',(-24.3537118397812,18.0381146507451,1.5));
#7057=CARTESIAN_POINT('',(-24.3537118397812,18.0381146507451,2.5));
#7058=CARTESIAN_POINT('',(-24.3537118397812,18.0381146507451,1.5));
#7059=CARTESIAN_POINT('',(-25.8858007260192,19.3236898701182,2.5));
#7060=CARTESIAN_POINT('',(-24.3537118397812,18.0381146507451,2.5));
#7061=CARTESIAN_POINT('',(-25.8858007260192,19.3236898701182,1.5));
#7062=CARTESIAN_POINT('Origin',(-25.2430131163326,20.0897343132372,1.5));
#7063=CARTESIAN_POINT('',(-25.2430131163326,20.0897343132372,1.5));
#7064=CARTESIAN_POINT('',(-25.8858007260192,19.3236898701182,1.5));
#7065=CARTESIAN_POINT('',(-25.2430131163326,20.0897343132372,2.5));
#7066=CARTESIAN_POINT('',(-25.8858007260192,19.3236898701182,2.5));
#7067=CARTESIAN_POINT('',(-25.2430131163326,20.0897343132372,1.5));
#7068=CARTESIAN_POINT('Origin',(-23.7109242300947,18.8041590938641,1.5));
#7069=CARTESIAN_POINT('',(-23.7109242300947,18.8041590938641,1.5));
#7070=CARTESIAN_POINT('',(-25.2430131163326,20.0897343132372,1.5));
#7071=CARTESIAN_POINT('',(-23.7109242300947,18.8041590938641,2.5));
#7072=CARTESIAN_POINT('',(-25.2430131163326,20.0897343132372,2.5));
#7073=CARTESIAN_POINT('',(-23.7109242300947,18.8041590938641,1.5));
#7074=CARTESIAN_POINT('Origin',(-24.3537118397812,18.0381146507451,1.5));
#7075=CARTESIAN_POINT('',(-23.7109242300947,18.8041590938641,1.5));
#7076=CARTESIAN_POINT('',(-23.7109242300947,18.8041590938641,2.5));
#7077=CARTESIAN_POINT('Origin',(-24.7983624780569,19.0639244819911,2.5));
#7078=CARTESIAN_POINT('Origin',(-24.7983624780569,19.0639244819911,1.5));
#7079=CARTESIAN_POINT('Origin',(-30.0051024154755,11.9655128791252,1.5));
#7080=CARTESIAN_POINT('',(-28.1924868414022,11.1202763556438,1.5));
#7081=CARTESIAN_POINT('',(-30.0051024154755,11.9655128791252,1.5));
#7082=CARTESIAN_POINT('',(-28.1924868414022,11.1202763556438,1.5));
#7083=CARTESIAN_POINT('',(-28.1924868414022,11.1202763556438,2.5));
#7084=CARTESIAN_POINT('',(-28.1924868414022,11.1202763556438,1.5));
#7085=CARTESIAN_POINT('',(-30.0051024154755,11.9655128791252,2.5));
#7086=CARTESIAN_POINT('',(-28.1924868414022,11.1202763556438,2.5));
#7087=CARTESIAN_POINT('',(-30.0051024154755,11.9655128791252,1.5));
#7088=CARTESIAN_POINT('Origin',(-29.5824841537348,12.8718206661618,1.5));
#7089=CARTESIAN_POINT('',(-29.5824841537348,12.8718206661618,1.5));
#7090=CARTESIAN_POINT('',(-30.0051024154755,11.9655128791252,1.5));
#7091=CARTESIAN_POINT('',(-29.5824841537348,12.8718206661618,2.5));
#7092=CARTESIAN_POINT('',(-30.0051024154755,11.9655128791252,2.5));
#7093=CARTESIAN_POINT('',(-29.5824841537348,12.8718206661618,1.5));
#7094=CARTESIAN_POINT('Origin',(-27.7698685796615,12.0265841426804,1.5));
#7095=CARTESIAN_POINT('',(-27.7698685796615,12.0265841426804,1.5));
#7096=CARTESIAN_POINT('',(-29.5824841537348,12.8718206661618,1.5));
#7097=CARTESIAN_POINT('',(-27.7698685796615,12.0265841426804,2.5));
#7098=CARTESIAN_POINT('',(-29.5824841537348,12.8718206661618,2.5));
#7099=CARTESIAN_POINT('',(-27.7698685796615,12.0265841426804,1.5));
#7100=CARTESIAN_POINT('Origin',(-28.1924868414022,11.1202763556438,1.5));
#7101=CARTESIAN_POINT('',(-27.7698685796615,12.0265841426804,1.5));
#7102=CARTESIAN_POINT('',(-27.7698685796615,12.0265841426804,2.5));
#7103=CARTESIAN_POINT('Origin',(-28.8874854975685,11.9960485109028,2.5));
#7104=CARTESIAN_POINT('Origin',(-28.8874854975685,11.9960485109028,1.5));
#7105=CARTESIAN_POINT('Origin',(-31.9679373745182,-4.64011308510546,1.5));
#7106=CARTESIAN_POINT('',(-29.9755479783347,-4.46580159961015,1.5));
#7107=CARTESIAN_POINT('',(-31.9679373745182,-4.64011308510546,1.5));
#7108=CARTESIAN_POINT('',(-29.9755479783347,-4.46580159961015,1.5));
#7109=CARTESIAN_POINT('',(-29.9755479783347,-4.46580159961015,2.5));
#7110=CARTESIAN_POINT('',(-29.9755479783347,-4.46580159961015,1.5));
#7111=CARTESIAN_POINT('',(-31.9679373745182,-4.64011308510546,2.5));
#7112=CARTESIAN_POINT('',(-29.9755479783347,-4.46580159961015,2.5));
#7113=CARTESIAN_POINT('',(-31.9679373745182,-4.64011308510546,1.5));
#7114=CARTESIAN_POINT('Origin',(-32.0550931172658,-3.64391838701372,1.5));
#7115=CARTESIAN_POINT('',(-32.0550931172658,-3.64391838701372,1.5));
#7116=CARTESIAN_POINT('',(-31.9679373745182,-4.64011308510546,1.5));
#7117=CARTESIAN_POINT('',(-32.0550931172658,-3.64391838701372,2.5));
#7118=CARTESIAN_POINT('',(-31.9679373745182,-4.64011308510546,2.5));
#7119=CARTESIAN_POINT('',(-32.0550931172658,-3.64391838701372,1.5));
#7120=CARTESIAN_POINT('Origin',(-30.0627037210823,-3.4696069015184,1.5));
#7121=CARTESIAN_POINT('',(-30.0627037210823,-3.4696069015184,1.5));
#7122=CARTESIAN_POINT('',(-32.0550931172658,-3.64391838701372,1.5));
#7123=CARTESIAN_POINT('',(-30.0627037210823,-3.4696069015184,2.5));
#7124=CARTESIAN_POINT('',(-32.0550931172658,-3.64391838701372,2.5));
#7125=CARTESIAN_POINT('',(-30.0627037210823,-3.4696069015184,1.5));
#7126=CARTESIAN_POINT('Origin',(-29.9755479783347,-4.46580159961015,1.5));
#7127=CARTESIAN_POINT('',(-30.0627037210823,-3.4696069015184,1.5));
#7128=CARTESIAN_POINT('',(-30.0627037210823,-3.4696069015184,2.5));
#7129=CARTESIAN_POINT('Origin',(-31.0153205478003,-4.05485999331193,2.5));
#7130=CARTESIAN_POINT('Origin',(-31.0153205478003,-4.05485999331193,1.5));
#7131=CARTESIAN_POINT('Origin',(-29.677706685384,-12.7559160909752,1.5));
#7132=CARTESIAN_POINT('',(-27.7983214438121,-12.0718758043239,1.5));
#7133=CARTESIAN_POINT('',(-29.677706685384,-12.7559160909752,1.5));
#7134=CARTESIAN_POINT('',(-27.7983214438121,-12.0718758043239,1.5));
#7135=CARTESIAN_POINT('',(-27.7983214438121,-12.0718758043239,2.5));
#7136=CARTESIAN_POINT('',(-27.7983214438121,-12.0718758043239,1.5));
#7137=CARTESIAN_POINT('',(-29.677706685384,-12.7559160909752,2.5));
#7138=CARTESIAN_POINT('',(-27.7983214438121,-12.0718758043239,2.5));
#7139=CARTESIAN_POINT('',(-29.677706685384,-12.7559160909752,1.5));
#7140=CARTESIAN_POINT('Origin',(-30.0197268287096,-11.8162234701893,1.5));
#7141=CARTESIAN_POINT('',(-30.0197268287096,-11.8162234701893,1.5));
#7142=CARTESIAN_POINT('',(-29.677706685384,-12.7559160909752,1.5));
#7143=CARTESIAN_POINT('',(-30.0197268287096,-11.8162234701893,2.5));
#7144=CARTESIAN_POINT('',(-29.677706685384,-12.7559160909752,2.5));
#7145=CARTESIAN_POINT('',(-30.0197268287096,-11.8162234701893,1.5));
#7146=CARTESIAN_POINT('Origin',(-28.1403415871378,-11.1321831835379,1.5));
#7147=CARTESIAN_POINT('',(-28.1403415871378,-11.1321831835379,1.5));
#7148=CARTESIAN_POINT('',(-30.0197268287096,-11.8162234701893,1.5));
#7149=CARTESIAN_POINT('',(-28.1403415871378,-11.1321831835379,2.5));
#7150=CARTESIAN_POINT('',(-30.0197268287096,-11.8162234701893,2.5));
#7151=CARTESIAN_POINT('',(-28.1403415871378,-11.1321831835379,1.5));
#7152=CARTESIAN_POINT('Origin',(-27.7983214438121,-12.0718758043239,1.5));
#7153=CARTESIAN_POINT('',(-28.1403415871378,-11.1321831835379,1.5));
#7154=CARTESIAN_POINT('',(-28.1403415871378,-11.1321831835379,2.5));
#7155=CARTESIAN_POINT('Origin',(-28.9090241362609,-11.9440496372566,2.5));
#7156=CARTESIAN_POINT('Origin',(-28.9090241362609,-11.9440496372566,1.5));
#7157=CARTESIAN_POINT('Origin',(-25.36498933037,-20.002424495393,1.5));
#7158=CARTESIAN_POINT('',(-23.726685241792,-18.8552716226909,1.5));
#7159=CARTESIAN_POINT('',(-25.36498933037,-20.002424495393,1.5));
#7160=CARTESIAN_POINT('',(-23.726685241792,-18.8552716226909,1.5));
#7161=CARTESIAN_POINT('',(-23.726685241792,-18.8552716226909,2.5));
#7162=CARTESIAN_POINT('',(-23.726685241792,-18.8552716226909,1.5));
#7163=CARTESIAN_POINT('',(-25.36498933037,-20.002424495393,2.5));
#7164=CARTESIAN_POINT('',(-23.726685241792,-18.8552716226909,2.5));
#7165=CARTESIAN_POINT('',(-25.36498933037,-20.002424495393,1.5));
#7166=CARTESIAN_POINT('Origin',(-25.9385657667211,-19.183272451104,1.5));
#7167=CARTESIAN_POINT('',(-25.9385657667211,-19.183272451104,1.5));
#7168=CARTESIAN_POINT('',(-25.36498933037,-20.002424495393,1.5));
#7169=CARTESIAN_POINT('',(-25.9385657667211,-19.183272451104,2.5));
#7170=CARTESIAN_POINT('',(-25.36498933037,-20.002424495393,2.5));
#7171=CARTESIAN_POINT('',(-25.9385657667211,-19.183272451104,1.5));
#7172=CARTESIAN_POINT('Origin',(-24.3002616781431,-18.0361195784019,1.5));
#7173=CARTESIAN_POINT('',(-24.3002616781431,-18.0361195784019,1.5));
#7174=CARTESIAN_POINT('',(-25.9385657667211,-19.183272451104,1.5));
#7175=CARTESIAN_POINT('',(-24.3002616781431,-18.0361195784019,2.5));
#7176=CARTESIAN_POINT('',(-25.9385657667211,-19.183272451104,2.5));
#7177=CARTESIAN_POINT('',(-24.3002616781431,-18.0361195784019,1.5));
#7178=CARTESIAN_POINT('Origin',(-23.726685241792,-18.8552716226909,1.5));
#7179=CARTESIAN_POINT('',(-24.3002616781431,-18.0361195784019,1.5));
#7180=CARTESIAN_POINT('',(-24.3002616781431,-18.0361195784019,2.5));
#7181=CARTESIAN_POINT('Origin',(-24.8326255042566,-19.0192720368975,2.5));
#7182=CARTESIAN_POINT('Origin',(-24.8326255042566,-19.0192720368975,1.5));
#7183=CARTESIAN_POINT('Origin',(-19.3236898701182,-25.8858007260192,1.5));
#7184=CARTESIAN_POINT('',(-18.0381146507451,-24.3537118397812,1.5));
#7185=CARTESIAN_POINT('',(-19.3236898701182,-25.8858007260192,1.5));
#7186=CARTESIAN_POINT('',(-18.0381146507451,-24.3537118397812,1.5));
#7187=CARTESIAN_POINT('',(-18.0381146507451,-24.3537118397812,2.5));
#7188=CARTESIAN_POINT('',(-18.0381146507451,-24.3537118397812,1.5));
#7189=CARTESIAN_POINT('',(-19.3236898701182,-25.8858007260192,2.5));
#7190=CARTESIAN_POINT('',(-18.0381146507451,-24.3537118397812,2.5));
#7191=CARTESIAN_POINT('',(-19.3236898701182,-25.8858007260192,1.5));
#7192=CARTESIAN_POINT('Origin',(-20.0897343132372,-25.2430131163326,1.5));
#7193=CARTESIAN_POINT('',(-20.0897343132372,-25.2430131163326,1.5));
#7194=CARTESIAN_POINT('',(-19.3236898701182,-25.8858007260192,1.5));
#7195=CARTESIAN_POINT('',(-20.0897343132372,-25.2430131163326,2.5));
#7196=CARTESIAN_POINT('',(-19.3236898701182,-25.8858007260192,2.5));
#7197=CARTESIAN_POINT('',(-20.0897343132372,-25.2430131163326,1.5));
#7198=CARTESIAN_POINT('Origin',(-18.8041590938641,-23.7109242300947,1.5));
#7199=CARTESIAN_POINT('',(-18.8041590938641,-23.7109242300947,1.5));
#7200=CARTESIAN_POINT('',(-20.0897343132372,-25.2430131163326,1.5));
#7201=CARTESIAN_POINT('',(-18.8041590938641,-23.7109242300947,2.5));
#7202=CARTESIAN_POINT('',(-20.0897343132372,-25.2430131163326,2.5));
#7203=CARTESIAN_POINT('',(-18.8041590938641,-23.7109242300947,1.5));
#7204=CARTESIAN_POINT('Origin',(-18.0381146507451,-24.3537118397812,1.5));
#7205=CARTESIAN_POINT('',(-18.8041590938641,-23.7109242300947,1.5));
#7206=CARTESIAN_POINT('',(-18.8041590938641,-23.7109242300947,2.5));
#7207=CARTESIAN_POINT('Origin',(-19.0639244819911,-24.7983624780569,2.5));
#7208=CARTESIAN_POINT('Origin',(-19.0639244819911,-24.7983624780569,1.5));
#7209=CARTESIAN_POINT('Origin',(-11.9655128791252,-30.0051024154755,1.5));
#7210=CARTESIAN_POINT('',(-11.1202763556438,-28.1924868414022,1.5));
#7211=CARTESIAN_POINT('',(-11.9655128791252,-30.0051024154755,1.5));
#7212=CARTESIAN_POINT('',(-11.1202763556438,-28.1924868414022,1.5));
#7213=CARTESIAN_POINT('',(-11.1202763556438,-28.1924868414022,2.5));
#7214=CARTESIAN_POINT('',(-11.1202763556438,-28.1924868414022,1.5));
#7215=CARTESIAN_POINT('',(-11.9655128791252,-30.0051024154755,2.5));
#7216=CARTESIAN_POINT('',(-11.1202763556438,-28.1924868414022,2.5));
#7217=CARTESIAN_POINT('',(-11.9655128791252,-30.0051024154755,1.5));
#7218=CARTESIAN_POINT('Origin',(-12.8718206661618,-29.5824841537348,1.5));
#7219=CARTESIAN_POINT('',(-12.8718206661618,-29.5824841537348,1.5));
#7220=CARTESIAN_POINT('',(-11.9655128791252,-30.0051024154755,1.5));
#7221=CARTESIAN_POINT('',(-12.8718206661618,-29.5824841537348,2.5));
#7222=CARTESIAN_POINT('',(-11.9655128791252,-30.0051024154755,2.5));
#7223=CARTESIAN_POINT('',(-12.8718206661618,-29.5824841537348,1.5));
#7224=CARTESIAN_POINT('Origin',(-12.0265841426804,-27.7698685796615,1.5));
#7225=CARTESIAN_POINT('',(-12.0265841426804,-27.7698685796615,1.5));
#7226=CARTESIAN_POINT('',(-12.8718206661618,-29.5824841537348,1.5));
#7227=CARTESIAN_POINT('',(-12.0265841426804,-27.7698685796615,2.5));
#7228=CARTESIAN_POINT('',(-12.8718206661618,-29.5824841537348,2.5));
#7229=CARTESIAN_POINT('',(-12.0265841426804,-27.7698685796615,1.5));
#7230=CARTESIAN_POINT('Origin',(-11.1202763556438,-28.1924868414022,1.5));
#7231=CARTESIAN_POINT('',(-12.0265841426804,-27.7698685796615,1.5));
#7232=CARTESIAN_POINT('',(-12.0265841426804,-27.7698685796615,2.5));
#7233=CARTESIAN_POINT('Origin',(-11.9960485109028,-28.8874854975685,2.5));
#7234=CARTESIAN_POINT('Origin',(-11.9960485109028,-28.8874854975685,1.5));
#7235=CARTESIAN_POINT('Origin',(-3.79190595936477,-32.0796059610934,1.5));
#7236=CARTESIAN_POINT('',(-3.44460960403091,-30.1099904550689,1.5));
#7237=CARTESIAN_POINT('',(-3.79190595936477,-32.0796059610934,1.5));
#7238=CARTESIAN_POINT('',(-3.44460960403091,-30.1099904550689,1.5));
#7239=CARTESIAN_POINT('',(-3.44460960403091,-30.1099904550689,2.5));
#7240=CARTESIAN_POINT('',(-3.44460960403091,-30.1099904550689,1.5));
#7241=CARTESIAN_POINT('',(-3.79190595936477,-32.0796059610934,2.5));
#7242=CARTESIAN_POINT('',(-3.44460960403091,-30.1099904550689,2.5));
#7243=CARTESIAN_POINT('',(-3.79190595936477,-32.0796059610934,1.5));
#7244=CARTESIAN_POINT('Origin',(-4.77671371237697,-31.9059577834264,1.5));
#7245=CARTESIAN_POINT('',(-4.77671371237697,-31.9059577834264,1.5));
#7246=CARTESIAN_POINT('',(-3.79190595936477,-32.0796059610934,1.5));
#7247=CARTESIAN_POINT('',(-4.77671371237697,-31.9059577834264,2.5));
#7248=CARTESIAN_POINT('',(-3.79190595936477,-32.0796059610934,2.5));
#7249=CARTESIAN_POINT('',(-4.77671371237697,-31.9059577834264,1.5));
#7250=CARTESIAN_POINT('Origin',(-4.42941735704311,-29.936342277402,1.5));
#7251=CARTESIAN_POINT('',(-4.42941735704311,-29.936342277402,1.5));
#7252=CARTESIAN_POINT('',(-4.77671371237697,-31.9059577834264,1.5));
#7253=CARTESIAN_POINT('',(-4.42941735704311,-29.936342277402,2.5));
#7254=CARTESIAN_POINT('',(-4.77671371237697,-31.9059577834264,2.5));
#7255=CARTESIAN_POINT('',(-4.42941735704311,-29.936342277402,1.5));
#7256=CARTESIAN_POINT('Origin',(-3.44460960403091,-30.1099904550689,1.5));
#7257=CARTESIAN_POINT('',(-4.42941735704311,-29.936342277402,1.5));
#7258=CARTESIAN_POINT('',(-4.42941735704311,-29.936342277402,2.5));
#7259=CARTESIAN_POINT('Origin',(-4.11066165820394,-31.0079741192477,2.5));
#7260=CARTESIAN_POINT('Origin',(-4.11066165820394,-31.0079741192477,1.5));
#7261=CARTESIAN_POINT('Origin',(4.64011308510545,-31.9679373745182,1.5));
#7262=CARTESIAN_POINT('',(4.46580159961014,-29.9755479783347,1.5));
#7263=CARTESIAN_POINT('',(4.64011308510545,-31.9679373745182,1.5));
#7264=CARTESIAN_POINT('',(4.46580159961014,-29.9755479783347,1.5));
#7265=CARTESIAN_POINT('',(4.46580159961014,-29.9755479783347,2.5));
#7266=CARTESIAN_POINT('',(4.46580159961014,-29.9755479783347,1.5));
#7267=CARTESIAN_POINT('',(4.64011308510545,-31.9679373745182,2.5));
#7268=CARTESIAN_POINT('',(4.46580159961014,-29.9755479783347,2.5));
#7269=CARTESIAN_POINT('',(4.64011308510545,-31.9679373745182,1.5));
#7270=CARTESIAN_POINT('Origin',(3.64391838701371,-32.0550931172658,1.5));
#7271=CARTESIAN_POINT('',(3.64391838701371,-32.0550931172658,1.5));
#7272=CARTESIAN_POINT('',(4.64011308510545,-31.9679373745182,1.5));
#7273=CARTESIAN_POINT('',(3.64391838701371,-32.0550931172658,2.5));
#7274=CARTESIAN_POINT('',(4.64011308510545,-31.9679373745182,2.5));
#7275=CARTESIAN_POINT('',(3.64391838701371,-32.0550931172658,1.5));
#7276=CARTESIAN_POINT('Origin',(3.46960690151839,-30.0627037210823,1.5));
#7277=CARTESIAN_POINT('',(3.46960690151839,-30.0627037210823,1.5));
#7278=CARTESIAN_POINT('',(3.64391838701371,-32.0550931172658,1.5));
#7279=CARTESIAN_POINT('',(3.46960690151839,-30.0627037210823,2.5));
#7280=CARTESIAN_POINT('',(3.64391838701371,-32.0550931172658,2.5));
#7281=CARTESIAN_POINT('',(3.46960690151839,-30.0627037210823,1.5));
#7282=CARTESIAN_POINT('Origin',(4.46580159961014,-29.9755479783347,1.5));
#7283=CARTESIAN_POINT('',(3.46960690151839,-30.0627037210823,1.5));
#7284=CARTESIAN_POINT('',(3.46960690151839,-30.0627037210823,2.5));
#7285=CARTESIAN_POINT('Origin',(4.05485999331192,-31.0153205478003,2.5));
#7286=CARTESIAN_POINT('Origin',(4.05485999331192,-31.0153205478003,1.5));
#7287=CARTESIAN_POINT('Origin',(12.7559160909752,-29.677706685384,1.5));
#7288=CARTESIAN_POINT('',(12.0718758043238,-27.7983214438121,1.5));
#7289=CARTESIAN_POINT('',(12.7559160909752,-29.677706685384,1.5));
#7290=CARTESIAN_POINT('',(12.0718758043238,-27.7983214438121,1.5));
#7291=CARTESIAN_POINT('',(12.0718758043238,-27.7983214438121,2.5));
#7292=CARTESIAN_POINT('',(12.0718758043238,-27.7983214438121,1.5));
#7293=CARTESIAN_POINT('',(12.7559160909752,-29.677706685384,2.5));
#7294=CARTESIAN_POINT('',(12.0718758043238,-27.7983214438121,2.5));
#7295=CARTESIAN_POINT('',(12.7559160909752,-29.677706685384,1.5));
#7296=CARTESIAN_POINT('Origin',(11.8162234701893,-30.0197268287096,1.5));
#7297=CARTESIAN_POINT('',(11.8162234701893,-30.0197268287096,1.5));
#7298=CARTESIAN_POINT('',(12.7559160909752,-29.677706685384,1.5));
#7299=CARTESIAN_POINT('',(11.8162234701893,-30.0197268287096,2.5));
#7300=CARTESIAN_POINT('',(12.7559160909752,-29.677706685384,2.5));
#7301=CARTESIAN_POINT('',(11.8162234701893,-30.0197268287096,1.5));
#7302=CARTESIAN_POINT('Origin',(11.1321831835379,-28.1403415871378,1.5));
#7303=CARTESIAN_POINT('',(11.1321831835379,-28.1403415871378,1.5));
#7304=CARTESIAN_POINT('',(11.8162234701893,-30.0197268287096,1.5));
#7305=CARTESIAN_POINT('',(11.1321831835379,-28.1403415871378,2.5));
#7306=CARTESIAN_POINT('',(11.8162234701893,-30.0197268287096,2.5));
#7307=CARTESIAN_POINT('',(11.1321831835379,-28.1403415871378,1.5));
#7308=CARTESIAN_POINT('Origin',(12.0718758043238,-27.7983214438121,1.5));
#7309=CARTESIAN_POINT('',(11.1321831835379,-28.1403415871378,1.5));
#7310=CARTESIAN_POINT('',(11.1321831835379,-28.1403415871378,2.5));
#7311=CARTESIAN_POINT('Origin',(11.9440496372566,-28.9090241362609,2.5));
#7312=CARTESIAN_POINT('Origin',(11.9440496372566,-28.9090241362609,1.5));
#7313=CARTESIAN_POINT('Origin',(20.002424495393,-25.36498933037,1.5));
#7314=CARTESIAN_POINT('',(18.8552716226909,-23.726685241792,1.5));
#7315=CARTESIAN_POINT('',(20.002424495393,-25.36498933037,1.5));
#7316=CARTESIAN_POINT('',(18.8552716226909,-23.726685241792,1.5));
#7317=CARTESIAN_POINT('',(18.8552716226909,-23.726685241792,2.5));
#7318=CARTESIAN_POINT('',(18.8552716226909,-23.726685241792,1.5));
#7319=CARTESIAN_POINT('',(20.002424495393,-25.36498933037,2.5));
#7320=CARTESIAN_POINT('',(18.8552716226909,-23.726685241792,2.5));
#7321=CARTESIAN_POINT('',(20.002424495393,-25.36498933037,1.5));
#7322=CARTESIAN_POINT('Origin',(19.183272451104,-25.9385657667211,1.5));
#7323=CARTESIAN_POINT('',(19.183272451104,-25.9385657667211,1.5));
#7324=CARTESIAN_POINT('',(20.002424495393,-25.36498933037,1.5));
#7325=CARTESIAN_POINT('',(19.183272451104,-25.9385657667211,2.5));
#7326=CARTESIAN_POINT('',(20.002424495393,-25.36498933037,2.5));
#7327=CARTESIAN_POINT('',(19.183272451104,-25.9385657667211,1.5));
#7328=CARTESIAN_POINT('Origin',(18.0361195784019,-24.3002616781431,1.5));
#7329=CARTESIAN_POINT('',(18.0361195784019,-24.3002616781431,1.5));
#7330=CARTESIAN_POINT('',(19.183272451104,-25.9385657667211,1.5));
#7331=CARTESIAN_POINT('',(18.0361195784019,-24.3002616781431,2.5));
#7332=CARTESIAN_POINT('',(19.183272451104,-25.9385657667211,2.5));
#7333=CARTESIAN_POINT('',(18.0361195784019,-24.3002616781431,1.5));
#7334=CARTESIAN_POINT('Origin',(18.8552716226909,-23.726685241792,1.5));
#7335=CARTESIAN_POINT('',(18.0361195784019,-24.3002616781431,1.5));
#7336=CARTESIAN_POINT('',(18.0361195784019,-24.3002616781431,2.5));
#7337=CARTESIAN_POINT('Origin',(19.0192720368975,-24.8326255042566,2.5));
#7338=CARTESIAN_POINT('Origin',(19.0192720368975,-24.8326255042566,1.5));
#7339=CARTESIAN_POINT('Origin',(25.8858007260192,-19.3236898701182,1.5));
#7340=CARTESIAN_POINT('',(24.3537118397812,-18.0381146507451,1.5));
#7341=CARTESIAN_POINT('',(25.8858007260192,-19.3236898701182,1.5));
#7342=CARTESIAN_POINT('',(24.3537118397812,-18.0381146507451,1.5));
#7343=CARTESIAN_POINT('',(24.3537118397812,-18.0381146507451,2.5));
#7344=CARTESIAN_POINT('',(24.3537118397812,-18.0381146507451,1.5));
#7345=CARTESIAN_POINT('',(25.8858007260192,-19.3236898701182,2.5));
#7346=CARTESIAN_POINT('',(24.3537118397812,-18.0381146507451,2.5));
#7347=CARTESIAN_POINT('',(25.8858007260192,-19.3236898701182,1.5));
#7348=CARTESIAN_POINT('Origin',(25.2430131163326,-20.0897343132372,1.5));
#7349=CARTESIAN_POINT('',(25.2430131163326,-20.0897343132372,1.5));
#7350=CARTESIAN_POINT('',(25.8858007260192,-19.3236898701182,1.5));
#7351=CARTESIAN_POINT('',(25.2430131163326,-20.0897343132372,2.5));
#7352=CARTESIAN_POINT('',(25.8858007260192,-19.3236898701182,2.5));
#7353=CARTESIAN_POINT('',(25.2430131163326,-20.0897343132372,1.5));
#7354=CARTESIAN_POINT('Origin',(23.7109242300947,-18.8041590938641,1.5));
#7355=CARTESIAN_POINT('',(23.7109242300947,-18.8041590938641,1.5));
#7356=CARTESIAN_POINT('',(25.2430131163326,-20.0897343132372,1.5));
#7357=CARTESIAN_POINT('',(23.7109242300947,-18.8041590938641,2.5));
#7358=CARTESIAN_POINT('',(25.2430131163326,-20.0897343132372,2.5));
#7359=CARTESIAN_POINT('',(23.7109242300947,-18.8041590938641,1.5));
#7360=CARTESIAN_POINT('Origin',(24.3537118397812,-18.0381146507451,1.5));
#7361=CARTESIAN_POINT('',(23.7109242300947,-18.8041590938641,1.5));
#7362=CARTESIAN_POINT('',(23.7109242300947,-18.8041590938641,2.5));
#7363=CARTESIAN_POINT('Origin',(24.7983624780569,-19.0639244819911,2.5));
#7364=CARTESIAN_POINT('Origin',(24.7983624780569,-19.0639244819911,1.5));
#7365=CARTESIAN_POINT('Origin',(30.0051024154755,-11.9655128791252,1.5));
#7366=CARTESIAN_POINT('',(28.1924868414022,-11.1202763556438,1.5));
#7367=CARTESIAN_POINT('',(30.0051024154755,-11.9655128791252,1.5));
#7368=CARTESIAN_POINT('',(28.1924868414022,-11.1202763556438,1.5));
#7369=CARTESIAN_POINT('',(28.1924868414022,-11.1202763556438,2.5));
#7370=CARTESIAN_POINT('',(28.1924868414022,-11.1202763556438,1.5));
#7371=CARTESIAN_POINT('',(30.0051024154755,-11.9655128791252,2.5));
#7372=CARTESIAN_POINT('',(28.1924868414022,-11.1202763556438,2.5));
#7373=CARTESIAN_POINT('',(30.0051024154755,-11.9655128791252,1.5));
#7374=CARTESIAN_POINT('Origin',(29.5824841537348,-12.8718206661618,1.5));
#7375=CARTESIAN_POINT('',(29.5824841537348,-12.8718206661618,1.5));
#7376=CARTESIAN_POINT('',(30.0051024154755,-11.9655128791252,1.5));
#7377=CARTESIAN_POINT('',(29.5824841537348,-12.8718206661618,2.5));
#7378=CARTESIAN_POINT('',(30.0051024154755,-11.9655128791252,2.5));
#7379=CARTESIAN_POINT('',(29.5824841537348,-12.8718206661618,1.5));
#7380=CARTESIAN_POINT('Origin',(27.7698685796615,-12.0265841426804,1.5));
#7381=CARTESIAN_POINT('',(27.7698685796615,-12.0265841426804,1.5));
#7382=CARTESIAN_POINT('',(29.5824841537348,-12.8718206661618,1.5));
#7383=CARTESIAN_POINT('',(27.7698685796615,-12.0265841426804,2.5));
#7384=CARTESIAN_POINT('',(29.5824841537348,-12.8718206661618,2.5));
#7385=CARTESIAN_POINT('',(27.7698685796615,-12.0265841426804,1.5));
#7386=CARTESIAN_POINT('Origin',(28.1924868414022,-11.1202763556438,1.5));
#7387=CARTESIAN_POINT('',(27.7698685796615,-12.0265841426804,1.5));
#7388=CARTESIAN_POINT('',(27.7698685796615,-12.0265841426804,2.5));
#7389=CARTESIAN_POINT('Origin',(28.8874854975685,-11.9960485109028,2.5));
#7390=CARTESIAN_POINT('Origin',(28.8874854975685,-11.9960485109028,1.5));
#7391=CARTESIAN_POINT('Origin',(31.9679373745182,4.64011308510545,1.5));
#7392=CARTESIAN_POINT('',(29.9755479783347,4.46580159961013,1.5));
#7393=CARTESIAN_POINT('',(31.9679373745182,4.64011308510545,1.5));
#7394=CARTESIAN_POINT('',(29.9755479783347,4.46580159961013,1.5));
#7395=CARTESIAN_POINT('',(29.9755479783347,4.46580159961013,2.5));
#7396=CARTESIAN_POINT('',(29.9755479783347,4.46580159961013,1.5));
#7397=CARTESIAN_POINT('',(31.9679373745182,4.64011308510545,2.5));
#7398=CARTESIAN_POINT('',(29.9755479783347,4.46580159961013,2.5));
#7399=CARTESIAN_POINT('',(31.9679373745182,4.64011308510545,1.5));
#7400=CARTESIAN_POINT('Origin',(32.0550931172658,3.64391838701371,1.5));
#7401=CARTESIAN_POINT('',(32.0550931172658,3.64391838701371,1.5));
#7402=CARTESIAN_POINT('',(31.9679373745182,4.64011308510545,1.5));
#7403=CARTESIAN_POINT('',(32.0550931172658,3.64391838701371,2.5));
#7404=CARTESIAN_POINT('',(31.9679373745182,4.64011308510545,2.5));
#7405=CARTESIAN_POINT('',(32.0550931172658,3.64391838701371,1.5));
#7406=CARTESIAN_POINT('Origin',(30.0627037210823,3.46960690151839,1.5));
#7407=CARTESIAN_POINT('',(30.0627037210823,3.46960690151839,1.5));
#7408=CARTESIAN_POINT('',(32.0550931172658,3.64391838701371,1.5));
#7409=CARTESIAN_POINT('',(30.0627037210823,3.46960690151839,2.5));
#7410=CARTESIAN_POINT('',(32.0550931172658,3.64391838701371,2.5));
#7411=CARTESIAN_POINT('',(30.0627037210823,3.46960690151839,1.5));
#7412=CARTESIAN_POINT('Origin',(29.9755479783347,4.46580159961013,1.5));
#7413=CARTESIAN_POINT('',(30.0627037210823,3.46960690151839,1.5));
#7414=CARTESIAN_POINT('',(30.0627037210823,3.46960690151839,2.5));
#7415=CARTESIAN_POINT('Origin',(31.0153205478003,4.05485999331192,2.5));
#7416=CARTESIAN_POINT('Origin',(31.0153205478003,4.05485999331192,1.5));
#7417=CARTESIAN_POINT('Origin',(29.677706685384,12.7559160909752,1.5));
#7418=CARTESIAN_POINT('',(27.7983214438121,12.0718758043238,1.5));
#7419=CARTESIAN_POINT('',(29.677706685384,12.7559160909752,1.5));
#7420=CARTESIAN_POINT('',(27.7983214438121,12.0718758043238,1.5));
#7421=CARTESIAN_POINT('',(27.7983214438121,12.0718758043238,2.5));
#7422=CARTESIAN_POINT('',(27.7983214438121,12.0718758043238,1.5));
#7423=CARTESIAN_POINT('',(29.677706685384,12.7559160909752,2.5));
#7424=CARTESIAN_POINT('',(27.7983214438121,12.0718758043238,2.5));
#7425=CARTESIAN_POINT('',(29.677706685384,12.7559160909752,1.5));
#7426=CARTESIAN_POINT('Origin',(30.0197268287096,11.8162234701893,1.5));
#7427=CARTESIAN_POINT('',(30.0197268287096,11.8162234701893,1.5));
#7428=CARTESIAN_POINT('',(29.677706685384,12.7559160909752,1.5));
#7429=CARTESIAN_POINT('',(30.0197268287096,11.8162234701893,2.5));
#7430=CARTESIAN_POINT('',(29.677706685384,12.7559160909752,2.5));
#7431=CARTESIAN_POINT('',(30.0197268287096,11.8162234701893,1.5));
#7432=CARTESIAN_POINT('Origin',(28.1403415871378,11.1321831835379,1.5));
#7433=CARTESIAN_POINT('',(28.1403415871378,11.1321831835379,1.5));
#7434=CARTESIAN_POINT('',(30.0197268287096,11.8162234701893,1.5));
#7435=CARTESIAN_POINT('',(28.1403415871378,11.1321831835379,2.5));
#7436=CARTESIAN_POINT('',(30.0197268287096,11.8162234701893,2.5));
#7437=CARTESIAN_POINT('',(28.1403415871378,11.1321831835379,1.5));
#7438=CARTESIAN_POINT('Origin',(27.7983214438121,12.0718758043238,1.5));
#7439=CARTESIAN_POINT('',(28.1403415871378,11.1321831835379,1.5));
#7440=CARTESIAN_POINT('',(28.1403415871378,11.1321831835379,2.5));
#7441=CARTESIAN_POINT('Origin',(28.9090241362609,11.9440496372566,2.5));
#7442=CARTESIAN_POINT('Origin',(28.9090241362609,11.9440496372566,1.5));
#7443=CARTESIAN_POINT('Origin',(25.36498933037,20.002424495393,1.5));
#7444=CARTESIAN_POINT('',(23.726685241792,18.8552716226909,1.5));
#7445=CARTESIAN_POINT('',(25.36498933037,20.002424495393,1.5));
#7446=CARTESIAN_POINT('',(23.726685241792,18.8552716226909,1.5));
#7447=CARTESIAN_POINT('',(23.726685241792,18.8552716226909,2.5));
#7448=CARTESIAN_POINT('',(23.726685241792,18.8552716226909,1.5));
#7449=CARTESIAN_POINT('',(25.36498933037,20.002424495393,2.5));
#7450=CARTESIAN_POINT('',(23.726685241792,18.8552716226909,2.5));
#7451=CARTESIAN_POINT('',(25.36498933037,20.002424495393,1.5));
#7452=CARTESIAN_POINT('Origin',(25.9385657667211,19.183272451104,1.5));
#7453=CARTESIAN_POINT('',(25.9385657667211,19.183272451104,1.5));
#7454=CARTESIAN_POINT('',(25.36498933037,20.002424495393,1.5));
#7455=CARTESIAN_POINT('',(25.9385657667211,19.183272451104,2.5));
#7456=CARTESIAN_POINT('',(25.36498933037,20.002424495393,2.5));
#7457=CARTESIAN_POINT('',(25.9385657667211,19.183272451104,1.5));
#7458=CARTESIAN_POINT('Origin',(24.3002616781431,18.0361195784019,1.5));
#7459=CARTESIAN_POINT('',(24.3002616781431,18.0361195784019,1.5));
#7460=CARTESIAN_POINT('',(25.9385657667211,19.183272451104,1.5));
#7461=CARTESIAN_POINT('',(24.3002616781431,18.0361195784019,2.5));
#7462=CARTESIAN_POINT('',(25.9385657667211,19.183272451104,2.5));
#7463=CARTESIAN_POINT('',(24.3002616781431,18.0361195784019,1.5));
#7464=CARTESIAN_POINT('Origin',(23.726685241792,18.8552716226909,1.5));
#7465=CARTESIAN_POINT('',(24.3002616781431,18.0361195784019,1.5));
#7466=CARTESIAN_POINT('',(24.3002616781431,18.0361195784019,2.5));
#7467=CARTESIAN_POINT('Origin',(24.8326255042566,19.0192720368975,2.5));
#7468=CARTESIAN_POINT('Origin',(24.8326255042566,19.0192720368975,1.5));
#7469=CARTESIAN_POINT('Origin',(19.3236898701182,25.8858007260192,1.5));
#7470=CARTESIAN_POINT('',(18.0381146507451,24.3537118397812,1.5));
#7471=CARTESIAN_POINT('',(19.3236898701182,25.8858007260192,1.5));
#7472=CARTESIAN_POINT('',(18.0381146507451,24.3537118397812,1.5));
#7473=CARTESIAN_POINT('',(18.0381146507451,24.3537118397812,2.5));
#7474=CARTESIAN_POINT('',(18.0381146507451,24.3537118397812,1.5));
#7475=CARTESIAN_POINT('',(19.3236898701182,25.8858007260192,2.5));
#7476=CARTESIAN_POINT('',(18.0381146507451,24.3537118397812,2.5));
#7477=CARTESIAN_POINT('',(19.3236898701182,25.8858007260192,1.5));
#7478=CARTESIAN_POINT('Origin',(20.0897343132372,25.2430131163326,1.5));
#7479=CARTESIAN_POINT('',(20.0897343132372,25.2430131163326,1.5));
#7480=CARTESIAN_POINT('',(19.3236898701182,25.8858007260192,1.5));
#7481=CARTESIAN_POINT('',(20.0897343132372,25.2430131163326,2.5));
#7482=CARTESIAN_POINT('',(19.3236898701182,25.8858007260192,2.5));
#7483=CARTESIAN_POINT('',(20.0897343132372,25.2430131163326,1.5));
#7484=CARTESIAN_POINT('Origin',(18.8041590938641,23.7109242300947,1.5));
#7485=CARTESIAN_POINT('',(18.8041590938641,23.7109242300947,1.5));
#7486=CARTESIAN_POINT('',(20.0897343132372,25.2430131163326,1.5));
#7487=CARTESIAN_POINT('',(18.8041590938641,23.7109242300947,2.5));
#7488=CARTESIAN_POINT('',(20.0897343132372,25.2430131163326,2.5));
#7489=CARTESIAN_POINT('',(18.8041590938641,23.7109242300947,1.5));
#7490=CARTESIAN_POINT('Origin',(18.0381146507451,24.3537118397812,1.5));
#7491=CARTESIAN_POINT('',(18.8041590938641,23.7109242300947,1.5));
#7492=CARTESIAN_POINT('',(18.8041590938641,23.7109242300947,2.5));
#7493=CARTESIAN_POINT('Origin',(19.0639244819911,24.7983624780569,2.5));
#7494=CARTESIAN_POINT('Origin',(19.0639244819911,24.7983624780569,1.5));
#7495=CARTESIAN_POINT('Origin',(11.9655128791252,30.0051024154755,1.5));
#7496=CARTESIAN_POINT('',(11.1202763556438,28.1924868414022,1.5));
#7497=CARTESIAN_POINT('',(11.9655128791252,30.0051024154755,1.5));
#7498=CARTESIAN_POINT('',(11.1202763556438,28.1924868414022,1.5));
#7499=CARTESIAN_POINT('',(11.1202763556438,28.1924868414022,2.5));
#7500=CARTESIAN_POINT('',(11.1202763556438,28.1924868414022,1.5));
#7501=CARTESIAN_POINT('',(11.9655128791252,30.0051024154755,2.5));
#7502=CARTESIAN_POINT('',(11.1202763556438,28.1924868414022,2.5));
#7503=CARTESIAN_POINT('',(11.9655128791252,30.0051024154755,1.5));
#7504=CARTESIAN_POINT('Origin',(12.8718206661618,29.5824841537348,1.5));
#7505=CARTESIAN_POINT('',(12.8718206661618,29.5824841537348,1.5));
#7506=CARTESIAN_POINT('',(11.9655128791252,30.0051024154755,1.5));
#7507=CARTESIAN_POINT('',(12.8718206661618,29.5824841537348,2.5));
#7508=CARTESIAN_POINT('',(11.9655128791252,30.0051024154755,2.5));
#7509=CARTESIAN_POINT('',(12.8718206661618,29.5824841537348,1.5));
#7510=CARTESIAN_POINT('Origin',(12.0265841426804,27.7698685796615,1.5));
#7511=CARTESIAN_POINT('',(12.0265841426804,27.7698685796615,1.5));
#7512=CARTESIAN_POINT('',(12.8718206661618,29.5824841537348,1.5));
#7513=CARTESIAN_POINT('',(12.0265841426804,27.7698685796615,2.5));
#7514=CARTESIAN_POINT('',(12.8718206661618,29.5824841537348,2.5));
#7515=CARTESIAN_POINT('',(12.0265841426804,27.7698685796615,1.5));
#7516=CARTESIAN_POINT('Origin',(11.1202763556438,28.1924868414022,1.5));
#7517=CARTESIAN_POINT('',(12.0265841426804,27.7698685796615,1.5));
#7518=CARTESIAN_POINT('',(12.0265841426804,27.7698685796615,2.5));
#7519=CARTESIAN_POINT('Origin',(11.9960485109028,28.8874854975685,2.5));
#7520=CARTESIAN_POINT('Origin',(11.9960485109028,28.8874854975685,1.5));
#7521=CARTESIAN_POINT('Origin',(-2.76737050308125,-32.3693175184921,0.));
#7522=CARTESIAN_POINT('',(-2.76737050308125,-29.3693175184921,0.));
#7523=CARTESIAN_POINT('',(-2.76737050308125,-32.3693175184921,0.));
#7524=CARTESIAN_POINT('',(-2.76737050308125,-29.3693175184921,0.));
#7525=CARTESIAN_POINT('',(-2.76737050308125,-29.3693175184921,-0.1));
#7526=CARTESIAN_POINT('',(-2.76737050308125,-29.3693175184921,0.));
#7527=CARTESIAN_POINT('',(-2.76737050308125,-32.3693175184921,-0.1));
#7528=CARTESIAN_POINT('',(-2.76737050308125,-29.3693175184921,-0.1));
#7529=CARTESIAN_POINT('',(-2.76737050308125,-32.3693175184921,0.));
#7530=CARTESIAN_POINT('Origin',(-1.76737050308125,-32.3693175184921,0.));
#7531=CARTESIAN_POINT('',(-1.76737050308125,-32.3693175184921,0.));
#7532=CARTESIAN_POINT('',(-2.76737050308125,-32.3693175184921,0.));
#7533=CARTESIAN_POINT('',(-1.76737050308125,-32.3693175184921,-0.1));
#7534=CARTESIAN_POINT('',(-2.76737050308125,-32.3693175184921,-0.1));
#7535=CARTESIAN_POINT('',(-1.76737050308125,-32.3693175184921,0.));
#7536=CARTESIAN_POINT('Origin',(-1.76737050308125,-29.3693175184921,0.));
#7537=CARTESIAN_POINT('',(-1.76737050308125,-29.3693175184921,0.));
#7538=CARTESIAN_POINT('',(-1.76737050308125,-32.3693175184921,0.));
#7539=CARTESIAN_POINT('',(-1.76737050308125,-29.3693175184921,-0.1));
#7540=CARTESIAN_POINT('',(-1.76737050308125,-32.3693175184921,-0.1));
#7541=CARTESIAN_POINT('',(-1.76737050308125,-29.3693175184921,0.));
#7542=CARTESIAN_POINT('Origin',(-2.76737050308125,-29.3693175184921,0.));
#7543=CARTESIAN_POINT('',(-1.76737050308125,-29.3693175184921,0.));
#7544=CARTESIAN_POINT('',(-1.76737050308125,-29.3693175184921,-0.1));
#7545=CARTESIAN_POINT('Origin',(-2.26737050308125,-30.8693175184921,-0.1));
#7546=CARTESIAN_POINT('Origin',(-2.26737050308125,-30.8693175184921,0.));
#7547=CARTESIAN_POINT('Origin',(-1.17196303372121,-32.4176631993818,0.));
#7548=CARTESIAN_POINT('',(-1.17196303372121,-29.4176631993818,0.));
#7549=CARTESIAN_POINT('',(-1.17196303372121,-32.4176631993818,0.));
#7550=CARTESIAN_POINT('',(-1.17196303372121,-29.4176631993818,0.));
#7551=CARTESIAN_POINT('',(-1.17196303372121,-29.4176631993818,-0.1));
#7552=CARTESIAN_POINT('',(-1.17196303372121,-29.4176631993818,0.));
#7553=CARTESIAN_POINT('',(-1.17196303372121,-32.4176631993818,-0.1));
#7554=CARTESIAN_POINT('',(-1.17196303372121,-29.4176631993818,-0.1));
#7555=CARTESIAN_POINT('',(-1.17196303372121,-32.4176631993818,0.));
#7556=CARTESIAN_POINT('Origin',(-0.171963033721211,-32.4176631993818,0.));
#7557=CARTESIAN_POINT('',(-0.171963033721211,-32.4176631993818,0.));
#7558=CARTESIAN_POINT('',(-1.17196303372121,-32.4176631993818,0.));
#7559=CARTESIAN_POINT('',(-0.171963033721211,-32.4176631993818,-0.1));
#7560=CARTESIAN_POINT('',(-1.17196303372121,-32.4176631993818,-0.1));
#7561=CARTESIAN_POINT('',(-0.171963033721211,-32.4176631993818,0.));
#7562=CARTESIAN_POINT('Origin',(-0.171963033721211,-29.4176631993818,0.));
#7563=CARTESIAN_POINT('',(-0.171963033721211,-29.4176631993818,0.));
#7564=CARTESIAN_POINT('',(-0.171963033721211,-32.4176631993818,0.));
#7565=CARTESIAN_POINT('',(-0.171963033721211,-29.4176631993818,-0.1));
#7566=CARTESIAN_POINT('',(-0.171963033721211,-32.4176631993818,-0.1));
#7567=CARTESIAN_POINT('',(-0.171963033721211,-29.4176631993818,0.));
#7568=CARTESIAN_POINT('Origin',(-1.17196303372121,-29.4176631993818,0.));
#7569=CARTESIAN_POINT('',(-0.171963033721211,-29.4176631993818,0.));
#7570=CARTESIAN_POINT('',(-0.171963033721211,-29.4176631993818,-0.1));
#7571=CARTESIAN_POINT('Origin',(-0.671963033721211,-30.9176631993818,-0.1));
#7572=CARTESIAN_POINT('Origin',(-0.671963033721211,-30.9176631993818,0.));
#7573=CARTESIAN_POINT('Origin',(0.326753073859436,-32.4660088802715,0.));
#7574=CARTESIAN_POINT('',(0.326753073859436,-29.4660088802715,0.));
#7575=CARTESIAN_POINT('',(0.326753073859436,-32.4660088802715,0.));
#7576=CARTESIAN_POINT('',(0.326753073859436,-29.4660088802715,0.));
#7577=CARTESIAN_POINT('',(0.326753073859436,-29.4660088802715,-0.1));
#7578=CARTESIAN_POINT('',(0.326753073859436,-29.4660088802715,0.));
#7579=CARTESIAN_POINT('',(0.326753073859436,-32.4660088802715,-0.1));
#7580=CARTESIAN_POINT('',(0.326753073859436,-29.4660088802715,-0.1));
#7581=CARTESIAN_POINT('',(0.326753073859436,-32.4660088802715,0.));
#7582=CARTESIAN_POINT('Origin',(1.32675307385944,-32.4660088802715,0.));
#7583=CARTESIAN_POINT('',(1.32675307385944,-32.4660088802715,0.));
#7584=CARTESIAN_POINT('',(0.326753073859436,-32.4660088802715,0.));
#7585=CARTESIAN_POINT('',(1.32675307385944,-32.4660088802715,-0.1));
#7586=CARTESIAN_POINT('',(0.326753073859436,-32.4660088802715,-0.1));
#7587=CARTESIAN_POINT('',(1.32675307385944,-32.4660088802715,0.));
#7588=CARTESIAN_POINT('Origin',(1.32675307385944,-29.4660088802715,0.));
#7589=CARTESIAN_POINT('',(1.32675307385944,-29.4660088802715,0.));
#7590=CARTESIAN_POINT('',(1.32675307385944,-32.4660088802715,0.));
#7591=CARTESIAN_POINT('',(1.32675307385944,-29.4660088802715,-0.1));
#7592=CARTESIAN_POINT('',(1.32675307385944,-32.4660088802715,-0.1));
#7593=CARTESIAN_POINT('',(1.32675307385944,-29.4660088802715,0.));
#7594=CARTESIAN_POINT('Origin',(0.326753073859436,-29.4660088802715,0.));
#7595=CARTESIAN_POINT('',(1.32675307385944,-29.4660088802715,0.));
#7596=CARTESIAN_POINT('',(1.32675307385944,-29.4660088802715,-0.1));
#7597=CARTESIAN_POINT('Origin',(0.826753073859436,-30.9660088802715,-0.1));
#7598=CARTESIAN_POINT('Origin',(0.826753073859436,-30.9660088802715,0.));
#7599=UNCERTAINTY_MEASURE_WITH_UNIT(LENGTH_MEASURE(0.01),#7603,
'DISTANCE_ACCURACY_VALUE',
'Maximum model space distance between geometric entities at asserted c
onnectivities');
#7600=UNCERTAINTY_MEASURE_WITH_UNIT(LENGTH_MEASURE(0.01),#7603,
'DISTANCE_ACCURACY_VALUE',
'Maximum model space distance between geometric entities at asserted c
onnectivities');
#7601=(
GEOMETRIC_REPRESENTATION_CONTEXT(3)
GLOBAL_UNCERTAINTY_ASSIGNED_CONTEXT((#7599))
GLOBAL_UNIT_ASSIGNED_CONTEXT((#7603,#7605,#7606))
REPRESENTATION_CONTEXT('','3D')
);
#7602=(
GEOMETRIC_REPRESENTATION_CONTEXT(3)
GLOBAL_UNCERTAINTY_ASSIGNED_CONTEXT((#7600))
GLOBAL_UNIT_ASSIGNED_CONTEXT((#7603,#7605,#7606))
REPRESENTATION_CONTEXT('','3D')
);
#7603=(
LENGTH_UNIT()
NAMED_UNIT(*)
SI_UNIT(.MILLI.,.METRE.)
);
#7604=(
LENGTH_UNIT()
NAMED_UNIT(*)
SI_UNIT($,.METRE.)
);
#7605=(
NAMED_UNIT(*)
PLANE_ANGLE_UNIT()
SI_UNIT($,.RADIAN.)
);
#7606=(
NAMED_UNIT(*)
SI_UNIT($,.STERADIAN.)
SOLID_ANGLE_UNIT()
);
#7607=SHAPE_DEFINITION_REPRESENTATION(#7608,#7609);
#7608=PRODUCT_DEFINITION_SHAPE('',$,#7611);
#7609=SHAPE_REPRESENTATION('',(#4779),#7601);
#7610=PRODUCT_DEFINITION_CONTEXT('part definition',#7615,'design');
#7611=PRODUCT_DEFINITION('Neopixel Ring 24','Neopixel Ring 24 v13',#7612,
#7610);
#7612=PRODUCT_DEFINITION_FORMATION('',$,#7617);
#7613=PRODUCT_RELATED_PRODUCT_CATEGORY('Neopixel Ring 24 v13',
'Neopixel Ring 24 v13',(#7617));
#7614=APPLICATION_PROTOCOL_DEFINITION('international standard',
'automotive_design',2009,#7615);
#7615=APPLICATION_CONTEXT(
'Core Data for Automotive Mechanical Design Process');
#7616=PRODUCT_CONTEXT('part definition',#7615,'mechanical');
#7617=PRODUCT('Neopixel Ring 24','Neopixel Ring 24 v13',$,(#7616));
#7618=PRESENTATION_STYLE_ASSIGNMENT((#7620));
#7619=PRESENTATION_STYLE_ASSIGNMENT((#7621));
#7620=SURFACE_STYLE_USAGE(.BOTH.,#7622);
#7621=SURFACE_STYLE_USAGE(.BOTH.,#7623);
#7622=SURFACE_SIDE_STYLE('',(#7624));
#7623=SURFACE_SIDE_STYLE('',(#7625));
#7624=SURFACE_STYLE_FILL_AREA(#7626);
#7625=SURFACE_STYLE_FILL_AREA(#7627);
#7626=FILL_AREA_STYLE('Steel - Satin',(#7628));
#7627=FILL_AREA_STYLE('ABS (White)',(#7629));
#7628=FILL_AREA_STYLE_COLOUR('Steel - Satin',#7630);
#7629=FILL_AREA_STYLE_COLOUR('ABS (White)',#7631);
#7630=COLOUR_RGB('Steel - Satin',0.627450980392157,0.627450980392157,0.627450980392157);
#7631=COLOUR_RGB('ABS (White)',0.964705882352941,0.964705882352941,0.952941176470588);
ENDSEC;
END-ISO-10303-21;
